gene,benchmark_role,candidate_role,mutation,mutation_kind,resistance_label,functional_state,evidence_code,final_status,evo_delta,stability_score,ptm,iptm,plddt,synergy_score,synergy_tags,paper_note,interpretation_excerpt
Rv0678,primary_bdq,regulatory_resistance_candidate,RV0678_MMPL5_INTERGENIC:G160T,regulatory,RESISTANT,LOSS_OF_FUNCTION,NEGATIVE_LOF_REVIEWED,LOSS_OF_FUNCTION,-26.363037109375,,,,,-0.5942862443187089,EFFLUX_WEIGHTED,"regulatory/intergenic resistance candidate; use as curated extensibility example, not broad regulatory validation","Resistant by short-circuit (NEGATIVE logic): function collapse delta=-26.36 < -8.0; skip Boltz-2; Rv0678 resistance discounted by explicit efflux stability-loss evidence: final_score=0.70, loss_rate=0.30; Rv0678 resistance discounted by exp"
Rv0678,primary_bdq,regulatory_resistance_candidate,RV0678_MMPL5_INTERGENIC:C163T,regulatory,RESISTANT,LOSS_OF_FUNCTION,NEGATIVE_LOF_REVIEWED,LOSS_OF_FUNCTION,-25.646728515625,,,,,-0.5942862443187089,EFFLUX_WEIGHTED,"regulatory/intergenic resistance candidate; use as curated extensibility example, not broad regulatory validation","Resistant by short-circuit (NEGATIVE logic): function collapse delta=-25.65 < -8.0; skip Boltz-2; Rv0678 resistance discounted by explicit efflux stability-loss evidence: final_score=0.70, loss_rate=0.30; Rv0678 resistance discounted by exp"
Rv0678,primary_bdq,regulatory_resistance_candidate,RV0678_MMPL5_INTERGENIC:C162T,regulatory,RESISTANT,LOSS_OF_FUNCTION,NEGATIVE_LOF_REVIEWED,LOSS_OF_FUNCTION,-25.6322021484375,,,,,-0.5942862443187089,EFFLUX_WEIGHTED,"regulatory/intergenic resistance candidate; use as curated extensibility example, not broad regulatory validation","Resistant by short-circuit (NEGATIVE logic): function collapse delta=-25.63 < -8.0; skip Boltz-2; Rv0678 resistance discounted by explicit efflux stability-loss evidence: final_score=0.70, loss_rate=0.30; Rv0678 resistance discounted by exp"
Rv0678,primary_bdq,regulatory_resistance_candidate,RV0678_MMPL5_INTERGENIC:G191A,regulatory,RESISTANT,LOSS_OF_FUNCTION,NEGATIVE_LOF_REVIEWED,LOSS_OF_FUNCTION,-24.3370361328125,,,,,-0.5942862443187089,EFFLUX_WEIGHTED,"regulatory/intergenic resistance candidate; use as curated extensibility example, not broad regulatory validation","Resistant by short-circuit (NEGATIVE logic): function collapse delta=-24.34 < -8.0; skip Boltz-2; Rv0678 resistance discounted by explicit efflux stability-loss evidence: final_score=0.70, loss_rate=0.30; Rv0678 resistance discounted by exp"
Rv0678,primary_bdq,regulatory_resistance_candidate,RV0678_MMPL5_INTERGENIC:T31C,regulatory,RESISTANT,LOSS_OF_FUNCTION,NEGATIVE_LOF_REVIEWED,LOSS_OF_FUNCTION,-24.0079345703125,,,,,-0.5942862443187089,EFFLUX_WEIGHTED,"regulatory/intergenic resistance candidate; use as curated extensibility example, not broad regulatory validation","Resistant by short-circuit (NEGATIVE logic): function collapse delta=-24.01 < -8.0; skip Boltz-2; Rv0678 resistance discounted by explicit efflux stability-loss evidence: final_score=0.70, loss_rate=0.30; Rv0678 resistance discounted by exp"
Rv0678,primary_bdq,regulatory_resistance_candidate,RV0678_MMPL5_INTERGENIC:T149A,regulatory,RESISTANT,LOSS_OF_FUNCTION,NEGATIVE_LOF_REVIEWED,LOSS_OF_FUNCTION,-23.3148193359375,,,,,-0.5942862443187089,EFFLUX_WEIGHTED,"regulatory/intergenic resistance candidate; use as curated extensibility example, not broad regulatory validation","Resistant by short-circuit (NEGATIVE logic): function collapse delta=-23.31 < -8.0; skip Boltz-2; Rv0678 resistance discounted by explicit efflux stability-loss evidence: final_score=0.70, loss_rate=0.30; Rv0678 resistance discounted by exp"
Rv0678,primary_bdq,regulatory_resistance_candidate,RV0678_MMPL5_INTERGENIC:C323A,regulatory,RESISTANT,LOSS_OF_FUNCTION,NEGATIVE_LOF_REVIEWED,LOSS_OF_FUNCTION,-22.893310546875,,,,,-0.5942862443187089,EFFLUX_WEIGHTED,"regulatory/intergenic resistance candidate; use as curated extensibility example, not broad regulatory validation","Resistant by short-circuit (NEGATIVE logic): function collapse delta=-22.89 < -8.0; skip Boltz-2; Rv0678 resistance discounted by explicit efflux stability-loss evidence: final_score=0.70, loss_rate=0.30; Rv0678 resistance discounted by exp"
Rv0678,primary_bdq,regulatory_resistance_candidate,RV0678_MMPL5_INTERGENIC:A382C,regulatory,RESISTANT,LOSS_OF_FUNCTION,NEGATIVE_LOF_REVIEWED,LOSS_OF_FUNCTION,-22.426513671875,,,,,-0.5942862443187089,EFFLUX_WEIGHTED,"regulatory/intergenic resistance candidate; use as curated extensibility example, not broad regulatory validation","Resistant by short-circuit (NEGATIVE logic): function collapse delta=-22.43 < -8.0; skip Boltz-2; Rv0678 resistance discounted by explicit efflux stability-loss evidence: final_score=0.70, loss_rate=0.30; Rv0678 resistance discounted by exp"
Rv0678,primary_bdq,regulatory_resistance_candidate,RV0678_MMPL5_INTERGENIC:T197A,regulatory,RESISTANT,LOSS_OF_FUNCTION,NEGATIVE_LOF_REVIEWED,LOSS_OF_FUNCTION,-21.5592041015625,,,,,-0.5942862443187089,EFFLUX_WEIGHTED,"regulatory/intergenic resistance candidate; use as curated extensibility example, not broad regulatory validation","Resistant by short-circuit (NEGATIVE logic): function collapse delta=-21.56 < -8.0; skip Boltz-2; Rv0678 resistance discounted by explicit efflux stability-loss evidence: final_score=0.70, loss_rate=0.30; Rv0678 resistance discounted by exp"
Rv0678,primary_bdq,regulatory_resistance_candidate,RV0678_MMPL5_INTERGENIC:A373T,regulatory,RESISTANT,LOSS_OF_FUNCTION,NEGATIVE_LOF_REVIEWED,LOSS_OF_FUNCTION,-21.512451171875,,,,,-0.5942862443187089,EFFLUX_WEIGHTED,"regulatory/intergenic resistance candidate; use as curated extensibility example, not broad regulatory validation","Resistant by short-circuit (NEGATIVE logic): function collapse delta=-21.51 < -8.0; skip Boltz-2; Rv0678 resistance discounted by explicit efflux stability-loss evidence: final_score=0.70, loss_rate=0.30; Rv0678 resistance discounted by exp"
Rv0678,primary_bdq,regulatory_resistance_candidate,RV0678_MMPL5_INTERGENIC:A151T,regulatory,RESISTANT,LOSS_OF_FUNCTION,NEGATIVE_LOF_REVIEWED,LOSS_OF_FUNCTION,-19.3043212890625,,,,,-0.5942862443187089,EFFLUX_WEIGHTED,"regulatory/intergenic resistance candidate; use as curated extensibility example, not broad regulatory validation","Resistant by short-circuit (NEGATIVE logic): function collapse delta=-19.30 < -8.0; skip Boltz-2; Rv0678 resistance discounted by explicit efflux stability-loss evidence: final_score=0.70, loss_rate=0.30; Rv0678 resistance discounted by exp"
Rv0678,primary_bdq,regulatory_resistance_candidate,RV0678_MMPL5_INTERGENIC:A376T,regulatory,RESISTANT,LOSS_OF_FUNCTION,NEGATIVE_LOF_REVIEWED,LOSS_OF_FUNCTION,-18.737060546875,,,,,-0.5942862443187089,EFFLUX_WEIGHTED,"regulatory/intergenic resistance candidate; use as curated extensibility example, not broad regulatory validation","Resistant by short-circuit (NEGATIVE logic): function collapse delta=-18.74 < -8.0; skip Boltz-2; Rv0678 resistance discounted by explicit efflux stability-loss evidence: final_score=0.70, loss_rate=0.30; Rv0678 resistance discounted by exp"
Rv0678,primary_bdq,regulatory_resistance_candidate,RV0678_MMPL5_INTERGENIC:G110A,regulatory,RESISTANT,LOSS_OF_FUNCTION,NEGATIVE_LOF_REVIEWED,LOSS_OF_FUNCTION,-18.406005859375,,,,,-0.5942862443187089,EFFLUX_WEIGHTED,"regulatory/intergenic resistance candidate; use as curated extensibility example, not broad regulatory validation","Resistant by short-circuit (NEGATIVE logic): function collapse delta=-18.41 < -8.0; skip Boltz-2; Rv0678 resistance discounted by explicit efflux stability-loss evidence: final_score=0.70, loss_rate=0.30; Rv0678 resistance discounted by exp"
Rv0678,primary_bdq,regulatory_resistance_candidate,RV0678_MMPL5_INTERGENIC:C71A,regulatory,RESISTANT,LOSS_OF_FUNCTION,NEGATIVE_LOF_REVIEWED,LOSS_OF_FUNCTION,-17.625732421875,,,,,-0.5942862443187089,EFFLUX_WEIGHTED,"regulatory/intergenic resistance candidate; use as curated extensibility example, not broad regulatory validation","Resistant by short-circuit (NEGATIVE logic): function collapse delta=-17.63 < -8.0; skip Boltz-2; Rv0678 resistance discounted by explicit efflux stability-loss evidence: final_score=0.70, loss_rate=0.30; Rv0678 resistance discounted by exp"
Rv0678,primary_bdq,regulatory_resistance_candidate,RV0678_MMPL5_INTERGENIC:A379T,regulatory,RESISTANT,LOSS_OF_FUNCTION,NEGATIVE_LOF_REVIEWED,LOSS_OF_FUNCTION,-17.364013671875,,,,,-0.5942862443187089,EFFLUX_WEIGHTED,"regulatory/intergenic resistance candidate; use as curated extensibility example, not broad regulatory validation","Resistant by short-circuit (NEGATIVE logic): function collapse delta=-17.36 < -8.0; skip Boltz-2; Rv0678 resistance discounted by explicit efflux stability-loss evidence: final_score=0.70, loss_rate=0.30; Rv0678 resistance discounted by exp"
Rv0678,primary_bdq,regulatory_resistance_candidate,RV0678_MMPL5_INTERGENIC:C362G,regulatory,RESISTANT,LOSS_OF_FUNCTION,NEGATIVE_LOF_REVIEWED,LOSS_OF_FUNCTION,-17.299560546875,,,,,-0.5942862443187089,EFFLUX_WEIGHTED,"regulatory/intergenic resistance candidate; use as curated extensibility example, not broad regulatory validation","Resistant by short-circuit (NEGATIVE logic): function collapse delta=-17.30 < -8.0; skip Boltz-2; Rv0678 resistance discounted by explicit efflux stability-loss evidence: final_score=0.70, loss_rate=0.30; Rv0678 resistance discounted by exp"
Rv0678,primary_bdq,regulatory_resistance_candidate,RV0678_MMPL5_INTERGENIC:G114T,regulatory,RESISTANT,LOSS_OF_FUNCTION,NEGATIVE_LOF_REVIEWED,LOSS_OF_FUNCTION,-17.232421875,,,,,-0.5942862443187089,EFFLUX_WEIGHTED,"regulatory/intergenic resistance candidate; use as curated extensibility example, not broad regulatory validation","Resistant by short-circuit (NEGATIVE logic): function collapse delta=-17.23 < -8.0; skip Boltz-2; Rv0678 resistance discounted by explicit efflux stability-loss evidence: final_score=0.70, loss_rate=0.30; Rv0678 resistance discounted by exp"
Rv0678,primary_bdq,regulatory_resistance_candidate,RV0678_MMPL5_INTERGENIC:G83A,regulatory,RESISTANT,LOSS_OF_FUNCTION,NEGATIVE_LOF_REVIEWED,LOSS_OF_FUNCTION,-16.35614013671875,,,,,-0.5942862443187089,EFFLUX_WEIGHTED,"regulatory/intergenic resistance candidate; use as curated extensibility example, not broad regulatory validation","Resistant by short-circuit (NEGATIVE logic): function collapse delta=-16.36 < -8.0; skip Boltz-2; Rv0678 resistance discounted by explicit efflux stability-loss evidence: final_score=0.70, loss_rate=0.30; Rv0678 resistance discounted by exp"
Rv0678,primary_bdq,regulatory_resistance_candidate,RV0678_MMPL5_INTERGENIC:A367T,regulatory,RESISTANT,LOSS_OF_FUNCTION,NEGATIVE_LOF_REVIEWED,LOSS_OF_FUNCTION,-15.86962890625,,,,,-0.5942862443187089,EFFLUX_WEIGHTED,"regulatory/intergenic resistance candidate; use as curated extensibility example, not broad regulatory validation","Resistant by short-circuit (NEGATIVE logic): function collapse delta=-15.87 < -8.0; skip Boltz-2; Rv0678 resistance discounted by explicit efflux stability-loss evidence: final_score=0.70, loss_rate=0.30; Rv0678 resistance discounted by exp"
Rv0678,primary_bdq,regulatory_resistance_candidate,RV0678_MMPL5_INTERGENIC:G370T,regulatory,RESISTANT,LOSS_OF_FUNCTION,NEGATIVE_LOF_REVIEWED,LOSS_OF_FUNCTION,-15.8231201171875,,,,,-0.5942862443187089,EFFLUX_WEIGHTED,"regulatory/intergenic resistance candidate; use as curated extensibility example, not broad regulatory validation","Resistant by short-circuit (NEGATIVE logic): function collapse delta=-15.82 < -8.0; skip Boltz-2; Rv0678 resistance discounted by explicit efflux stability-loss evidence: final_score=0.70, loss_rate=0.30; Rv0678 resistance discounted by exp"
Rv0678,primary_bdq,regulatory_resistance_candidate,RV0678_MMPL5_INTERGENIC:A382T,regulatory,RESISTANT,LOSS_OF_FUNCTION,NEGATIVE_LOF_REVIEWED,LOSS_OF_FUNCTION,-15.723388671875,,,,,-0.5942862443187089,EFFLUX_WEIGHTED,"regulatory/intergenic resistance candidate; use as curated extensibility example, not broad regulatory validation","Resistant by short-circuit (NEGATIVE logic): function collapse delta=-15.72 < -8.0; skip Boltz-2; Rv0678 resistance discounted by explicit efflux stability-loss evidence: final_score=0.70, loss_rate=0.30; Rv0678 resistance discounted by exp"
Rv0678,primary_bdq,regulatory_resistance_candidate,RV0678_MMPL5_INTERGENIC:A164T,regulatory,RESISTANT,LOSS_OF_FUNCTION,NEGATIVE_LOF_REVIEWED,LOSS_OF_FUNCTION,-15.12164306640625,,,,,-0.5942862443187089,EFFLUX_WEIGHTED,"regulatory/intergenic resistance candidate; use as curated extensibility example, not broad regulatory validation","Resistant by short-circuit (NEGATIVE logic): function collapse delta=-15.12 < -8.0; skip Boltz-2; Rv0678 resistance discounted by explicit efflux stability-loss evidence: final_score=0.70, loss_rate=0.30; Rv0678 resistance discounted by exp"
Rv0678,primary_bdq,regulatory_resistance_candidate,RV0678_MMPL5_INTERGENIC:A385T,regulatory,RESISTANT,LOSS_OF_FUNCTION,NEGATIVE_LOF_REVIEWED,LOSS_OF_FUNCTION,-14.9837646484375,,,,,-0.5942862443187089,EFFLUX_WEIGHTED,"regulatory/intergenic resistance candidate; use as curated extensibility example, not broad regulatory validation","Resistant by short-circuit (NEGATIVE logic): function collapse delta=-14.98 < -8.0; skip Boltz-2; Rv0678 resistance discounted by explicit efflux stability-loss evidence: final_score=0.70, loss_rate=0.30; Rv0678 resistance discounted by exp"
Rv0678,primary_bdq,regulatory_resistance_candidate,RV0678_MMPL5_INTERGENIC:A388C,regulatory,RESISTANT,LOSS_OF_FUNCTION,NEGATIVE_LOF_REVIEWED,LOSS_OF_FUNCTION,-14.726806640625,,,,,-0.5942862443187089,EFFLUX_WEIGHTED,"regulatory/intergenic resistance candidate; use as curated extensibility example, not broad regulatory validation","Resistant by short-circuit (NEGATIVE logic): function collapse delta=-14.73 < -8.0; skip Boltz-2; Rv0678 resistance discounted by explicit efflux stability-loss evidence: final_score=0.70, loss_rate=0.30; Rv0678 resistance discounted by exp"
Rv0678,primary_bdq,regulatory_resistance_candidate,RV0678_MMPL5_INTERGENIC:G167T,regulatory,RESISTANT,LOSS_OF_FUNCTION,NEGATIVE_LOF_REVIEWED,LOSS_OF_FUNCTION,-14.69671630859375,,,,,-0.5942862443187089,EFFLUX_WEIGHTED,"regulatory/intergenic resistance candidate; use as curated extensibility example, not broad regulatory validation","Resistant by short-circuit (NEGATIVE logic): function collapse delta=-14.70 < -8.0; skip Boltz-2; Rv0678 resistance discounted by explicit efflux stability-loss evidence: final_score=0.70, loss_rate=0.30; Rv0678 resistance discounted by exp"
Rv0678,primary_bdq,resistance_candidate,L39*,truncating,RESISTANT,LOSS_OF_FUNCTION,NEGATIVE_LOF_SIGNATURE,LOSS_OF_FUNCTION,-92.26123046875,,,,,-0.5942862443187089,EFFLUX_WEIGHTED,negative-logic LoF candidate; supports mechanism-driven prioritization,"Resistant by short-circuit (NEGATIVE logic): function collapse delta=-92.26 < -8.0; skip Boltz-2; Rv0678 resistance discounted by explicit efflux stability-loss evidence: final_score=0.70, loss_rate=0.30; Rv0678 resistance discounted by exp"
Rv0678,primary_bdq,resistance_candidate,R38*,truncating,RESISTANT,LOSS_OF_FUNCTION,NEGATIVE_LOF_SIGNATURE,LOSS_OF_FUNCTION,-87.96337890625,,,,,-0.5942862443187089,EFFLUX_WEIGHTED,negative-logic LoF candidate; supports mechanism-driven prioritization,"Resistant by short-circuit (NEGATIVE logic): function collapse delta=-87.96 < -8.0; skip Boltz-2; Rv0678 resistance discounted by explicit efflux stability-loss evidence: final_score=0.70, loss_rate=0.30; Rv0678 resistance discounted by exp"
Rv0678,primary_bdq,resistance_candidate,L32*,truncating,RESISTANT,LOSS_OF_FUNCTION,NEGATIVE_LOF_SIGNATURE,LOSS_OF_FUNCTION,-86.56787109375,,,,,-0.5942862443187089,EFFLUX_WEIGHTED,negative-logic LoF candidate; supports mechanism-driven prioritization,"Resistant by short-circuit (NEGATIVE logic): function collapse delta=-86.57 < -8.0; skip Boltz-2; Rv0678 resistance discounted by explicit efflux stability-loss evidence: final_score=0.70, loss_rate=0.30; Rv0678 resistance discounted by exp"
Rv0678,primary_bdq,resistance_candidate,E28*,truncating,RESISTANT,LOSS_OF_FUNCTION,NEGATIVE_LOF_SIGNATURE,LOSS_OF_FUNCTION,-82.30810546875,,,,,-0.5942862443187089,EFFLUX_WEIGHTED,negative-logic LoF candidate; supports mechanism-driven prioritization,"Resistant by short-circuit (NEGATIVE logic): function collapse delta=-82.31 < -8.0; skip Boltz-2; Rv0678 resistance discounted by explicit efflux stability-loss evidence: final_score=0.70, loss_rate=0.30; Rv0678 resistance discounted by exp"
Rv0678,primary_bdq,resistance_candidate,L35*,truncating,RESISTANT,LOSS_OF_FUNCTION,NEGATIVE_LOF_SIGNATURE,LOSS_OF_FUNCTION,-81.86083984375,,,,,-0.5942862443187089,EFFLUX_WEIGHTED,negative-logic LoF candidate; supports mechanism-driven prioritization,"Resistant by short-circuit (NEGATIVE logic): function collapse delta=-81.86 < -8.0; skip Boltz-2; Rv0678 resistance discounted by explicit efflux stability-loss evidence: final_score=0.70, loss_rate=0.30; Rv0678 resistance discounted by exp"
Rv0678,primary_bdq,resistance_candidate,Y26*,truncating,RESISTANT,LOSS_OF_FUNCTION,NEGATIVE_LOF_SIGNATURE,LOSS_OF_FUNCTION,-79.826171875,,,,,-0.5942862443187089,EFFLUX_WEIGHTED,negative-logic LoF candidate; supports mechanism-driven prioritization,"Resistant by short-circuit (NEGATIVE logic): function collapse delta=-79.83 < -8.0; skip Boltz-2; Rv0678 resistance discounted by explicit efflux stability-loss evidence: final_score=0.70, loss_rate=0.30; Rv0678 resistance discounted by exp"
Rv0678,primary_bdq,resistance_candidate,Q22*,truncating,RESISTANT,LOSS_OF_FUNCTION,NEGATIVE_LOF_SIGNATURE,LOSS_OF_FUNCTION,-73.9580078125,,,,,-0.5942862443187089,EFFLUX_WEIGHTED,negative-logic LoF candidate; supports mechanism-driven prioritization,"Resistant by short-circuit (NEGATIVE logic): function collapse delta=-73.96 < -8.0; skip Boltz-2; Rv0678 resistance discounted by explicit efflux stability-loss evidence: final_score=0.70, loss_rate=0.30; Rv0678 resistance discounted by exp"
Rv0678,primary_bdq,resistance_candidate,E21*,truncating,RESISTANT,LOSS_OF_FUNCTION,NEGATIVE_LOF_SIGNATURE,LOSS_OF_FUNCTION,-72.9443359375,,,,,-0.5942862443187089,EFFLUX_WEIGHTED,negative-logic LoF candidate; supports mechanism-driven prioritization,"Resistant by short-circuit (NEGATIVE logic): function collapse delta=-72.94 < -8.0; skip Boltz-2; Rv0678 resistance discounted by explicit efflux stability-loss evidence: final_score=0.70, loss_rate=0.30; Rv0678 resistance discounted by exp"
Rv0678,primary_bdq,resistance_candidate,W42*,truncating,RESISTANT,LOSS_OF_FUNCTION,NEGATIVE_LOF_SIGNATURE,LOSS_OF_FUNCTION,-63.54541015625,,,,,-0.5942862443187089,EFFLUX_WEIGHTED,negative-logic LoF candidate; supports mechanism-driven prioritization,"Resistant by short-circuit (NEGATIVE logic): function collapse delta=-63.55 < -8.0; skip Boltz-2; Rv0678 resistance discounted by explicit efflux stability-loss evidence: final_score=0.70, loss_rate=0.30; Rv0678 resistance discounted by exp"
Rv0678,primary_bdq,resistance_candidate,L40*,truncating,RESISTANT,LOSS_OF_FUNCTION,NEGATIVE_LOF_SIGNATURE,LOSS_OF_FUNCTION,-58.0638427734375,,,,,-0.5942862443187089,EFFLUX_WEIGHTED,negative-logic LoF candidate; supports mechanism-driven prioritization,"Resistant by short-circuit (NEGATIVE logic): function collapse delta=-58.06 < -8.0; skip Boltz-2; Rv0678 resistance discounted by explicit efflux stability-loss evidence: final_score=0.70, loss_rate=0.30; Rv0678 resistance discounted by exp"
Rv0678,primary_bdq,resistance_candidate,E18*,truncating,RESISTANT,LOSS_OF_FUNCTION,NEGATIVE_LOF_SIGNATURE,LOSS_OF_FUNCTION,-54.732421875,,,,,-0.5942862443187089,EFFLUX_WEIGHTED,negative-logic LoF candidate; supports mechanism-driven prioritization,"Resistant by short-circuit (NEGATIVE logic): function collapse delta=-54.73 < -8.0; skip Boltz-2; Rv0678 resistance discounted by explicit efflux stability-loss evidence: final_score=0.70, loss_rate=0.30; Rv0678 resistance discounted by exp"
Rv0678,primary_bdq,resistance_candidate,E106*,truncating,RESISTANT,LOSS_OF_FUNCTION,NEGATIVE_LOF_SIGNATURE,LOSS_OF_FUNCTION,-43.1553955078125,,,,,-0.5942862443187089,EFFLUX_WEIGHTED,negative-logic LoF candidate; supports mechanism-driven prioritization,"Resistant by short-circuit (NEGATIVE logic): function collapse delta=-43.16 < -8.0; skip Boltz-2; Rv0678 resistance discounted by explicit efflux stability-loss evidence: final_score=0.70, loss_rate=0.30; Rv0678 resistance discounted by exp"
Rv0678,primary_bdq,resistance_candidate,Q115*,truncating,RESISTANT,LOSS_OF_FUNCTION,NEGATIVE_LOF_SIGNATURE,LOSS_OF_FUNCTION,-32.7694091796875,,,,,-0.5942862443187089,EFFLUX_WEIGHTED,negative-logic LoF candidate; supports mechanism-driven prioritization,"Resistant by short-circuit (NEGATIVE logic): function collapse delta=-32.77 < -8.0; skip Boltz-2; Rv0678 resistance discounted by explicit efflux stability-loss evidence: final_score=0.70, loss_rate=0.30; Rv0678 resistance discounted by exp"
Rv0678,primary_bdq,resistance_candidate,E55*,truncating,RESISTANT,LOSS_OF_FUNCTION,NEGATIVE_LOF_SIGNATURE,LOSS_OF_FUNCTION,-28.95172119140625,,,,,-0.5942862443187089,EFFLUX_WEIGHTED,negative-logic LoF candidate; supports mechanism-driven prioritization,"Resistant by short-circuit (NEGATIVE logic): function collapse delta=-28.95 < -8.0; skip Boltz-2; Rv0678 resistance discounted by explicit efflux stability-loss evidence: final_score=0.70, loss_rate=0.30; Rv0678 resistance discounted by exp"
Rv0678,primary_bdq,resistance_candidate,R134*,truncating,RESISTANT,LOSS_OF_FUNCTION,NEGATIVE_LOF_SIGNATURE,LOSS_OF_FUNCTION,-26.5540771484375,,,,,-0.5942862443187089,EFFLUX_WEIGHTED,negative-logic LoF candidate; supports mechanism-driven prioritization,"Resistant by short-circuit (NEGATIVE logic): function collapse delta=-26.55 < -8.0; skip Boltz-2; Rv0678 resistance discounted by explicit efflux stability-loss evidence: final_score=0.70, loss_rate=0.30; Rv0678 resistance discounted by exp"
Rv0678,primary_bdq,resistance_candidate,E104*,truncating,RESISTANT,LOSS_OF_FUNCTION,NEGATIVE_LOF_SIGNATURE,LOSS_OF_FUNCTION,-25.27325439453125,,,,,-0.5942862443187089,EFFLUX_WEIGHTED,negative-logic LoF candidate; supports mechanism-driven prioritization,"Resistant by short-circuit (NEGATIVE logic): function collapse delta=-25.27 < -8.0; skip Boltz-2; Rv0678 resistance discounted by explicit efflux stability-loss evidence: final_score=0.70, loss_rate=0.30; Rv0678 resistance discounted by exp"
Rv0678,primary_bdq,resistance_candidate,E138*,truncating,RESISTANT,LOSS_OF_FUNCTION,NEGATIVE_LOF_SIGNATURE,LOSS_OF_FUNCTION,-24.2918701171875,,,,,-0.5942862443187089,EFFLUX_WEIGHTED,negative-logic LoF candidate; supports mechanism-driven prioritization,"Resistant by short-circuit (NEGATIVE logic): function collapse delta=-24.29 < -8.0; skip Boltz-2; Rv0678 resistance discounted by explicit efflux stability-loss evidence: final_score=0.70, loss_rate=0.30; Rv0678 resistance discounted by exp"
Rv0678,primary_bdq,resistance_candidate,E49*,truncating,RESISTANT,LOSS_OF_FUNCTION,NEGATIVE_LOF_SIGNATURE,LOSS_OF_FUNCTION,-23.8375244140625,,,,,-0.5942862443187089,EFFLUX_WEIGHTED,negative-logic LoF candidate; supports mechanism-driven prioritization,"Resistant by short-circuit (NEGATIVE logic): function collapse delta=-23.84 < -8.0; skip Boltz-2; Rv0678 resistance discounted by explicit efflux stability-loss evidence: final_score=0.70, loss_rate=0.30; Rv0678 resistance discounted by exp"
Rv0678,primary_bdq,resistance_candidate,Q51*,truncating,RESISTANT,LOSS_OF_FUNCTION,NEGATIVE_LOF_SIGNATURE,LOSS_OF_FUNCTION,-22.477294921875,,,,,-0.5942862443187089,EFFLUX_WEIGHTED,negative-logic LoF candidate; supports mechanism-driven prioritization,"Resistant by short-circuit (NEGATIVE logic): function collapse delta=-22.48 < -8.0; skip Boltz-2; Rv0678 resistance discounted by explicit efflux stability-loss evidence: final_score=0.70, loss_rate=0.30; Rv0678 resistance discounted by exp"
Rv0678,primary_bdq,resistance_candidate,L95*,truncating,RESISTANT,LOSS_OF_FUNCTION,NEGATIVE_LOF_SIGNATURE,LOSS_OF_FUNCTION,-21.1453857421875,,,,,-0.5942862443187089,EFFLUX_WEIGHTED,negative-logic LoF candidate; supports mechanism-driven prioritization,"Resistant by short-circuit (NEGATIVE logic): function collapse delta=-21.15 < -8.0; skip Boltz-2; Rv0678 resistance discounted by explicit efflux stability-loss evidence: final_score=0.70, loss_rate=0.30; Rv0678 resistance discounted by exp"
Rv0678,primary_bdq,resistance_candidate,E13*,truncating,RESISTANT,LOSS_OF_FUNCTION,NEGATIVE_LOF_SIGNATURE,LOSS_OF_FUNCTION,-18.95684814453125,,,,,-0.5942862443187089,EFFLUX_WEIGHTED,negative-logic LoF candidate; supports mechanism-driven prioritization,"Resistant by short-circuit (NEGATIVE logic): function collapse delta=-18.96 < -8.0; skip Boltz-2; Rv0678 resistance discounted by explicit efflux stability-loss evidence: final_score=0.70, loss_rate=0.30; Rv0678 resistance discounted by exp"
Rv0678,primary_bdq,resistance_candidate,E54*,truncating,RESISTANT,LOSS_OF_FUNCTION,NEGATIVE_LOF_SIGNATURE,LOSS_OF_FUNCTION,-18.9215087890625,,,,,-0.5942862443187089,EFFLUX_WEIGHTED,negative-logic LoF candidate; supports mechanism-driven prioritization,"Resistant by short-circuit (NEGATIVE logic): function collapse delta=-18.92 < -8.0; skip Boltz-2; Rv0678 resistance discounted by explicit efflux stability-loss evidence: final_score=0.70, loss_rate=0.30; Rv0678 resistance discounted by exp"
Rv0678,primary_bdq,resistance_candidate,Q131*,truncating,RESISTANT,LOSS_OF_FUNCTION,NEGATIVE_LOF_SIGNATURE,LOSS_OF_FUNCTION,-18.565185546875,,,,,-0.5942862443187089,EFFLUX_WEIGHTED,negative-logic LoF candidate; supports mechanism-driven prioritization,"Resistant by short-circuit (NEGATIVE logic): function collapse delta=-18.57 < -8.0; skip Boltz-2; Rv0678 resistance discounted by explicit efflux stability-loss evidence: final_score=0.70, loss_rate=0.30; Rv0678 resistance discounted by exp"
Rv0678,primary_bdq,resistance_candidate,R132*,truncating,RESISTANT,LOSS_OF_FUNCTION,NEGATIVE_LOF_SIGNATURE,LOSS_OF_FUNCTION,-18.47943115234375,,,,,-0.5942862443187089,EFFLUX_WEIGHTED,negative-logic LoF candidate; supports mechanism-driven prioritization,"Resistant by short-circuit (NEGATIVE logic): function collapse delta=-18.48 < -8.0; skip Boltz-2; Rv0678 resistance discounted by explicit efflux stability-loss evidence: final_score=0.70, loss_rate=0.30; Rv0678 resistance discounted by exp"
Rv0678,primary_bdq,resistance_candidate,E81*,truncating,RESISTANT,LOSS_OF_FUNCTION,NEGATIVE_LOF_SIGNATURE,LOSS_OF_FUNCTION,-16.255126953125,,,,,-0.5942862443187089,EFFLUX_WEIGHTED,negative-logic LoF candidate; supports mechanism-driven prioritization,"Resistant by short-circuit (NEGATIVE logic): function collapse delta=-16.26 < -8.0; skip Boltz-2; Rv0678 resistance discounted by explicit efflux stability-loss evidence: final_score=0.70, loss_rate=0.30; Rv0678 resistance discounted by exp"
Rv0678,primary_bdq,sensitivity_or_retained_function_example,R89G,coding_substitution,SENSITIVE,INTACT,NEGATIVE_FUNCTION_RETAINED,COMPLETED,-7.6988525390625,,0.8384330868721008,0.8384330868721008,0.8930104970932007,0,,mechanistic sensitive/control example for explaining rule direction,Evo-retained CDS candidate (delta=-7.70); queued for dynamic Boltz priority ranking
Rv0678,primary_bdq,sensitivity_or_retained_function_example,R94W,coding_substitution,SENSITIVE,INTACT,NEGATIVE_FUNCTION_RETAINED,COMPLETED,-7.68133544921875,,0.7035025358200073,0.7035025358200073,0.8595616817474365,0,,mechanistic sensitive/control example for explaining rule direction,Evo-retained CDS candidate (delta=-7.68); queued for dynamic Boltz priority ranking
Rv0678,primary_bdq,sensitivity_or_retained_function_example,C46W,coding_substitution,SENSITIVE,INTACT,NEGATIVE_FUNCTION_RETAINED,COMPLETED,-7.6348876953125,,0.8802456259727478,0.8802456259727478,0.8906257748603821,0,,mechanistic sensitive/control example for explaining rule direction,Evo-retained CDS candidate (delta=-7.63); queued for dynamic Boltz priority ranking
Rv0678,primary_bdq,sensitivity_or_retained_function_example,E21V,coding_substitution,SENSITIVE,INTACT,NEGATIVE_FUNCTION_RETAINED,COMPLETED,-7.50140380859375,,0.6393512487411499,0.6393512487411499,0.8378019332885742,0,,mechanistic sensitive/control example for explaining rule direction,Evo-retained CDS candidate (delta=-7.50); queued for dynamic Boltz priority ranking
Rv0678,primary_bdq,sensitivity_or_retained_function_example,E81K,coding_substitution,SENSITIVE,INTACT,NEGATIVE_FUNCTION_RETAINED,COMPLETED,-7.34326171875,,0.6564054489135742,0.6564054489135742,0.8552600145339966,0,,mechanistic sensitive/control example for explaining rule direction,Evo-retained CDS candidate (delta=-7.34); queued for dynamic Boltz priority ranking
Rv0678,primary_bdq,sensitivity_or_retained_function_example,E28Q,coding_substitution,SENSITIVE,INTACT,NEGATIVE_FUNCTION_RETAINED,COMPLETED,-7.3411865234375,,0.6133307814598083,0.6133307814598083,0.8479337692260742,0,,mechanistic sensitive/control example for explaining rule direction,Evo-retained CDS candidate (delta=-7.34); queued for dynamic Boltz priority ranking
Rv1979c,primary_bdq,resistance_candidate,S285*,truncating,RESISTANT,LOSS_OF_FUNCTION,NEGATIVE_LOF_SIGNATURE,LOSS_OF_FUNCTION,-49.46337890625,,,,,0,,negative-logic LoF candidate; supports mechanism-driven prioritization,Resistant by short-circuit (NEGATIVE logic): function collapse delta=-49.46 < -8.0; skip Boltz-2
Rv1979c,primary_bdq,resistance_candidate,Q132*,truncating,RESISTANT,LOSS_OF_FUNCTION,NEGATIVE_LOF_SIGNATURE,LOSS_OF_FUNCTION,-49.115234375,,,,,0,,negative-logic LoF candidate; supports mechanism-driven prioritization,Resistant by short-circuit (NEGATIVE logic): function collapse delta=-49.12 < -8.0; skip Boltz-2
Rv1979c,primary_bdq,resistance_candidate,W327*,truncating,RESISTANT,LOSS_OF_FUNCTION,NEGATIVE_LOF_SIGNATURE,LOSS_OF_FUNCTION,-47.2779541015625,,,,,0,,negative-logic LoF candidate; supports mechanism-driven prioritization,Resistant by short-circuit (NEGATIVE logic): function collapse delta=-47.28 < -8.0; skip Boltz-2
Rv1979c,primary_bdq,resistance_candidate,Y346*,truncating,RESISTANT,LOSS_OF_FUNCTION,NEGATIVE_LOF_SIGNATURE,LOSS_OF_FUNCTION,-45.599609375,,,,,0,,negative-logic LoF candidate; supports mechanism-driven prioritization,Resistant by short-circuit (NEGATIVE logic): function collapse delta=-45.60 < -8.0; skip Boltz-2
Rv1979c,primary_bdq,resistance_candidate,Y193*,truncating,RESISTANT,LOSS_OF_FUNCTION,NEGATIVE_LOF_SIGNATURE,LOSS_OF_FUNCTION,-36.08642578125,,,,,0,,negative-logic LoF candidate; supports mechanism-driven prioritization,Resistant by short-circuit (NEGATIVE logic): function collapse delta=-36.09 < -8.0; skip Boltz-2
Rv1979c,primary_bdq,resistance_candidate,L340*,truncating,RESISTANT,LOSS_OF_FUNCTION,NEGATIVE_LOF_SIGNATURE,LOSS_OF_FUNCTION,-35.383544921875,,,,,0,,negative-logic LoF candidate; supports mechanism-driven prioritization,Resistant by short-circuit (NEGATIVE logic): function collapse delta=-35.38 < -8.0; skip Boltz-2
Rv1979c,primary_bdq,resistance_candidate,W127*,truncating,RESISTANT,LOSS_OF_FUNCTION,NEGATIVE_LOF_SIGNATURE,LOSS_OF_FUNCTION,-35.2034912109375,,,,,0,,negative-logic LoF candidate; supports mechanism-driven prioritization,Resistant by short-circuit (NEGATIVE logic): function collapse delta=-35.20 < -8.0; skip Boltz-2
Rv1979c,primary_bdq,resistance_candidate,K343*,truncating,RESISTANT,LOSS_OF_FUNCTION,NEGATIVE_LOF_SIGNATURE,LOSS_OF_FUNCTION,-34.6934814453125,,,,,0,,negative-logic LoF candidate; supports mechanism-driven prioritization,Resistant by short-circuit (NEGATIVE logic): function collapse delta=-34.69 < -8.0; skip Boltz-2
Rv1979c,primary_bdq,resistance_candidate,Y79*,truncating,RESISTANT,LOSS_OF_FUNCTION,NEGATIVE_LOF_SIGNATURE,LOSS_OF_FUNCTION,-32.3724365234375,,,,,0,,negative-logic LoF candidate; supports mechanism-driven prioritization,Resistant by short-circuit (NEGATIVE logic): function collapse delta=-32.37 < -8.0; skip Boltz-2
Rv1979c,primary_bdq,resistance_candidate,L330*,truncating,RESISTANT,LOSS_OF_FUNCTION,NEGATIVE_LOF_SIGNATURE,LOSS_OF_FUNCTION,-32.301025390625,,,,,0,,negative-logic LoF candidate; supports mechanism-driven prioritization,Resistant by short-circuit (NEGATIVE logic): function collapse delta=-32.30 < -8.0; skip Boltz-2
Rv1979c,primary_bdq,resistance_candidate,K281*,truncating,RESISTANT,LOSS_OF_FUNCTION,NEGATIVE_LOF_SIGNATURE,LOSS_OF_FUNCTION,-32.163330078125,,,,,0,,negative-logic LoF candidate; supports mechanism-driven prioritization,Resistant by short-circuit (NEGATIVE logic): function collapse delta=-32.16 < -8.0; skip Boltz-2
Rv1979c,primary_bdq,resistance_candidate,S311*,truncating,RESISTANT,LOSS_OF_FUNCTION,NEGATIVE_LOF_SIGNATURE,LOSS_OF_FUNCTION,-31.7080078125,,,,,0,,negative-logic LoF candidate; supports mechanism-driven prioritization,Resistant by short-circuit (NEGATIVE logic): function collapse delta=-31.71 < -8.0; skip Boltz-2
Rv1979c,primary_bdq,resistance_candidate,Y71*,truncating,RESISTANT,LOSS_OF_FUNCTION,NEGATIVE_LOF_SIGNATURE,LOSS_OF_FUNCTION,-31.169921875,,,,,0,,negative-logic LoF candidate; supports mechanism-driven prioritization,Resistant by short-circuit (NEGATIVE logic): function collapse delta=-31.17 < -8.0; skip Boltz-2
Rv1979c,primary_bdq,resistance_candidate,K160*,truncating,RESISTANT,LOSS_OF_FUNCTION,NEGATIVE_LOF_SIGNATURE,LOSS_OF_FUNCTION,-30.510009765625,,,,,0,,negative-logic LoF candidate; supports mechanism-driven prioritization,Resistant by short-circuit (NEGATIVE logic): function collapse delta=-30.51 < -8.0; skip Boltz-2
Rv1979c,primary_bdq,resistance_candidate,R254*,truncating,RESISTANT,LOSS_OF_FUNCTION,NEGATIVE_LOF_SIGNATURE,LOSS_OF_FUNCTION,-30.36669921875,,,,,0,,negative-logic LoF candidate; supports mechanism-driven prioritization,Resistant by short-circuit (NEGATIVE logic): function collapse delta=-30.37 < -8.0; skip Boltz-2
Rv1979c,primary_bdq,resistance_candidate,S320*,truncating,RESISTANT,LOSS_OF_FUNCTION,NEGATIVE_LOF_SIGNATURE,LOSS_OF_FUNCTION,-29.66796875,,,,,0,,negative-logic LoF candidate; supports mechanism-driven prioritization,Resistant by short-circuit (NEGATIVE logic): function collapse delta=-29.67 < -8.0; skip Boltz-2
Rv1979c,primary_bdq,resistance_candidate,Q400*,truncating,RESISTANT,LOSS_OF_FUNCTION,NEGATIVE_LOF_SIGNATURE,LOSS_OF_FUNCTION,-29.56494140625,,,,,0,,negative-logic LoF candidate; supports mechanism-driven prioritization,Resistant by short-circuit (NEGATIVE logic): function collapse delta=-29.56 < -8.0; skip Boltz-2
Rv1979c,primary_bdq,resistance_candidate,W161*,truncating,RESISTANT,LOSS_OF_FUNCTION,NEGATIVE_LOF_SIGNATURE,LOSS_OF_FUNCTION,-29.45361328125,,,,,0,,negative-logic LoF candidate; supports mechanism-driven prioritization,Resistant by short-circuit (NEGATIVE logic): function collapse delta=-29.45 < -8.0; skip Boltz-2
Rv1979c,primary_bdq,resistance_candidate,S219*,truncating,RESISTANT,LOSS_OF_FUNCTION,NEGATIVE_LOF_SIGNATURE,LOSS_OF_FUNCTION,-29.256591796875,,,,,0,,negative-logic LoF candidate; supports mechanism-driven prioritization,Resistant by short-circuit (NEGATIVE logic): function collapse delta=-29.26 < -8.0; skip Boltz-2
Rv1979c,primary_bdq,resistance_candidate,L396*,truncating,RESISTANT,LOSS_OF_FUNCTION,NEGATIVE_LOF_SIGNATURE,LOSS_OF_FUNCTION,-28.692138671875,,,,,0,,negative-logic LoF candidate; supports mechanism-driven prioritization,Resistant by short-circuit (NEGATIVE logic): function collapse delta=-28.69 < -8.0; skip Boltz-2
Rv1979c,primary_bdq,resistance_candidate,K415*,truncating,RESISTANT,LOSS_OF_FUNCTION,NEGATIVE_LOF_SIGNATURE,LOSS_OF_FUNCTION,-28.26171875,,,,,0,,negative-logic LoF candidate; supports mechanism-driven prioritization,Resistant by short-circuit (NEGATIVE logic): function collapse delta=-28.26 < -8.0; skip Boltz-2
Rv1979c,primary_bdq,resistance_candidate,E403*,truncating,RESISTANT,LOSS_OF_FUNCTION,NEGATIVE_LOF_SIGNATURE,LOSS_OF_FUNCTION,-28.0015869140625,,,,,0,,negative-logic LoF candidate; supports mechanism-driven prioritization,Resistant by short-circuit (NEGATIVE logic): function collapse delta=-28.00 < -8.0; skip Boltz-2
Rv1979c,primary_bdq,resistance_candidate,E212*,truncating,RESISTANT,LOSS_OF_FUNCTION,NEGATIVE_LOF_SIGNATURE,LOSS_OF_FUNCTION,-27.79931640625,,,,,0,,negative-logic LoF candidate; supports mechanism-driven prioritization,Resistant by short-circuit (NEGATIVE logic): function collapse delta=-27.80 < -8.0; skip Boltz-2
Rv1979c,primary_bdq,resistance_candidate,S341*,truncating,RESISTANT,LOSS_OF_FUNCTION,NEGATIVE_LOF_SIGNATURE,LOSS_OF_FUNCTION,-27.400390625,,,,,0,,negative-logic LoF candidate; supports mechanism-driven prioritization,Resistant by short-circuit (NEGATIVE logic): function collapse delta=-27.40 < -8.0; skip Boltz-2
Rv1979c,primary_bdq,resistance_candidate,R73*,truncating,RESISTANT,LOSS_OF_FUNCTION,NEGATIVE_LOF_SIGNATURE,LOSS_OF_FUNCTION,-27.2396240234375,,,,,0,,negative-logic LoF candidate; supports mechanism-driven prioritization,Resistant by short-circuit (NEGATIVE logic): function collapse delta=-27.24 < -8.0; skip Boltz-2
Rv1979c,primary_bdq,sensitivity_or_retained_function_example,Y93N,coding_substitution,SENSITIVE,INTACT,NEGATIVE_FUNCTION_RETAINED,COMPLETED,-7.609130859375,,,,0.8250823020935059,0,,mechanistic sensitive/control example for explaining rule direction,Evo-retained CDS candidate (delta=-7.61); queued for dynamic Boltz priority ranking
Rv1979c,primary_bdq,sensitivity_or_retained_function_example,F363S,coding_substitution,SENSITIVE,INTACT,NEGATIVE_FUNCTION_RETAINED,COMPLETED,-7.6025390625,,,,0.835506021976471,0,,mechanistic sensitive/control example for explaining rule direction,Evo-retained CDS candidate (delta=-7.60); queued for dynamic Boltz priority ranking
Rv1979c,primary_bdq,sensitivity_or_retained_function_example,I63T,coding_substitution,SENSITIVE,INTACT,NEGATIVE_FUNCTION_RETAINED,COMPLETED,-7.5731201171875,,,,0.8347554802894592,0,,mechanistic sensitive/control example for explaining rule direction,Evo-retained CDS candidate (delta=-7.57); queued for dynamic Boltz priority ranking
Rv1979c,primary_bdq,sensitivity_or_retained_function_example,F86I,coding_substitution,SENSITIVE,INTACT,NEGATIVE_FUNCTION_RETAINED,COMPLETED,-7.569580078125,,,,0.8403213620185852,0,,mechanistic sensitive/control example for explaining rule direction,Evo-retained CDS candidate (delta=-7.57); queued for dynamic Boltz priority ranking
Rv1979c,primary_bdq,sensitivity_or_retained_function_example,G87E,coding_substitution,SENSITIVE,INTACT,NEGATIVE_FUNCTION_RETAINED,COMPLETED,-7.5638427734375,,,,0.839794933795929,0,,mechanistic sensitive/control example for explaining rule direction,Evo-retained CDS candidate (delta=-7.56); queued for dynamic Boltz priority ranking
Rv1979c,primary_bdq,sensitivity_or_retained_function_example,L271Q,coding_substitution,SENSITIVE,INTACT,NEGATIVE_FUNCTION_RETAINED,COMPLETED,-7.5509033203125,,,,0.8294520378112793,0,,mechanistic sensitive/control example for explaining rule direction,Evo-retained CDS candidate (delta=-7.55); queued for dynamic Boltz priority ranking
Rv1979c,primary_bdq,sensitivity_or_retained_function_example,I315F,coding_substitution,SENSITIVE,INTACT,NEGATIVE_FUNCTION_RETAINED,COMPLETED,-7.545166015625,,,,0.8504925966262817,0,,mechanistic sensitive/control example for explaining rule direction,Evo-retained CDS candidate (delta=-7.55); queued for dynamic Boltz priority ranking
Rv1979c,primary_bdq,sensitivity_or_retained_function_example,G209V,coding_substitution,SENSITIVE,INTACT,NEGATIVE_FUNCTION_RETAINED,COMPLETED,-7.54248046875,,,,0.8394432663917542,0,,mechanistic sensitive/control example for explaining rule direction,Evo-retained CDS candidate (delta=-7.54); queued for dynamic Boltz priority ranking
Rv1979c,primary_bdq,sensitivity_or_retained_function_example,F300C,coding_substitution,SENSITIVE,INTACT,NEGATIVE_FUNCTION_RETAINED,COMPLETED,-7.53076171875,,,,0.837683916091919,0,,mechanistic sensitive/control example for explaining rule direction,Evo-retained CDS candidate (delta=-7.53); queued for dynamic Boltz priority ranking
Rv1979c,primary_bdq,sensitivity_or_retained_function_example,F16S,coding_substitution,SENSITIVE,INTACT,NEGATIVE_FUNCTION_RETAINED,COMPLETED,-7.5216064453125,,,,0.8283112645149231,0,,mechanistic sensitive/control example for explaining rule direction,Evo-retained CDS candidate (delta=-7.52); queued for dynamic Boltz priority ranking
Rv1979c,primary_bdq,sensitivity_or_retained_function_example,G296V,coding_substitution,SENSITIVE,INTACT,NEGATIVE_FUNCTION_RETAINED,COMPLETED,-7.5167236328125,,,,0.8381043076515198,0,,mechanistic sensitive/control example for explaining rule direction,Evo-retained CDS candidate (delta=-7.52); queued for dynamic Boltz priority ranking
Rv1979c,primary_bdq,sensitivity_or_retained_function_example,T74P,coding_substitution,SENSITIVE,INTACT,NEGATIVE_FUNCTION_RETAINED,COMPLETED,-7.515380859375,,,,0.8441420197486877,0,,mechanistic sensitive/control example for explaining rule direction,Evo-retained CDS candidate (delta=-7.52); queued for dynamic Boltz priority ranking
Rv1979c,primary_bdq,sensitivity_or_retained_function_example,L340S,coding_substitution,SENSITIVE,INTACT,NEGATIVE_FUNCTION_RETAINED,COMPLETED,-7.512451171875,,,,0.8252419829368591,0,,mechanistic sensitive/control example for explaining rule direction,Evo-retained CDS candidate (delta=-7.51); queued for dynamic Boltz priority ranking
Rv1979c,primary_bdq,sensitivity_or_retained_function_example,S111Y,coding_substitution,SENSITIVE,INTACT,NEGATIVE_FUNCTION_RETAINED,COMPLETED,-7.511962890625,,,,0.8182327151298523,0,,mechanistic sensitive/control example for explaining rule direction,Evo-retained CDS candidate (delta=-7.51); queued for dynamic Boltz priority ranking
Rv1979c,primary_bdq,sensitivity_or_retained_function_example,F369C,coding_substitution,SENSITIVE,INTACT,NEGATIVE_FUNCTION_RETAINED,COMPLETED,-7.501708984375,,,,0.8283523321151733,0,,mechanistic sensitive/control example for explaining rule direction,Evo-retained CDS candidate (delta=-7.50); queued for dynamic Boltz priority ranking
Rv1979c,primary_bdq,sensitivity_or_retained_function_example,D370Y,coding_substitution,SENSITIVE,INTACT,NEGATIVE_FUNCTION_RETAINED,COMPLETED,-7.481201171875,,,,0.848109245300293,0,,mechanistic sensitive/control example for explaining rule direction,Evo-retained CDS candidate (delta=-7.48); queued for dynamic Boltz priority ranking
Rv1979c,primary_bdq,sensitivity_or_retained_function_example,A259V,coding_substitution,SENSITIVE,INTACT,NEGATIVE_FUNCTION_RETAINED,COMPLETED,-7.470458984375,,,,0.842280387878418,0,,mechanistic sensitive/control example for explaining rule direction,Evo-retained CDS candidate (delta=-7.47); queued for dynamic Boltz priority ranking
Rv1979c,primary_bdq,sensitivity_or_retained_function_example,S206W,coding_substitution,SENSITIVE,INTACT,NEGATIVE_FUNCTION_RETAINED,COMPLETED,-7.4532470703125,,,,0.8295503258705139,0,,mechanistic sensitive/control example for explaining rule direction,Evo-retained CDS candidate (delta=-7.45); queued for dynamic Boltz priority ranking
Rv1979c,primary_bdq,sensitivity_or_retained_function_example,F386S,coding_substitution,SENSITIVE,INTACT,NEGATIVE_FUNCTION_RETAINED,COMPLETED,-7.4471435546875,,,,0.8333091735839844,0,,mechanistic sensitive/control example for explaining rule direction,Evo-retained CDS candidate (delta=-7.45); queued for dynamic Boltz priority ranking
Rv1979c,primary_bdq,sensitivity_or_retained_function_example,I11F,coding_substitution,SENSITIVE,INTACT,NEGATIVE_FUNCTION_RETAINED,COMPLETED,-7.4327392578125,,,,0.8372156620025635,0,,mechanistic sensitive/control example for explaining rule direction,Evo-retained CDS candidate (delta=-7.43); queued for dynamic Boltz priority ranking
Rv1979c,primary_bdq,sensitivity_or_retained_function_example,N75H,coding_substitution,SENSITIVE,INTACT,NEGATIVE_FUNCTION_RETAINED,COMPLETED,-7.42236328125,,,,0.8329142928123474,0,,mechanistic sensitive/control example for explaining rule direction,Evo-retained CDS candidate (delta=-7.42); queued for dynamic Boltz priority ranking
Rv1979c,primary_bdq,sensitivity_or_retained_function_example,P324S,coding_substitution,SENSITIVE,INTACT,NEGATIVE_FUNCTION_RETAINED,COMPLETED,-7.40869140625,,,,0.829770028591156,0,,mechanistic sensitive/control example for explaining rule direction,Evo-retained CDS candidate (delta=-7.41); queued for dynamic Boltz priority ranking
Rv1979c,primary_bdq,sensitivity_or_retained_function_example,Y346C,coding_substitution,SENSITIVE,INTACT,NEGATIVE_FUNCTION_RETAINED,COMPLETED,-7.405029296875,,,,0.8324969410896301,0,,mechanistic sensitive/control example for explaining rule direction,Evo-retained CDS candidate (delta=-7.41); queued for dynamic Boltz priority ranking
Rv1979c,primary_bdq,sensitivity_or_retained_function_example,P349A,coding_substitution,SENSITIVE,INTACT,NEGATIVE_FUNCTION_RETAINED,COMPLETED,-7.402587890625,,,,0.8262457251548767,0,,mechanistic sensitive/control example for explaining rule direction,Evo-retained CDS candidate (delta=-7.40); queued for dynamic Boltz priority ranking
Rv1979c,primary_bdq,sensitivity_or_retained_function_example,G55S,coding_substitution,SENSITIVE,INTACT,NEGATIVE_FUNCTION_RETAINED,COMPLETED,-7.399169921875,,,,0.8367655873298645,0,,mechanistic sensitive/control example for explaining rule direction,Evo-retained CDS candidate (delta=-7.40); queued for dynamic Boltz priority ranking
Rv1979c,primary_bdq,unsupported_regulatory_evo_only,DEFAULT_UPSTREAM_120:C99G,regulatory,UNKNOWN,UNKNOWN,REGULATORY_SCENARIO_UNSUPPORTED,COMPLETED,2.5859375,,,,,0,,"regulatory Evo-only result; useful for limitations, not primary claims","Evo-retained regulatory candidate (delta=2.59); no protein-DNA Boltz scenario available, kept as Evo-only result"
Rv1979c,primary_bdq,unsupported_regulatory_evo_only,DEFAULT_UPSTREAM_120:C103G,regulatory,UNKNOWN,UNKNOWN,REGULATORY_SCENARIO_UNSUPPORTED,COMPLETED,2.578125,,,,,0,,"regulatory Evo-only result; useful for limitations, not primary claims","Evo-retained regulatory candidate (delta=2.58); no protein-DNA Boltz scenario available, kept as Evo-only result"
Rv1979c,primary_bdq,unsupported_regulatory_evo_only,DEFAULT_AROUND_START:T48C,regulatory,UNKNOWN,UNKNOWN,REGULATORY_SCENARIO_UNSUPPORTED,COMPLETED,2.4921875,,,,,0,,"regulatory Evo-only result; useful for limitations, not primary claims","Evo-retained regulatory candidate (delta=2.49); no protein-DNA Boltz scenario available, kept as Evo-only result"
Rv1979c,primary_bdq,unsupported_regulatory_evo_only,RV1979C_PROMOTER_CORE:T48C,regulatory,UNKNOWN,UNKNOWN,REGULATORY_SCENARIO_UNSUPPORTED,COMPLETED,2.4921875,,,,,0,,"regulatory Evo-only result; useful for limitations, not primary claims","Evo-retained regulatory candidate (delta=2.49); no protein-DNA Boltz scenario available, kept as Evo-only result"
Rv1979c,primary_bdq,unsupported_regulatory_evo_only,DEFAULT_UPSTREAM_120:C12A,regulatory,UNKNOWN,UNKNOWN,REGULATORY_SCENARIO_UNSUPPORTED,COMPLETED,-2.46923828125,,,,,0,,"regulatory Evo-only result; useful for limitations, not primary claims","Evo-retained regulatory candidate (delta=-2.47); no protein-DNA Boltz scenario available, kept as Evo-only result"
Rv1979c,primary_bdq,unsupported_regulatory_evo_only,DEFAULT_UPSTREAM_120:T88C,regulatory,UNKNOWN,UNKNOWN,REGULATORY_SCENARIO_UNSUPPORTED,COMPLETED,2.2734375,,,,,0,,"regulatory Evo-only result; useful for limitations, not primary claims","Evo-retained regulatory candidate (delta=2.27); no protein-DNA Boltz scenario available, kept as Evo-only result"
Rv1979c,primary_bdq,unsupported_regulatory_evo_only,DEFAULT_UPSTREAM_120:A20C,regulatory,UNKNOWN,UNKNOWN,REGULATORY_SCENARIO_UNSUPPORTED,COMPLETED,2.234375,,,,,0,,"regulatory Evo-only result; useful for limitations, not primary claims","Evo-retained regulatory candidate (delta=2.23); no protein-DNA Boltz scenario available, kept as Evo-only result"
Rv1979c,primary_bdq,unsupported_regulatory_evo_only,DEFAULT_AROUND_START:G20T,regulatory,UNKNOWN,UNKNOWN,REGULATORY_SCENARIO_UNSUPPORTED,COMPLETED,-2.10546875,,,,,0,,"regulatory Evo-only result; useful for limitations, not primary claims","Evo-retained regulatory candidate (delta=-2.11); no protein-DNA Boltz scenario available, kept as Evo-only result"
Rv1979c,primary_bdq,unsupported_regulatory_evo_only,RV1979C_PROMOTER_CORE:G20T,regulatory,UNKNOWN,UNKNOWN,REGULATORY_SCENARIO_UNSUPPORTED,COMPLETED,-2.10546875,,,,,0,,"regulatory Evo-only result; useful for limitations, not primary claims","Evo-retained regulatory candidate (delta=-2.11); no protein-DNA Boltz scenario available, kept as Evo-only result"
Rv1979c,primary_bdq,unsupported_regulatory_evo_only,DEFAULT_UPSTREAM_120:A80T,regulatory,UNKNOWN,UNKNOWN,REGULATORY_SCENARIO_UNSUPPORTED,COMPLETED,1.982421875,,,,,0,,"regulatory Evo-only result; useful for limitations, not primary claims","Evo-retained regulatory candidate (delta=1.98); no protein-DNA Boltz scenario available, kept as Evo-only result"
Rv1979c,primary_bdq,unsupported_regulatory_evo_only,DEFAULT_AROUND_START:A21T,regulatory,UNKNOWN,UNKNOWN,REGULATORY_SCENARIO_UNSUPPORTED,COMPLETED,-1.94921875,,,,,0,,"regulatory Evo-only result; useful for limitations, not primary claims","Evo-retained regulatory candidate (delta=-1.95); no protein-DNA Boltz scenario available, kept as Evo-only result"
Rv1979c,primary_bdq,unsupported_regulatory_evo_only,RV1979C_PROMOTER_CORE:A21T,regulatory,UNKNOWN,UNKNOWN,REGULATORY_SCENARIO_UNSUPPORTED,COMPLETED,-1.94921875,,,,,0,,"regulatory Evo-only result; useful for limitations, not primary claims","Evo-retained regulatory candidate (delta=-1.95); no protein-DNA Boltz scenario available, kept as Evo-only result"
Rv1979c,primary_bdq,unsupported_regulatory_evo_only,DEFAULT_AROUND_START:A35T,regulatory,UNKNOWN,UNKNOWN,REGULATORY_SCENARIO_UNSUPPORTED,COMPLETED,-1.91015625,,,,,0,,"regulatory Evo-only result; useful for limitations, not primary claims","Evo-retained regulatory candidate (delta=-1.91); no protein-DNA Boltz scenario available, kept as Evo-only result"
Rv1979c,primary_bdq,unsupported_regulatory_evo_only,RV1979C_PROMOTER_CORE:A35T,regulatory,UNKNOWN,UNKNOWN,REGULATORY_SCENARIO_UNSUPPORTED,COMPLETED,-1.91015625,,,,,0,,"regulatory Evo-only result; useful for limitations, not primary claims","Evo-retained regulatory candidate (delta=-1.91); no protein-DNA Boltz scenario available, kept as Evo-only result"
Rv1979c,primary_bdq,unsupported_regulatory_evo_only,DEFAULT_UPSTREAM_120:G60T,regulatory,UNKNOWN,UNKNOWN,REGULATORY_SCENARIO_UNSUPPORTED,COMPLETED,-1.90625,,,,,0,,"regulatory Evo-only result; useful for limitations, not primary claims","Evo-retained regulatory candidate (delta=-1.91); no protein-DNA Boltz scenario available, kept as Evo-only result"
Rv1979c,primary_bdq,unsupported_regulatory_evo_only,DEFAULT_AROUND_START:C29G,regulatory,UNKNOWN,UNKNOWN,REGULATORY_SCENARIO_UNSUPPORTED,COMPLETED,-1.87109375,,,,,0,,"regulatory Evo-only result; useful for limitations, not primary claims","Evo-retained regulatory candidate (delta=-1.87); no protein-DNA Boltz scenario available, kept as Evo-only result"
Rv1979c,primary_bdq,unsupported_regulatory_evo_only,DEFAULT_AROUND_START:G62A,regulatory,UNKNOWN,UNKNOWN,REGULATORY_SCENARIO_UNSUPPORTED,COMPLETED,-1.87109375,,,,,0,,"regulatory Evo-only result; useful for limitations, not primary claims","Evo-retained regulatory candidate (delta=-1.87); no protein-DNA Boltz scenario available, kept as Evo-only result"
Rv1979c,primary_bdq,unsupported_regulatory_evo_only,RV1979C_PROMOTER_CORE:C29G,regulatory,UNKNOWN,UNKNOWN,REGULATORY_SCENARIO_UNSUPPORTED,COMPLETED,-1.87109375,,,,,0,,"regulatory Evo-only result; useful for limitations, not primary claims","Evo-retained regulatory candidate (delta=-1.87); no protein-DNA Boltz scenario available, kept as Evo-only result"
Rv1979c,primary_bdq,unsupported_regulatory_evo_only,RV1979C_PROMOTER_CORE:G62A,regulatory,UNKNOWN,UNKNOWN,REGULATORY_SCENARIO_UNSUPPORTED,COMPLETED,-1.87109375,,,,,0,,"regulatory Evo-only result; useful for limitations, not primary claims","Evo-retained regulatory candidate (delta=-1.87); no protein-DNA Boltz scenario available, kept as Evo-only result"
Rv1979c,primary_bdq,unsupported_regulatory_evo_only,DEFAULT_UPSTREAM_120:C26T,regulatory,UNKNOWN,UNKNOWN,REGULATORY_SCENARIO_UNSUPPORTED,COMPLETED,-1.8671875,,,,,0,,"regulatory Evo-only result; useful for limitations, not primary claims","Evo-retained regulatory candidate (delta=-1.87); no protein-DNA Boltz scenario available, kept as Evo-only result"
Rv1979c,primary_bdq,unsupported_regulatory_evo_only,DEFAULT_AROUND_START:C46A,regulatory,UNKNOWN,UNKNOWN,REGULATORY_SCENARIO_UNSUPPORTED,COMPLETED,-1.86328125,,,,,0,,"regulatory Evo-only result; useful for limitations, not primary claims","Evo-retained regulatory candidate (delta=-1.86); no protein-DNA Boltz scenario available, kept as Evo-only result"
Rv1979c,primary_bdq,unsupported_regulatory_evo_only,RV1979C_PROMOTER_CORE:C46A,regulatory,UNKNOWN,UNKNOWN,REGULATORY_SCENARIO_UNSUPPORTED,COMPLETED,-1.86328125,,,,,0,,"regulatory Evo-only result; useful for limitations, not primary claims","Evo-retained regulatory candidate (delta=-1.86); no protein-DNA Boltz scenario available, kept as Evo-only result"
Rv1979c,primary_bdq,unsupported_regulatory_evo_only,DEFAULT_AROUND_START:G45A,regulatory,UNKNOWN,UNKNOWN,REGULATORY_SCENARIO_UNSUPPORTED,COMPLETED,-1.84765625,,,,,0,,"regulatory Evo-only result; useful for limitations, not primary claims","Evo-retained regulatory candidate (delta=-1.85); no protein-DNA Boltz scenario available, kept as Evo-only result"
Rv1979c,primary_bdq,unsupported_regulatory_evo_only,RV1979C_PROMOTER_CORE:G45A,regulatory,UNKNOWN,UNKNOWN,REGULATORY_SCENARIO_UNSUPPORTED,COMPLETED,-1.84765625,,,,,0,,"regulatory Evo-only result; useful for limitations, not primary claims","Evo-retained regulatory candidate (delta=-1.85); no protein-DNA Boltz scenario available, kept as Evo-only result"
Rv1979c,primary_bdq,unsupported_regulatory_evo_only,DEFAULT_AROUND_START:G75A,regulatory,UNKNOWN,UNKNOWN,REGULATORY_SCENARIO_UNSUPPORTED,COMPLETED,-1.84375,,,,,0,,"regulatory Evo-only result; useful for limitations, not primary claims","Evo-retained regulatory candidate (delta=-1.84); no protein-DNA Boltz scenario available, kept as Evo-only result"
atpE,primary_bdq,resistance_candidate,K81*,truncating,RESISTANT,INTACT,ATP_SYNTHASE_COMPENSATION,COMPLETED,-3.5850067138671875,,0.9145603179931641,0.9145603179931641,0.9654929637908936,2.0,ATP_COMPENSATION|SYNERGIC_RESISTANCE|atp_synthase_compensation,"ATP synthase candidate; interpret as follow-up priority, not a clinical call",REVIEWED: Evo/Boltz review completed; no rule-based resistance label assigned
atpE,primary_bdq,resistance_candidate,D28A,coding_substitution,RESISTANT,INTACT,ATP_SYNTHASE_COMPENSATION,COMPLETED,-21.105239868164062,,0.9444680213928223,0.9444680213928223,0.9476342797279358,4.0,ATP_COMPENSATION|SYNERGIC_RESISTANCE|atp_synthase_compensation,"ATP synthase candidate; interpret as follow-up priority, not a clinical call","REVIEWED: atpE variant remains structurally viable, but predicted binding shift versus WT is below the escape threshold (delta=-21.11, ptm=0.944, plddt=0.948, affinity_shift=-0.226, mt_affinity=-0.055, wt_affinity=0.170)"
atpE,primary_bdq,resistance_candidate,D28G,coding_substitution,RESISTANT,INTACT,ATP_SYNTHASE_COMPENSATION,COMPLETED,-20.77508544921875,,0.9318962097167969,0.9318962097167969,0.938890814781189,4.0,ATP_COMPENSATION|SYNERGIC_RESISTANCE|atp_synthase_compensation,"ATP synthase candidate; interpret as follow-up priority, not a clinical call",REVIEWED: Evo/Boltz review completed; no rule-based resistance label assigned
atpE,primary_bdq,resistance_candidate,A63P,coding_substitution,RESISTANT,INTACT,ATP_SYNTHASE_COMPENSATION,COMPLETED,-20.686386108398438,,0.9224609136581421,0.9224609136581421,0.9619132876396179,4.0,ATP_COMPENSATION|SYNERGIC_RESISTANCE|atp_synthase_compensation,"ATP synthase candidate; interpret as follow-up priority, not a clinical call","REVIEWED: atpE variant remains structurally viable, but predicted binding shift versus WT is below the escape threshold (delta=-20.69, ptm=0.922, plddt=0.962, affinity_shift=-0.254, mt_affinity=-0.084, wt_affinity=0.170)"
atpE,primary_bdq,resistance_candidate,E61D,coding_substitution,RESISTANT,INTACT,ATP_SYNTHASE_COMPENSATION,COMPLETED,-10.037673950195312,,0.9245824217796326,0.9245824217796326,0.9281484484672546,4.0,ATP_COMPENSATION|SYNERGIC_RESISTANCE|atp_synthase_compensation,"ATP synthase candidate; interpret as follow-up priority, not a clinical call",REVIEWED: Evo/Boltz review completed; no rule-based resistance label assigned
atpE,primary_bdq,resistance_candidate,I66M,coding_substitution,RESISTANT,INTACT,ATP_SYNTHASE_COMPENSATION,COMPLETED,-8.239303588867188,,0.9244996309280396,0.9244996309280396,0.9583366513252258,4.0,ATP_COMPENSATION|SYNERGIC_RESISTANCE|atp_synthase_compensation,"ATP synthase candidate; interpret as follow-up priority, not a clinical call","REVIEWED: atpE variant remains structurally viable, but predicted binding shift versus WT is below the escape threshold (delta=-8.24, ptm=0.924, plddt=0.958, affinity_shift=-0.054, mt_affinity=0.116, wt_affinity=0.170)"
atpE,primary_bdq,resistance_candidate,D2E,coding_substitution,RESISTANT,INTACT,ATP_SYNTHASE_COMPENSATION,COMPLETED,-3.9422760009765625,,0.922921359539032,0.922921359539032,0.9587826728820801,2.0,ATP_COMPENSATION|SYNERGIC_RESISTANCE|atp_synthase_compensation,"ATP synthase candidate; interpret as follow-up priority, not a clinical call",REVIEWED: Evo/Boltz review completed; no rule-based resistance label assigned
atpE,primary_bdq,resistance_candidate,I26L,coding_substitution,RESISTANT,INTACT,ATP_SYNTHASE_COMPENSATION,COMPLETED,-3.902435302734375,,0.9321034550666809,0.9321034550666809,0.9585524797439575,2.0,ATP_COMPENSATION|SYNERGIC_RESISTANCE|atp_synthase_compensation,"ATP synthase candidate; interpret as follow-up priority, not a clinical call",REVIEWED: Evo/Boltz review completed; no rule-based resistance label assigned
atpE,primary_bdq,resistance_candidate,V39L,coding_substitution,RESISTANT,INTACT,ATP_SYNTHASE_COMPENSATION,COMPLETED,-3.8903961181640625,,0.9296715259552002,0.9296715259552002,0.9634655714035034,2.0,ATP_COMPENSATION|SYNERGIC_RESISTANCE|atp_synthase_compensation,"ATP synthase candidate; interpret as follow-up priority, not a clinical call",REVIEWED: Evo/Boltz review completed; no rule-based resistance label assigned
atpE,primary_bdq,resistance_candidate,I5F,coding_substitution,RESISTANT,INTACT,ATP_SYNTHASE_COMPENSATION,COMPLETED,-3.71893310546875,,0.9443154335021973,0.9443154335021973,0.9574362635612488,2.0,ATP_COMPENSATION|SYNERGIC_RESISTANCE|atp_synthase_compensation,"ATP synthase candidate; interpret as follow-up priority, not a clinical call",REVIEWED: Evo/Boltz review completed; no rule-based resistance label assigned
atpE,primary_bdq,resistance_candidate,P52S,coding_substitution,RESISTANT,INTACT,ATP_SYNTHASE_COMPENSATION,COMPLETED,-3.6515350341796875,,0.9259281158447266,0.9259281158447266,0.9551974534988403,2.0,ATP_COMPENSATION|SYNERGIC_RESISTANCE|atp_synthase_compensation,"ATP synthase candidate; interpret as follow-up priority, not a clinical call",REVIEWED: Evo/Boltz review completed; no rule-based resistance label assigned
atpE,primary_bdq,resistance_candidate,V80L,coding_substitution,RESISTANT,INTACT,ATP_SYNTHASE_COMPENSATION,COMPLETED,-3.64678955078125,,0.9405320882797241,0.9405320882797241,0.9568791389465332,2.0,ATP_COMPENSATION|SYNERGIC_RESISTANCE|atp_synthase_compensation,"ATP synthase candidate; interpret as follow-up priority, not a clinical call",REVIEWED: Evo/Boltz review completed; no rule-based resistance label assigned
atpE,primary_bdq,resistance_candidate,I55L,coding_substitution,RESISTANT,INTACT,ATP_SYNTHASE_COMPENSATION,COMPLETED,-3.6355743408203125,,0.9410942792892456,0.9410942792892456,0.9599472880363464,2.0,ATP_COMPENSATION|SYNERGIC_RESISTANCE|atp_synthase_compensation,"ATP synthase candidate; interpret as follow-up priority, not a clinical call",REVIEWED: Evo/Boltz review completed; no rule-based resistance label assigned
atpE,primary_bdq,resistance_candidate,L59M,coding_substitution,RESISTANT,INTACT,ATP_SYNTHASE_COMPENSATION,COMPLETED,-3.6318511962890625,,0.9230679869651794,0.9230679869651794,0.9579068422317505,2.0,ATP_COMPENSATION|SYNERGIC_RESISTANCE|atp_synthase_compensation,"ATP synthase candidate; interpret as follow-up priority, not a clinical call",REVIEWED: Evo/Boltz review completed; no rule-based resistance label assigned
atpE,primary_bdq,resistance_candidate,M1K,coding_substitution,RESISTANT,INTACT,ATP_SYNTHASE_COMPENSATION,COMPLETED,-3.6283111572265625,,0.9304443001747131,0.9304443001747131,0.957217276096344,2.0,ATP_COMPENSATION|SYNERGIC_RESISTANCE|atp_synthase_compensation,"ATP synthase candidate; interpret as follow-up priority, not a clinical call",REVIEWED: Evo/Boltz review completed; no rule-based resistance label assigned
atpE,primary_bdq,resistance_candidate,A18S,coding_substitution,RESISTANT,INTACT,ATP_SYNTHASE_COMPENSATION,COMPLETED,-3.598358154296875,,0.9373884797096252,0.9373884797096252,0.9564706683158875,2.0,ATP_COMPENSATION|SYNERGIC_RESISTANCE|atp_synthase_compensation,"ATP synthase candidate; interpret as follow-up priority, not a clinical call",REVIEWED: Evo/Boltz review completed; no rule-based resistance label assigned
atpE,primary_bdq,resistance_candidate,A7T,coding_substitution,RESISTANT,INTACT,ATP_SYNTHASE_COMPENSATION,COMPLETED,-3.59808349609375,,0.9225218892097473,0.9225218892097473,0.9607519507408142,2.0,ATP_COMPENSATION|SYNERGIC_RESISTANCE|atp_synthase_compensation,"ATP synthase candidate; interpret as follow-up priority, not a clinical call",REVIEWED: Evo/Boltz review completed; no rule-based resistance label assigned
atpE,primary_bdq,resistance_candidate,I22L,coding_substitution,RESISTANT,INTACT,ATP_SYNTHASE_COMPENSATION,COMPLETED,-3.573394775390625,,0.9098013043403625,0.9098013043403625,0.9579935073852539,2.0,ATP_COMPENSATION|SYNERGIC_RESISTANCE|atp_synthase_compensation,"ATP synthase candidate; interpret as follow-up priority, not a clinical call",REVIEWED: Evo/Boltz review completed; no rule-based resistance label assigned
atpE,primary_bdq,resistance_candidate,A9T,coding_substitution,RESISTANT,INTACT,ATP_SYNTHASE_COMPENSATION,COMPLETED,-3.5160064697265625,,0.9451864361763,0.9451864361763,0.954002857208252,2.0,ATP_COMPENSATION|SYNERGIC_RESISTANCE|atp_synthase_compensation,"ATP synthase candidate; interpret as follow-up priority, not a clinical call",REVIEWED: Evo/Boltz review completed; no rule-based resistance label assigned
atpE,primary_bdq,resistance_candidate,V80F,coding_substitution,RESISTANT,INTACT,ATP_SYNTHASE_COMPENSATION,COMPLETED,-3.364410400390625,,0.9316903352737427,0.9316903352737427,0.9601486921310425,2.0,ATP_COMPENSATION|SYNERGIC_RESISTANCE|atp_synthase_compensation,"ATP synthase candidate; interpret as follow-up priority, not a clinical call",REVIEWED: Evo/Boltz review completed; no rule-based resistance label assigned
atpE,primary_bdq,resistance_candidate,P3H,coding_substitution,RESISTANT,INTACT,ATP_SYNTHASE_COMPENSATION,COMPLETED,-3.34051513671875,,0.9370200634002686,0.9370200634002686,0.9559265375137329,2.0,ATP_COMPENSATION|SYNERGIC_RESISTANCE|atp_synthase_compensation,"ATP synthase candidate; interpret as follow-up priority, not a clinical call",REVIEWED: Evo/Boltz review completed; no rule-based resistance label assigned
atpE,primary_bdq,resistance_candidate,A77V,coding_substitution,RESISTANT,INTACT,ATP_SYNTHASE_COMPENSATION,COMPLETED,-3.3169708251953125,,0.9485266804695129,0.9485266804695129,0.9585016369819641,2.0,ATP_COMPENSATION|SYNERGIC_RESISTANCE|atp_synthase_compensation,"ATP synthase candidate; interpret as follow-up priority, not a clinical call",REVIEWED: Evo/Boltz review completed; no rule-based resistance label assigned
atpE,primary_bdq,resistance_candidate,P3A,coding_substitution,RESISTANT,INTACT,ATP_SYNTHASE_COMPENSATION,COMPLETED,-3.3036346435546875,,0.9385225772857666,0.9385225772857666,0.9534476399421692,2.0,ATP_COMPENSATION|SYNERGIC_RESISTANCE|atp_synthase_compensation,"ATP synthase candidate; interpret as follow-up priority, not a clinical call",REVIEWED: Evo/Boltz review completed; no rule-based resistance label assigned
atpE,primary_bdq,resistance_candidate,T4S,coding_substitution,RESISTANT,INTACT,ATP_SYNTHASE_COMPENSATION,COMPLETED,-3.2323150634765625,,0.9287176728248596,0.9287176728248596,0.9623942971229553,2.0,ATP_COMPENSATION|SYNERGIC_RESISTANCE|atp_synthase_compensation,"ATP synthase candidate; interpret as follow-up priority, not a clinical call",REVIEWED: Evo/Boltz review completed; no rule-based resistance label assigned
atpE,primary_bdq,resistance_candidate,G13S,coding_substitution,RESISTANT,INTACT,ATP_SYNTHASE_COMPENSATION,COMPLETED,-2.9807586669921875,,0.9360379576683044,0.9360379576683044,0.959309458732605,2.0,ATP_COMPENSATION|SYNERGIC_RESISTANCE|atp_synthase_compensation,"ATP synthase candidate; interpret as follow-up priority, not a clinical call",REVIEWED: Evo/Boltz review completed; no rule-based resistance label assigned
atpE,primary_bdq,unsupported_regulatory_evo_only,DEFAULT_AROUND_START:G32C,regulatory,UNKNOWN,UNKNOWN,REGULATORY_SCENARIO_UNSUPPORTED,COMPLETED,5.875,,,,,2.0,ATP_COMPENSATION|SYNERGIC_RESISTANCE|atp_synthase_compensation,"regulatory Evo-only result; useful for limitations, not primary claims","Evo-retained regulatory candidate (delta=5.88); no protein-DNA Boltz scenario available, kept as Evo-only result"
atpE,primary_bdq,unsupported_regulatory_evo_only,DEFAULT_AROUND_START:T30A,regulatory,UNKNOWN,UNKNOWN,REGULATORY_SCENARIO_UNSUPPORTED,COMPLETED,5.53125,,,,,2.0,ATP_COMPENSATION|SYNERGIC_RESISTANCE|atp_synthase_compensation,"regulatory Evo-only result; useful for limitations, not primary claims","Evo-retained regulatory candidate (delta=5.53); no protein-DNA Boltz scenario available, kept as Evo-only result"
atpE,primary_bdq,unsupported_regulatory_evo_only,DEFAULT_AROUND_START:T30C,regulatory,UNKNOWN,UNKNOWN,REGULATORY_SCENARIO_UNSUPPORTED,COMPLETED,5.52734375,,,,,2.0,ATP_COMPENSATION|SYNERGIC_RESISTANCE|atp_synthase_compensation,"regulatory Evo-only result; useful for limitations, not primary claims","Evo-retained regulatory candidate (delta=5.53); no protein-DNA Boltz scenario available, kept as Evo-only result"
atpE,primary_bdq,unsupported_regulatory_evo_only,DEFAULT_AROUND_START:G32T,regulatory,UNKNOWN,UNKNOWN,REGULATORY_SCENARIO_UNSUPPORTED,COMPLETED,5.390625,,,,,2.0,ATP_COMPENSATION|SYNERGIC_RESISTANCE|atp_synthase_compensation,"regulatory Evo-only result; useful for limitations, not primary claims","Evo-retained regulatory candidate (delta=5.39); no protein-DNA Boltz scenario available, kept as Evo-only result"
atpE,primary_bdq,unsupported_regulatory_evo_only,DEFAULT_AROUND_START:T30G,regulatory,UNKNOWN,UNKNOWN,REGULATORY_SCENARIO_UNSUPPORTED,COMPLETED,5.1875,,,,,2.0,ATP_COMPENSATION|SYNERGIC_RESISTANCE|atp_synthase_compensation,"regulatory Evo-only result; useful for limitations, not primary claims","Evo-retained regulatory candidate (delta=5.19); no protein-DNA Boltz scenario available, kept as Evo-only result"
atpE,primary_bdq,unsupported_regulatory_evo_only,DEFAULT_UPSTREAM_120:A24G,regulatory,UNKNOWN,UNKNOWN,REGULATORY_SCENARIO_UNSUPPORTED,COMPLETED,4.962890625,,,,,2.0,ATP_COMPENSATION|SYNERGIC_RESISTANCE|atp_synthase_compensation,"regulatory Evo-only result; useful for limitations, not primary claims","Evo-retained regulatory candidate (delta=4.96); no protein-DNA Boltz scenario available, kept as Evo-only result"
atpE,primary_bdq,unsupported_regulatory_evo_only,DEFAULT_UPSTREAM_120:A37G,regulatory,UNKNOWN,UNKNOWN,REGULATORY_SCENARIO_UNSUPPORTED,COMPLETED,4.9296875,,,,,2.0,ATP_COMPENSATION|SYNERGIC_RESISTANCE|atp_synthase_compensation,"regulatory Evo-only result; useful for limitations, not primary claims","Evo-retained regulatory candidate (delta=4.93); no protein-DNA Boltz scenario available, kept as Evo-only result"
atpE,primary_bdq,unsupported_regulatory_evo_only,DEFAULT_AROUND_START:A31G,regulatory,UNKNOWN,UNKNOWN,REGULATORY_SCENARIO_UNSUPPORTED,COMPLETED,4.83203125,,,,,2.0,ATP_COMPENSATION|SYNERGIC_RESISTANCE|atp_synthase_compensation,"regulatory Evo-only result; useful for limitations, not primary claims","Evo-retained regulatory candidate (delta=4.83); no protein-DNA Boltz scenario available, kept as Evo-only result"
atpE,primary_bdq,unsupported_regulatory_evo_only,DEFAULT_AROUND_START:A31T,regulatory,UNKNOWN,UNKNOWN,REGULATORY_SCENARIO_UNSUPPORTED,COMPLETED,4.81640625,,,,,2.0,ATP_COMPENSATION|SYNERGIC_RESISTANCE|atp_synthase_compensation,"regulatory Evo-only result; useful for limitations, not primary claims","Evo-retained regulatory candidate (delta=4.82); no protein-DNA Boltz scenario available, kept as Evo-only result"
atpE,primary_bdq,unsupported_regulatory_evo_only,DEFAULT_UPSTREAM_120:C40G,regulatory,UNKNOWN,UNKNOWN,REGULATORY_SCENARIO_UNSUPPORTED,COMPLETED,4.34375,,,,,2.0,ATP_COMPENSATION|SYNERGIC_RESISTANCE|atp_synthase_compensation,"regulatory Evo-only result; useful for limitations, not primary claims","Evo-retained regulatory candidate (delta=4.34); no protein-DNA Boltz scenario available, kept as Evo-only result"
atpE,primary_bdq,unsupported_regulatory_evo_only,DEFAULT_UPSTREAM_120:A24C,regulatory,UNKNOWN,UNKNOWN,REGULATORY_SCENARIO_UNSUPPORTED,COMPLETED,4.267578125,,,,,2.0,ATP_COMPENSATION|SYNERGIC_RESISTANCE|atp_synthase_compensation,"regulatory Evo-only result; useful for limitations, not primary claims","Evo-retained regulatory candidate (delta=4.27); no protein-DNA Boltz scenario available, kept as Evo-only result"
atpE,primary_bdq,unsupported_regulatory_evo_only,ATPE_PROMOTER_CORE:G59T,regulatory,UNKNOWN,UNKNOWN,REGULATORY_SCENARIO_UNSUPPORTED,COMPLETED,-3.89453125,,,,,2.0,ATP_COMPENSATION|SYNERGIC_RESISTANCE|atp_synthase_compensation,"regulatory Evo-only result; useful for limitations, not primary claims","Evo-retained regulatory candidate (delta=-3.89); no protein-DNA Boltz scenario available, kept as Evo-only result"
atpE,primary_bdq,unsupported_regulatory_evo_only,DEFAULT_AROUND_START:G32A,regulatory,UNKNOWN,UNKNOWN,REGULATORY_SCENARIO_UNSUPPORTED,COMPLETED,3.8935546875,,,,,2.0,ATP_COMPENSATION|SYNERGIC_RESISTANCE|atp_synthase_compensation,"regulatory Evo-only result; useful for limitations, not primary claims","Evo-retained regulatory candidate (delta=3.89); no protein-DNA Boltz scenario available, kept as Evo-only result"
atpE,primary_bdq,unsupported_regulatory_evo_only,DEFAULT_UPSTREAM_120:T9C,regulatory,UNKNOWN,UNKNOWN,REGULATORY_SCENARIO_UNSUPPORTED,COMPLETED,3.890625,,,,,2.0,ATP_COMPENSATION|SYNERGIC_RESISTANCE|atp_synthase_compensation,"regulatory Evo-only result; useful for limitations, not primary claims","Evo-retained regulatory candidate (delta=3.89); no protein-DNA Boltz scenario available, kept as Evo-only result"
atpE,primary_bdq,unsupported_regulatory_evo_only,DEFAULT_UPSTREAM_120:T53A,regulatory,UNKNOWN,UNKNOWN,REGULATORY_SCENARIO_UNSUPPORTED,COMPLETED,3.740234375,,,,,2.0,ATP_COMPENSATION|SYNERGIC_RESISTANCE|atp_synthase_compensation,"regulatory Evo-only result; useful for limitations, not primary claims","Evo-retained regulatory candidate (delta=3.74); no protein-DNA Boltz scenario available, kept as Evo-only result"
atpE,primary_bdq,unsupported_regulatory_evo_only,DEFAULT_UPSTREAM_120:G18A,regulatory,UNKNOWN,UNKNOWN,REGULATORY_SCENARIO_UNSUPPORTED,COMPLETED,-3.41796875,,,,,2.0,ATP_COMPENSATION|SYNERGIC_RESISTANCE|atp_synthase_compensation,"regulatory Evo-only result; useful for limitations, not primary claims","Evo-retained regulatory candidate (delta=-3.42); no protein-DNA Boltz scenario available, kept as Evo-only result"
atpE,primary_bdq,unsupported_regulatory_evo_only,DEFAULT_AROUND_START:A31C,regulatory,UNKNOWN,UNKNOWN,REGULATORY_SCENARIO_UNSUPPORTED,COMPLETED,3.37109375,,,,,2.0,ATP_COMPENSATION|SYNERGIC_RESISTANCE|atp_synthase_compensation,"regulatory Evo-only result; useful for limitations, not primary claims","Evo-retained regulatory candidate (delta=3.37); no protein-DNA Boltz scenario available, kept as Evo-only result"
atpE,primary_bdq,unsupported_regulatory_evo_only,ATPE_PROMOTER_CORE:T20C,regulatory,UNKNOWN,UNKNOWN,REGULATORY_SCENARIO_UNSUPPORTED,COMPLETED,3.36328125,,,,,2.0,ATP_COMPENSATION|SYNERGIC_RESISTANCE|atp_synthase_compensation,"regulatory Evo-only result; useful for limitations, not primary claims","Evo-retained regulatory candidate (delta=3.36); no protein-DNA Boltz scenario available, kept as Evo-only result"
atpE,primary_bdq,unsupported_regulatory_evo_only,DEFAULT_UPSTREAM_120:G58T,regulatory,UNKNOWN,UNKNOWN,REGULATORY_SCENARIO_UNSUPPORTED,COMPLETED,-3.36328125,,,,,2.0,ATP_COMPENSATION|SYNERGIC_RESISTANCE|atp_synthase_compensation,"regulatory Evo-only result; useful for limitations, not primary claims","Evo-retained regulatory candidate (delta=-3.36); no protein-DNA Boltz scenario available, kept as Evo-only result"
atpE,primary_bdq,unsupported_regulatory_evo_only,DEFAULT_UPSTREAM_120:T20G,regulatory,UNKNOWN,UNKNOWN,REGULATORY_SCENARIO_UNSUPPORTED,COMPLETED,-3.34375,,,,,2.0,ATP_COMPENSATION|SYNERGIC_RESISTANCE|atp_synthase_compensation,"regulatory Evo-only result; useful for limitations, not primary claims","Evo-retained regulatory candidate (delta=-3.34); no protein-DNA Boltz scenario available, kept as Evo-only result"
atpE,primary_bdq,unsupported_regulatory_evo_only,DEFAULT_UPSTREAM_120:T70G,regulatory,UNKNOWN,UNKNOWN,REGULATORY_SCENARIO_UNSUPPORTED,COMPLETED,3.33203125,,,,,2.0,ATP_COMPENSATION|SYNERGIC_RESISTANCE|atp_synthase_compensation,"regulatory Evo-only result; useful for limitations, not primary claims","Evo-retained regulatory candidate (delta=3.33); no protein-DNA Boltz scenario available, kept as Evo-only result"
atpE,primary_bdq,unsupported_regulatory_evo_only,ATPE_PROMOTER_CORE:G22C,regulatory,UNKNOWN,UNKNOWN,REGULATORY_SCENARIO_UNSUPPORTED,COMPLETED,3.234375,,,,,2.0,ATP_COMPENSATION|SYNERGIC_RESISTANCE|atp_synthase_compensation,"regulatory Evo-only result; useful for limitations, not primary claims","Evo-retained regulatory candidate (delta=3.23); no protein-DNA Boltz scenario available, kept as Evo-only result"
atpE,primary_bdq,unsupported_regulatory_evo_only,DEFAULT_UPSTREAM_120:A50C,regulatory,UNKNOWN,UNKNOWN,REGULATORY_SCENARIO_UNSUPPORTED,COMPLETED,3.19921875,,,,,2.0,ATP_COMPENSATION|SYNERGIC_RESISTANCE|atp_synthase_compensation,"regulatory Evo-only result; useful for limitations, not primary claims","Evo-retained regulatory candidate (delta=3.20); no protein-DNA Boltz scenario available, kept as Evo-only result"
atpE,primary_bdq,unsupported_regulatory_evo_only,DEFAULT_AROUND_START:G15C,regulatory,UNKNOWN,UNKNOWN,REGULATORY_SCENARIO_UNSUPPORTED,COMPLETED,3.1953125,,,,,2.0,ATP_COMPENSATION|SYNERGIC_RESISTANCE|atp_synthase_compensation,"regulatory Evo-only result; useful for limitations, not primary claims","Evo-retained regulatory candidate (delta=3.20); no protein-DNA Boltz scenario available, kept as Evo-only result"
atpE,primary_bdq,unsupported_regulatory_evo_only,ATPE_ATPB_INTERGENIC:G37T,regulatory,UNKNOWN,UNKNOWN,REGULATORY_SCENARIO_UNSUPPORTED,COMPLETED,-3.171875,,,,,2.0,ATP_COMPENSATION|SYNERGIC_RESISTANCE|atp_synthase_compensation,"regulatory Evo-only result; useful for limitations, not primary claims","Evo-retained regulatory candidate (delta=-3.17); no protein-DNA Boltz scenario available, kept as Evo-only result"
glpK,exploratory_bdq,resistance_candidate,W481*,truncating,RESISTANT,LOSS_OF_FUNCTION,NEGATIVE_LOF_SIGNATURE,LOSS_OF_FUNCTION,-91.5882568359375,,,,,0,,negative-logic LoF candidate; supports mechanism-driven prioritization,Resistant by short-circuit (NEGATIVE logic): function collapse delta=-91.59 < -8.0; skip Boltz-2
glpK,exploratory_bdq,resistance_candidate,S322*,truncating,RESISTANT,LOSS_OF_FUNCTION,NEGATIVE_LOF_SIGNATURE,LOSS_OF_FUNCTION,-88.291015625,,,,,0,,negative-logic LoF candidate; supports mechanism-driven prioritization,Resistant by short-circuit (NEGATIVE logic): function collapse delta=-88.29 < -8.0; skip Boltz-2
glpK,exploratory_bdq,resistance_candidate,W487*,truncating,RESISTANT,LOSS_OF_FUNCTION,NEGATIVE_LOF_SIGNATURE,LOSS_OF_FUNCTION,-83.76873779296875,,,,,0,,negative-logic LoF candidate; supports mechanism-driven prioritization,Resistant by short-circuit (NEGATIVE logic): function collapse delta=-83.77 < -8.0; skip Boltz-2
glpK,exploratory_bdq,resistance_candidate,E454*,truncating,RESISTANT,LOSS_OF_FUNCTION,NEGATIVE_LOF_SIGNATURE,LOSS_OF_FUNCTION,-80.99371337890625,,,,,0,,negative-logic LoF candidate; supports mechanism-driven prioritization,Resistant by short-circuit (NEGATIVE logic): function collapse delta=-80.99 < -8.0; skip Boltz-2
glpK,exploratory_bdq,resistance_candidate,K485*,truncating,RESISTANT,LOSS_OF_FUNCTION,NEGATIVE_LOF_SIGNATURE,LOSS_OF_FUNCTION,-80.1531982421875,,,,,0,,negative-logic LoF candidate; supports mechanism-driven prioritization,Resistant by short-circuit (NEGATIVE logic): function collapse delta=-80.15 < -8.0; skip Boltz-2
glpK,exploratory_bdq,resistance_candidate,R482*,truncating,RESISTANT,LOSS_OF_FUNCTION,NEGATIVE_LOF_SIGNATURE,LOSS_OF_FUNCTION,-77.186767578125,,,,,0,,negative-logic LoF candidate; supports mechanism-driven prioritization,Resistant by short-circuit (NEGATIVE logic): function collapse delta=-77.19 < -8.0; skip Boltz-2
glpK,exploratory_bdq,resistance_candidate,K314*,truncating,RESISTANT,LOSS_OF_FUNCTION,NEGATIVE_LOF_SIGNATURE,LOSS_OF_FUNCTION,-75.62908935546875,,,,,0,,negative-logic LoF candidate; supports mechanism-driven prioritization,Resistant by short-circuit (NEGATIVE logic): function collapse delta=-75.63 < -8.0; skip Boltz-2
glpK,exploratory_bdq,resistance_candidate,Y462*,truncating,RESISTANT,LOSS_OF_FUNCTION,NEGATIVE_LOF_SIGNATURE,LOSS_OF_FUNCTION,-75.5904541015625,,,,,0,,negative-logic LoF candidate; supports mechanism-driven prioritization,Resistant by short-circuit (NEGATIVE logic): function collapse delta=-75.59 < -8.0; skip Boltz-2
glpK,exploratory_bdq,resistance_candidate,E320*,truncating,RESISTANT,LOSS_OF_FUNCTION,NEGATIVE_LOF_SIGNATURE,LOSS_OF_FUNCTION,-63.064208984375,,,,,0,,negative-logic LoF candidate; supports mechanism-driven prioritization,Resistant by short-circuit (NEGATIVE logic): function collapse delta=-63.06 < -8.0; skip Boltz-2
glpK,exploratory_bdq,resistance_candidate,E483*,truncating,RESISTANT,LOSS_OF_FUNCTION,NEGATIVE_LOF_SIGNATURE,LOSS_OF_FUNCTION,-60.111083984375,,,,,0,,negative-logic LoF candidate; supports mechanism-driven prioritization,Resistant by short-circuit (NEGATIVE logic): function collapse delta=-60.11 < -8.0; skip Boltz-2
glpK,exploratory_bdq,resistance_candidate,Y240*,truncating,RESISTANT,LOSS_OF_FUNCTION,NEGATIVE_LOF_SIGNATURE,LOSS_OF_FUNCTION,-49.51019287109375,,,,,0,,negative-logic LoF candidate; supports mechanism-driven prioritization,Resistant by short-circuit (NEGATIVE logic): function collapse delta=-49.51 < -8.0; skip Boltz-2
glpK,exploratory_bdq,resistance_candidate,L218*,truncating,RESISTANT,LOSS_OF_FUNCTION,NEGATIVE_LOF_SIGNATURE,LOSS_OF_FUNCTION,-48.64447021484375,,,,,0,,negative-logic LoF candidate; supports mechanism-driven prioritization,Resistant by short-circuit (NEGATIVE logic): function collapse delta=-48.64 < -8.0; skip Boltz-2
glpK,exploratory_bdq,resistance_candidate,W491*,truncating,RESISTANT,LOSS_OF_FUNCTION,NEGATIVE_LOF_SIGNATURE,LOSS_OF_FUNCTION,-44.471435546875,,,,,0,,negative-logic LoF candidate; supports mechanism-driven prioritization,Resistant by short-circuit (NEGATIVE logic): function collapse delta=-44.47 < -8.0; skip Boltz-2
glpK,exploratory_bdq,resistance_candidate,Y360*,truncating,RESISTANT,LOSS_OF_FUNCTION,NEGATIVE_LOF_SIGNATURE,LOSS_OF_FUNCTION,-42.3692626953125,,,,,0,,negative-logic LoF candidate; supports mechanism-driven prioritization,Resistant by short-circuit (NEGATIVE logic): function collapse delta=-42.37 < -8.0; skip Boltz-2
glpK,exploratory_bdq,resistance_candidate,W471*,truncating,RESISTANT,LOSS_OF_FUNCTION,NEGATIVE_LOF_SIGNATURE,LOSS_OF_FUNCTION,-42.041748046875,,,,,0,,negative-logic LoF candidate; supports mechanism-driven prioritization,Resistant by short-circuit (NEGATIVE logic): function collapse delta=-42.04 < -8.0; skip Boltz-2
glpK,exploratory_bdq,resistance_candidate,E216*,truncating,RESISTANT,LOSS_OF_FUNCTION,NEGATIVE_LOF_SIGNATURE,LOSS_OF_FUNCTION,-40.697021484375,,,,,0,,negative-logic LoF candidate; supports mechanism-driven prioritization,Resistant by short-circuit (NEGATIVE logic): function collapse delta=-40.70 < -8.0; skip Boltz-2
glpK,exploratory_bdq,resistance_candidate,E495*,truncating,RESISTANT,LOSS_OF_FUNCTION,NEGATIVE_LOF_SIGNATURE,LOSS_OF_FUNCTION,-40.1248779296875,,,,,0,,negative-logic LoF candidate; supports mechanism-driven prioritization,Resistant by short-circuit (NEGATIVE logic): function collapse delta=-40.12 < -8.0; skip Boltz-2
glpK,exploratory_bdq,resistance_candidate,Y317*,truncating,RESISTANT,LOSS_OF_FUNCTION,NEGATIVE_LOF_SIGNATURE,LOSS_OF_FUNCTION,-38.1917724609375,,,,,0,,negative-logic LoF candidate; supports mechanism-driven prioritization,Resistant by short-circuit (NEGATIVE logic): function collapse delta=-38.19 < -8.0; skip Boltz-2
glpK,exploratory_bdq,resistance_candidate,G257*,truncating,RESISTANT,LOSS_OF_FUNCTION,NEGATIVE_LOF_SIGNATURE,LOSS_OF_FUNCTION,-37.97833251953125,,,,,0,,negative-logic LoF candidate; supports mechanism-driven prioritization,Resistant by short-circuit (NEGATIVE logic): function collapse delta=-37.98 < -8.0; skip Boltz-2
glpK,exploratory_bdq,resistance_candidate,W332*,truncating,RESISTANT,LOSS_OF_FUNCTION,NEGATIVE_LOF_SIGNATURE,LOSS_OF_FUNCTION,-37.36981201171875,,,,,0,,negative-logic LoF candidate; supports mechanism-driven prioritization,Resistant by short-circuit (NEGATIVE logic): function collapse delta=-37.37 < -8.0; skip Boltz-2
glpK,exploratory_bdq,resistance_candidate,C307*,truncating,RESISTANT,LOSS_OF_FUNCTION,NEGATIVE_LOF_SIGNATURE,LOSS_OF_FUNCTION,-36.841064453125,,,,,0,,negative-logic LoF candidate; supports mechanism-driven prioritization,Resistant by short-circuit (NEGATIVE logic): function collapse delta=-36.84 < -8.0; skip Boltz-2
glpK,exploratory_bdq,resistance_candidate,Y500*,truncating,RESISTANT,LOSS_OF_FUNCTION,NEGATIVE_LOF_SIGNATURE,LOSS_OF_FUNCTION,-36.760986328125,,,,,0,,negative-logic LoF candidate; supports mechanism-driven prioritization,Resistant by short-circuit (NEGATIVE logic): function collapse delta=-36.76 < -8.0; skip Boltz-2
glpK,exploratory_bdq,resistance_candidate,K505*,truncating,RESISTANT,LOSS_OF_FUNCTION,NEGATIVE_LOF_SIGNATURE,LOSS_OF_FUNCTION,-36.33404541015625,,,,,0,,negative-logic LoF candidate; supports mechanism-driven prioritization,Resistant by short-circuit (NEGATIVE logic): function collapse delta=-36.33 < -8.0; skip Boltz-2
glpK,exploratory_bdq,resistance_candidate,Q309*,truncating,RESISTANT,LOSS_OF_FUNCTION,NEGATIVE_LOF_SIGNATURE,LOSS_OF_FUNCTION,-35.0648193359375,,,,,0,,negative-logic LoF candidate; supports mechanism-driven prioritization,Resistant by short-circuit (NEGATIVE logic): function collapse delta=-35.06 < -8.0; skip Boltz-2
glpK,exploratory_bdq,resistance_candidate,W503*,truncating,RESISTANT,LOSS_OF_FUNCTION,NEGATIVE_LOF_SIGNATURE,LOSS_OF_FUNCTION,-34.69659423828125,,,,,0,,negative-logic LoF candidate; supports mechanism-driven prioritization,Resistant by short-circuit (NEGATIVE logic): function collapse delta=-34.70 < -8.0; skip Boltz-2
glpK,exploratory_bdq,sensitivity_or_retained_function_example,M266I,coding_substitution,SENSITIVE,INTACT,NEGATIVE_FUNCTION_RETAINED,COMPLETED,-7.843017578125,,,,0.9359090924263,0,,mechanistic sensitive/control example for explaining rule direction,Evo-retained CDS candidate (delta=-7.84); queued for dynamic Boltz priority ranking
glpK,exploratory_bdq,sensitivity_or_retained_function_example,K505N,coding_substitution,SENSITIVE,INTACT,NEGATIVE_FUNCTION_RETAINED,COMPLETED,-7.828125,,,,0.9329938292503357,0,,mechanistic sensitive/control example for explaining rule direction,Evo-retained CDS candidate (delta=-7.83); queued for dynamic Boltz priority ranking
glpK,exploratory_bdq,sensitivity_or_retained_function_example,L218F,coding_substitution,SENSITIVE,INTACT,NEGATIVE_FUNCTION_RETAINED,COMPLETED,-7.65283203125,,,,0.9266369342803955,0,,mechanistic sensitive/control example for explaining rule direction,Evo-retained CDS candidate (delta=-7.65); queued for dynamic Boltz priority ranking
glpK,exploratory_bdq,sensitivity_or_retained_function_example,A350S,coding_substitution,SENSITIVE,INTACT,NEGATIVE_FUNCTION_RETAINED,COMPLETED,-7.61572265625,,,,0.9322698712348938,0,,mechanistic sensitive/control example for explaining rule direction,Evo-retained CDS candidate (delta=-7.62); queued for dynamic Boltz priority ranking
glpK,exploratory_bdq,sensitivity_or_retained_function_example,T456N,coding_substitution,SENSITIVE,INTACT,NEGATIVE_FUNCTION_RETAINED,COMPLETED,-7.61224365234375,,,,0.9351106286048889,0,,mechanistic sensitive/control example for explaining rule direction,Evo-retained CDS candidate (delta=-7.61); queued for dynamic Boltz priority ranking
glpK,exploratory_bdq,sensitivity_or_retained_function_example,L303R,coding_substitution,SENSITIVE,INTACT,NEGATIVE_FUNCTION_RETAINED,COMPLETED,-7.61004638671875,,,,0.9364362359046936,0,,mechanistic sensitive/control example for explaining rule direction,Evo-retained CDS candidate (delta=-7.61); queued for dynamic Boltz priority ranking
glpK,exploratory_bdq,sensitivity_or_retained_function_example,P254Q,coding_substitution,SENSITIVE,INTACT,NEGATIVE_FUNCTION_RETAINED,COMPLETED,-7.609130859375,,,,0.926923930644989,0,,mechanistic sensitive/control example for explaining rule direction,Evo-retained CDS candidate (delta=-7.61); queued for dynamic Boltz priority ranking
glpK,exploratory_bdq,sensitivity_or_retained_function_example,R136C,coding_substitution,SENSITIVE,INTACT,NEGATIVE_FUNCTION_RETAINED,COMPLETED,-7.605712890625,,,,0.9351434707641602,0,,mechanistic sensitive/control example for explaining rule direction,Evo-retained CDS candidate (delta=-7.61); queued for dynamic Boltz priority ranking
glpK,exploratory_bdq,sensitivity_or_retained_function_example,E293G,coding_substitution,SENSITIVE,INTACT,NEGATIVE_FUNCTION_RETAINED,COMPLETED,-7.600341796875,,,,0.9356259107589722,0,,mechanistic sensitive/control example for explaining rule direction,Evo-retained CDS candidate (delta=-7.60); queued for dynamic Boltz priority ranking
glpK,exploratory_bdq,sensitivity_or_retained_function_example,V270F,coding_substitution,SENSITIVE,INTACT,NEGATIVE_FUNCTION_RETAINED,COMPLETED,-7.59844970703125,,,,0.9227420091629028,0,,mechanistic sensitive/control example for explaining rule direction,Evo-retained CDS candidate (delta=-7.60); queued for dynamic Boltz priority ranking
glpK,exploratory_bdq,sensitivity_or_retained_function_example,R121L,coding_substitution,SENSITIVE,INTACT,NEGATIVE_FUNCTION_RETAINED,COMPLETED,-7.5960693359375,,,,0.9316449761390686,0,,mechanistic sensitive/control example for explaining rule direction,Evo-retained CDS candidate (delta=-7.60); queued for dynamic Boltz priority ranking
glpK,exploratory_bdq,sensitivity_or_retained_function_example,F369L,coding_substitution,SENSITIVE,INTACT,NEGATIVE_FUNCTION_RETAINED,COMPLETED,-7.59130859375,,,,0.9409778118133545,0,,mechanistic sensitive/control example for explaining rule direction,Evo-retained CDS candidate (delta=-7.59); queued for dynamic Boltz priority ranking
glpK,exploratory_bdq,sensitivity_or_retained_function_example,N76H,coding_substitution,SENSITIVE,INTACT,NEGATIVE_FUNCTION_RETAINED,COMPLETED,-7.58740234375,,,,0.9284886121749878,0,,mechanistic sensitive/control example for explaining rule direction,Evo-retained CDS candidate (delta=-7.59); queued for dynamic Boltz priority ranking
glpK,exploratory_bdq,sensitivity_or_retained_function_example,V296L,coding_substitution,SENSITIVE,INTACT,NEGATIVE_FUNCTION_RETAINED,COMPLETED,-7.5860595703125,,,,0.9373177289962769,0,,mechanistic sensitive/control example for explaining rule direction,Evo-retained CDS candidate (delta=-7.59); queued for dynamic Boltz priority ranking
glpK,exploratory_bdq,sensitivity_or_retained_function_example,G149D,coding_substitution,SENSITIVE,INTACT,NEGATIVE_FUNCTION_RETAINED,COMPLETED,-7.5858154296875,,,,0.9271525144577026,0,,mechanistic sensitive/control example for explaining rule direction,Evo-retained CDS candidate (delta=-7.59); queued for dynamic Boltz priority ranking
glpK,exploratory_bdq,sensitivity_or_retained_function_example,S201T,coding_substitution,SENSITIVE,INTACT,NEGATIVE_FUNCTION_RETAINED,COMPLETED,-7.5831298828125,,,,0.9318016767501831,0,,mechanistic sensitive/control example for explaining rule direction,Evo-retained CDS candidate (delta=-7.58); queued for dynamic Boltz priority ranking
glpK,exploratory_bdq,sensitivity_or_retained_function_example,A464V,coding_substitution,SENSITIVE,INTACT,NEGATIVE_FUNCTION_RETAINED,COMPLETED,-7.57733154296875,,,,0.9354496598243713,0,,mechanistic sensitive/control example for explaining rule direction,Evo-retained CDS candidate (delta=-7.58); queued for dynamic Boltz priority ranking
glpK,exploratory_bdq,sensitivity_or_retained_function_example,L368M,coding_substitution,SENSITIVE,INTACT,NEGATIVE_FUNCTION_RETAINED,COMPLETED,-7.57647705078125,,,,0.9293332099914551,0,,mechanistic sensitive/control example for explaining rule direction,Evo-retained CDS candidate (delta=-7.58); queued for dynamic Boltz priority ranking
glpK,exploratory_bdq,sensitivity_or_retained_function_example,V242D,coding_substitution,SENSITIVE,INTACT,NEGATIVE_FUNCTION_RETAINED,COMPLETED,-7.575439453125,,,,0.9277773499488831,0,,mechanistic sensitive/control example for explaining rule direction,Evo-retained CDS candidate (delta=-7.58); queued for dynamic Boltz priority ranking
glpK,exploratory_bdq,sensitivity_or_retained_function_example,T326S,coding_substitution,SENSITIVE,INTACT,NEGATIVE_FUNCTION_RETAINED,COMPLETED,-7.5743408203125,,,,0.9407909512519836,0,,mechanistic sensitive/control example for explaining rule direction,Evo-retained CDS candidate (delta=-7.57); queued for dynamic Boltz priority ranking
glpK,exploratory_bdq,sensitivity_or_retained_function_example,T203S,coding_substitution,SENSITIVE,INTACT,NEGATIVE_FUNCTION_RETAINED,COMPLETED,-7.5728759765625,,,,0.9312125444412231,0,,mechanistic sensitive/control example for explaining rule direction,Evo-retained CDS candidate (delta=-7.57); queued for dynamic Boltz priority ranking
glpK,exploratory_bdq,sensitivity_or_retained_function_example,M204I,coding_substitution,SENSITIVE,INTACT,NEGATIVE_FUNCTION_RETAINED,COMPLETED,-7.571044921875,,,,0.9360369443893433,0,,mechanistic sensitive/control example for explaining rule direction,Evo-retained CDS candidate (delta=-7.57); queued for dynamic Boltz priority ranking
glpK,exploratory_bdq,sensitivity_or_retained_function_example,T256N,coding_substitution,SENSITIVE,INTACT,NEGATIVE_FUNCTION_RETAINED,COMPLETED,-7.56787109375,,,,0.9377442598342896,0,,mechanistic sensitive/control example for explaining rule direction,Evo-retained CDS candidate (delta=-7.57); queued for dynamic Boltz priority ranking
glpK,exploratory_bdq,sensitivity_or_retained_function_example,T430S,coding_substitution,SENSITIVE,INTACT,NEGATIVE_FUNCTION_RETAINED,COMPLETED,-7.5672607421875,,,,0.9305019974708557,0,,mechanistic sensitive/control example for explaining rule direction,Evo-retained CDS candidate (delta=-7.57); queued for dynamic Boltz priority ranking
glpK,exploratory_bdq,sensitivity_or_retained_function_example,G140R,coding_substitution,SENSITIVE,INTACT,NEGATIVE_FUNCTION_RETAINED,COMPLETED,-7.5643310546875,,,,0.9315402507781982,0,,mechanistic sensitive/control example for explaining rule direction,Evo-retained CDS candidate (delta=-7.56); queued for dynamic Boltz priority ranking
glpK,exploratory_bdq,unsupported_regulatory_evo_only,DEFAULT_UPSTREAM_120:C35A,regulatory,UNKNOWN,UNKNOWN,REGULATORY_SCENARIO_UNSUPPORTED,COMPLETED,-3.57421875,,,,,0,,"regulatory Evo-only result; useful for limitations, not primary claims","Evo-retained regulatory candidate (delta=-3.57); no protein-DNA Boltz scenario available, kept as Evo-only result"
glpK,exploratory_bdq,unsupported_regulatory_evo_only,DEFAULT_UPSTREAM_120:A45C,regulatory,UNKNOWN,UNKNOWN,REGULATORY_SCENARIO_UNSUPPORTED,COMPLETED,3.525390625,,,,,0,,"regulatory Evo-only result; useful for limitations, not primary claims","Evo-retained regulatory candidate (delta=3.53); no protein-DNA Boltz scenario available, kept as Evo-only result"
glpK,exploratory_bdq,unsupported_regulatory_evo_only,DEFAULT_UPSTREAM_120:T95A,regulatory,UNKNOWN,UNKNOWN,REGULATORY_SCENARIO_UNSUPPORTED,COMPLETED,3.3857421875,,,,,0,,"regulatory Evo-only result; useful for limitations, not primary claims","Evo-retained regulatory candidate (delta=3.39); no protein-DNA Boltz scenario available, kept as Evo-only result"
glpK,exploratory_bdq,unsupported_regulatory_evo_only,DEFAULT_UPSTREAM_120:T44C,regulatory,UNKNOWN,UNKNOWN,REGULATORY_SCENARIO_UNSUPPORTED,COMPLETED,3.205078125,,,,,0,,"regulatory Evo-only result; useful for limitations, not primary claims","Evo-retained regulatory candidate (delta=3.21); no protein-DNA Boltz scenario available, kept as Evo-only result"
glpK,exploratory_bdq,unsupported_regulatory_evo_only,DEFAULT_UPSTREAM_120:A30T,regulatory,UNKNOWN,UNKNOWN,REGULATORY_SCENARIO_UNSUPPORTED,COMPLETED,-2.58984375,,,,,0,,"regulatory Evo-only result; useful for limitations, not primary claims","Evo-retained regulatory candidate (delta=-2.59); no protein-DNA Boltz scenario available, kept as Evo-only result"
glpK,exploratory_bdq,unsupported_regulatory_evo_only,DEFAULT_UPSTREAM_120:T44G,regulatory,UNKNOWN,UNKNOWN,REGULATORY_SCENARIO_UNSUPPORTED,COMPLETED,2.513671875,,,,,0,,"regulatory Evo-only result; useful for limitations, not primary claims","Evo-retained regulatory candidate (delta=2.51); no protein-DNA Boltz scenario available, kept as Evo-only result"
glpK,exploratory_bdq,unsupported_regulatory_evo_only,DEFAULT_UPSTREAM_120:C26A,regulatory,UNKNOWN,UNKNOWN,REGULATORY_SCENARIO_UNSUPPORTED,COMPLETED,-2.3984375,,,,,0,,"regulatory Evo-only result; useful for limitations, not primary claims","Evo-retained regulatory candidate (delta=-2.40); no protein-DNA Boltz scenario available, kept as Evo-only result"
glpK,exploratory_bdq,unsupported_regulatory_evo_only,DEFAULT_UPSTREAM_120:A47C,regulatory,UNKNOWN,UNKNOWN,REGULATORY_SCENARIO_UNSUPPORTED,COMPLETED,2.384765625,,,,,0,,"regulatory Evo-only result; useful for limitations, not primary claims","Evo-retained regulatory candidate (delta=2.38); no protein-DNA Boltz scenario available, kept as Evo-only result"
glpK,exploratory_bdq,unsupported_regulatory_evo_only,DEFAULT_UPSTREAM_120:G91A,regulatory,UNKNOWN,UNKNOWN,REGULATORY_SCENARIO_UNSUPPORTED,COMPLETED,2.2919921875,,,,,0,,"regulatory Evo-only result; useful for limitations, not primary claims","Evo-retained regulatory candidate (delta=2.29); no protein-DNA Boltz scenario available, kept as Evo-only result"
glpK,exploratory_bdq,unsupported_regulatory_evo_only,DEFAULT_UPSTREAM_120:C27G,regulatory,UNKNOWN,UNKNOWN,REGULATORY_SCENARIO_UNSUPPORTED,COMPLETED,2.1708984375,,,,,0,,"regulatory Evo-only result; useful for limitations, not primary claims","Evo-retained regulatory candidate (delta=2.17); no protein-DNA Boltz scenario available, kept as Evo-only result"
glpK,exploratory_bdq,unsupported_regulatory_evo_only,DEFAULT_UPSTREAM_120:T77G,regulatory,UNKNOWN,UNKNOWN,REGULATORY_SCENARIO_UNSUPPORTED,COMPLETED,2.1328125,,,,,0,,"regulatory Evo-only result; useful for limitations, not primary claims","Evo-retained regulatory candidate (delta=2.13); no protein-DNA Boltz scenario available, kept as Evo-only result"
glpK,exploratory_bdq,unsupported_regulatory_evo_only,DEFAULT_UPSTREAM_120:G70T,regulatory,UNKNOWN,UNKNOWN,REGULATORY_SCENARIO_UNSUPPORTED,COMPLETED,-2.107421875,,,,,0,,"regulatory Evo-only result; useful for limitations, not primary claims","Evo-retained regulatory candidate (delta=-2.11); no protein-DNA Boltz scenario available, kept as Evo-only result"
glpK,exploratory_bdq,unsupported_regulatory_evo_only,DEFAULT_AROUND_START:G51A,regulatory,UNKNOWN,UNKNOWN,REGULATORY_SCENARIO_UNSUPPORTED,COMPLETED,-2.091796875,,,,,0,,"regulatory Evo-only result; useful for limitations, not primary claims","Evo-retained regulatory candidate (delta=-2.09); no protein-DNA Boltz scenario available, kept as Evo-only result"
glpK,exploratory_bdq,unsupported_regulatory_evo_only,DEFAULT_UPSTREAM_120:G21T,regulatory,UNKNOWN,UNKNOWN,REGULATORY_SCENARIO_UNSUPPORTED,COMPLETED,2.08984375,,,,,0,,"regulatory Evo-only result; useful for limitations, not primary claims","Evo-retained regulatory candidate (delta=2.09); no protein-DNA Boltz scenario available, kept as Evo-only result"
glpK,exploratory_bdq,unsupported_regulatory_evo_only,DEFAULT_AROUND_START:G39T,regulatory,UNKNOWN,UNKNOWN,REGULATORY_SCENARIO_UNSUPPORTED,COMPLETED,-2.0703125,,,,,0,,"regulatory Evo-only result; useful for limitations, not primary claims","Evo-retained regulatory candidate (delta=-2.07); no protein-DNA Boltz scenario available, kept as Evo-only result"
glpK,exploratory_bdq,unsupported_regulatory_evo_only,DEFAULT_AROUND_START:G30T,regulatory,UNKNOWN,UNKNOWN,REGULATORY_SCENARIO_UNSUPPORTED,COMPLETED,-2.05859375,,,,,0,,"regulatory Evo-only result; useful for limitations, not primary claims","Evo-retained regulatory candidate (delta=-2.06); no protein-DNA Boltz scenario available, kept as Evo-only result"
glpK,exploratory_bdq,unsupported_regulatory_evo_only,DEFAULT_UPSTREAM_120:A47G,regulatory,UNKNOWN,UNKNOWN,REGULATORY_SCENARIO_UNSUPPORTED,COMPLETED,2.044921875,,,,,0,,"regulatory Evo-only result; useful for limitations, not primary claims","Evo-retained regulatory candidate (delta=2.04); no protein-DNA Boltz scenario available, kept as Evo-only result"
glpK,exploratory_bdq,unsupported_regulatory_evo_only,DEFAULT_AROUND_START:A98C,regulatory,UNKNOWN,UNKNOWN,REGULATORY_SCENARIO_UNSUPPORTED,COMPLETED,2.0390625,,,,,0,,"regulatory Evo-only result; useful for limitations, not primary claims","Evo-retained regulatory candidate (delta=2.04); no protein-DNA Boltz scenario available, kept as Evo-only result"
glpK,exploratory_bdq,unsupported_regulatory_evo_only,DEFAULT_AROUND_START:G66A,regulatory,UNKNOWN,UNKNOWN,REGULATORY_SCENARIO_UNSUPPORTED,COMPLETED,-2.0234375,,,,,0,,"regulatory Evo-only result; useful for limitations, not primary claims","Evo-retained regulatory candidate (delta=-2.02); no protein-DNA Boltz scenario available, kept as Evo-only result"
glpK,exploratory_bdq,unsupported_regulatory_evo_only,DEFAULT_UPSTREAM_120:G106A,regulatory,UNKNOWN,UNKNOWN,REGULATORY_SCENARIO_UNSUPPORTED,COMPLETED,-2.0234375,,,,,0,,"regulatory Evo-only result; useful for limitations, not primary claims","Evo-retained regulatory candidate (delta=-2.02); no protein-DNA Boltz scenario available, kept as Evo-only result"
glpK,exploratory_bdq,unsupported_regulatory_evo_only,DEFAULT_AROUND_START:C16A,regulatory,UNKNOWN,UNKNOWN,REGULATORY_SCENARIO_UNSUPPORTED,COMPLETED,-2.0,,,,,0,,"regulatory Evo-only result; useful for limitations, not primary claims","Evo-retained regulatory candidate (delta=-2.00); no protein-DNA Boltz scenario available, kept as Evo-only result"
glpK,exploratory_bdq,unsupported_regulatory_evo_only,DEFAULT_UPSTREAM_120:C29T,regulatory,UNKNOWN,UNKNOWN,REGULATORY_SCENARIO_UNSUPPORTED,COMPLETED,-2.0,,,,,0,,"regulatory Evo-only result; useful for limitations, not primary claims","Evo-retained regulatory candidate (delta=-2.00); no protein-DNA Boltz scenario available, kept as Evo-only result"
glpK,exploratory_bdq,unsupported_regulatory_evo_only,DEFAULT_AROUND_START:T84G,regulatory,UNKNOWN,UNKNOWN,REGULATORY_SCENARIO_UNSUPPORTED,COMPLETED,1.93359375,,,,,0,,"regulatory Evo-only result; useful for limitations, not primary claims","Evo-retained regulatory candidate (delta=1.93); no protein-DNA Boltz scenario available, kept as Evo-only result"
glpK,exploratory_bdq,unsupported_regulatory_evo_only,DEFAULT_UPSTREAM_120:G7T,regulatory,UNKNOWN,UNKNOWN,REGULATORY_SCENARIO_UNSUPPORTED,COMPLETED,-1.88671875,,,,,0,,"regulatory Evo-only result; useful for limitations, not primary claims","Evo-retained regulatory candidate (delta=-1.89); no protein-DNA Boltz scenario available, kept as Evo-only result"
glpK,exploratory_bdq,unsupported_regulatory_evo_only,DEFAULT_UPSTREAM_120:G7A,regulatory,UNKNOWN,UNKNOWN,REGULATORY_SCENARIO_UNSUPPORTED,COMPLETED,-1.8828125,,,,,0,,"regulatory Evo-only result; useful for limitations, not primary claims","Evo-retained regulatory candidate (delta=-1.88); no protein-DNA Boltz scenario available, kept as Evo-only result"
mmpL5,primary_bdq,sensitivity_or_retained_function_example,R21*,truncating,SENSITIVE,LOSS_OF_FUNCTION,EFFLUX_PUMP_COLLAPSE,LOSS_OF_FUNCTION,-9.86669921875,,,,,-10.0,HYPERSENSITIVE|PUMP_COLLAPSE|efflux_pump_collapse,mechanistic sensitive/control example for explaining rule direction,mmpS5和mmpL5同时发生功能丧失(LOF)突变，导致外排泵彻底崩溃，产生强烈的协同敏感效应; mmpS5和mmpL5同时发生功能丧失(LOF)突变，导致外排泵彻底崩溃，产生强烈的协同敏感效应
mmpL5,primary_bdq,sensitivity_or_retained_function_example,S496*,truncating,SENSITIVE,LOSS_OF_FUNCTION,EFFLUX_PUMP_COLLAPSE,LOSS_OF_FUNCTION,-9.8515625,,,,,-10.0,HYPERSENSITIVE|PUMP_COLLAPSE|efflux_pump_collapse,mechanistic sensitive/control example for explaining rule direction,Structural efflux collapse (delta=-9.85 < -8.0); potential re-sensitization context; mmpS5和mmpL5同时发生功能丧失(LOF)突变，导致外排泵彻底崩溃，产生强烈的协同敏感效应; mmpS5和mmpL5同时发生功能丧失(LOF)突变，导致外排泵彻底崩溃，产生强烈的协同敏感效应
mmpL5,primary_bdq,sensitivity_or_retained_function_example,G85*,truncating,SENSITIVE,LOSS_OF_FUNCTION,EFFLUX_PUMP_COLLAPSE,LOSS_OF_FUNCTION,-9.2440185546875,,,,,-10.0,HYPERSENSITIVE|PUMP_COLLAPSE|efflux_pump_collapse,mechanistic sensitive/control example for explaining rule direction,Structural efflux collapse (delta=-9.24 < -8.0); potential re-sensitization context; mmpS5和mmpL5同时发生功能丧失(LOF)突变，导致外排泵彻底崩溃，产生强烈的协同敏感效应; mmpS5和mmpL5同时发生功能丧失(LOF)突变，导致外排泵彻底崩溃，产生强烈的协同敏感效应
mmpL5,primary_bdq,sensitivity_or_retained_function_example,W952*,truncating,SENSITIVE,LOSS_OF_FUNCTION,EFFLUX_PUMP_COLLAPSE,LOSS_OF_FUNCTION,-8.7686767578125,,,,,-10.0,HYPERSENSITIVE|PUMP_COLLAPSE|efflux_pump_collapse,mechanistic sensitive/control example for explaining rule direction,Structural efflux collapse (delta=-8.77 < -8.0); potential re-sensitization context; mmpS5和mmpL5同时发生功能丧失(LOF)突变，导致外排泵彻底崩溃，产生强烈的协同敏感效应; mmpS5和mmpL5同时发生功能丧失(LOF)突变，导致外排泵彻底崩溃，产生强烈的协同敏感效应
mmpL5,primary_bdq,sensitivity_or_retained_function_example,S954*,truncating,SENSITIVE,LOSS_OF_FUNCTION,EFFLUX_PUMP_COLLAPSE,LOSS_OF_FUNCTION,-2.9871826171875,,,,,-10.0,HYPERSENSITIVE|PUMP_COLLAPSE|efflux_pump_collapse,mechanistic sensitive/control example for explaining rule direction,Resistant by annotated truncating/frameshift/start-loss signature: aa_change=S954*; mmpS5和mmpL5同时发生功能丧失(LOF)突变，导致外排泵彻底崩溃，产生强烈的协同敏感效应; mmpS5和mmpL5同时发生功能丧失(LOF)突变，导致外排泵彻底崩溃，产生强烈的协同敏感效应
mmpL5,primary_bdq,sensitivity_or_retained_function_example,S957*,truncating,SENSITIVE,LOSS_OF_FUNCTION,EFFLUX_PUMP_COLLAPSE,LOSS_OF_FUNCTION,-2.06494140625,,,,,-10.0,HYPERSENSITIVE|PUMP_COLLAPSE|efflux_pump_collapse,mechanistic sensitive/control example for explaining rule direction,Resistant by annotated truncating/frameshift/start-loss signature: aa_change=S957*; mmpS5和mmpL5同时发生功能丧失(LOF)突变，导致外排泵彻底崩溃，产生强烈的协同敏感效应; mmpS5和mmpL5同时发生功能丧失(LOF)突变，导致外排泵彻底崩溃，产生强烈的协同敏感效应
mmpL5,primary_bdq,sensitivity_or_retained_function_example,K152*,truncating,SENSITIVE,LOSS_OF_FUNCTION,EFFLUX_PUMP_COLLAPSE,LOSS_OF_FUNCTION,-1.41259765625,,,,,-10.0,HYPERSENSITIVE|PUMP_COLLAPSE|efflux_pump_collapse,mechanistic sensitive/control example for explaining rule direction,Resistant by annotated truncating/frameshift/start-loss signature: aa_change=K152*; mmpS5和mmpL5同时发生功能丧失(LOF)突变，导致外排泵彻底崩溃，产生强烈的协同敏感效应; mmpS5和mmpL5同时发生功能丧失(LOF)突变，导致外排泵彻底崩溃，产生强烈的协同敏感效应
mmpL5,primary_bdq,sensitivity_or_retained_function_example,L963*,truncating,SENSITIVE,LOSS_OF_FUNCTION,EFFLUX_PUMP_COLLAPSE,LOSS_OF_FUNCTION,1.001708984375,,,,,-10.0,HYPERSENSITIVE|PUMP_COLLAPSE|efflux_pump_collapse,mechanistic sensitive/control example for explaining rule direction,Resistant by annotated truncating/frameshift/start-loss signature: aa_change=L963*; mmpS5和mmpL5同时发生功能丧失(LOF)突变，导致外排泵彻底崩溃，产生强烈的协同敏感效应; mmpS5和mmpL5同时发生功能丧失(LOF)突变，导致外排泵彻底崩溃，产生强烈的协同敏感效应
mmpL5,primary_bdq,sensitivity_or_retained_function_example,F577L,coding_substitution,SENSITIVE,LOSS_OF_FUNCTION,EFFLUX_PUMP_COLLAPSE,LOSS_OF_FUNCTION,-9.99755859375,,,,,-10.0,HYPERSENSITIVE|PUMP_COLLAPSE|efflux_pump_collapse,mechanistic sensitive/control example for explaining rule direction,Structural efflux collapse (delta=-10.00 < -8.0); potential re-sensitization context; mmpS5和mmpL5同时发生功能丧失(LOF)突变，导致外排泵彻底崩溃，产生强烈的协同敏感效应; mmpS5和mmpL5同时发生功能丧失(LOF)突变，导致外排泵彻底崩溃，产生强烈的协同敏感效应
mmpL5,primary_bdq,sensitivity_or_retained_function_example,I610T,coding_substitution,SENSITIVE,LOSS_OF_FUNCTION,EFFLUX_PUMP_COLLAPSE,LOSS_OF_FUNCTION,-9.9951171875,,,,,-10.0,HYPERSENSITIVE|PUMP_COLLAPSE|efflux_pump_collapse,mechanistic sensitive/control example for explaining rule direction,Structural efflux collapse (delta=-10.00 < -8.0); potential re-sensitization context; mmpS5和mmpL5同时发生功能丧失(LOF)突变，导致外排泵彻底崩溃，产生强烈的协同敏感效应; mmpS5和mmpL5同时发生功能丧失(LOF)突变，导致外排泵彻底崩溃，产生强烈的协同敏感效应
mmpL5,primary_bdq,sensitivity_or_retained_function_example,A298E,coding_substitution,SENSITIVE,LOSS_OF_FUNCTION,EFFLUX_PUMP_COLLAPSE,LOSS_OF_FUNCTION,-9.9901123046875,,,,,-10.0,HYPERSENSITIVE|PUMP_COLLAPSE|efflux_pump_collapse,mechanistic sensitive/control example for explaining rule direction,Structural efflux collapse (delta=-9.99 < -8.0); potential re-sensitization context; mmpS5和mmpL5同时发生功能丧失(LOF)突变，导致外排泵彻底崩溃，产生强烈的协同敏感效应; mmpS5和mmpL5同时发生功能丧失(LOF)突变，导致外排泵彻底崩溃，产生强烈的协同敏感效应
mmpL5,primary_bdq,sensitivity_or_retained_function_example,D775H,coding_substitution,SENSITIVE,LOSS_OF_FUNCTION,EFFLUX_PUMP_COLLAPSE,LOSS_OF_FUNCTION,-9.984375,,,,,-10.0,HYPERSENSITIVE|PUMP_COLLAPSE|efflux_pump_collapse,mechanistic sensitive/control example for explaining rule direction,Structural efflux collapse (delta=-9.98 < -8.0); potential re-sensitization context; mmpS5和mmpL5同时发生功能丧失(LOF)突变，导致外排泵彻底崩溃，产生强烈的协同敏感效应; mmpS5和mmpL5同时发生功能丧失(LOF)突变，导致外排泵彻底崩溃，产生强烈的协同敏感效应
mmpL5,primary_bdq,sensitivity_or_retained_function_example,F788Y,coding_substitution,SENSITIVE,LOSS_OF_FUNCTION,EFFLUX_PUMP_COLLAPSE,LOSS_OF_FUNCTION,-9.9814453125,,,,,-10.0,HYPERSENSITIVE|PUMP_COLLAPSE|efflux_pump_collapse,mechanistic sensitive/control example for explaining rule direction,Structural efflux collapse (delta=-9.98 < -8.0); potential re-sensitization context; mmpS5和mmpL5同时发生功能丧失(LOF)突变，导致外排泵彻底崩溃，产生强烈的协同敏感效应; mmpS5和mmpL5同时发生功能丧失(LOF)突变，导致外排泵彻底崩溃，产生强烈的协同敏感效应
mmpL5,primary_bdq,sensitivity_or_retained_function_example,G314C,coding_substitution,SENSITIVE,LOSS_OF_FUNCTION,EFFLUX_PUMP_COLLAPSE,LOSS_OF_FUNCTION,-9.980224609375,,,,,-10.0,HYPERSENSITIVE|PUMP_COLLAPSE|efflux_pump_collapse,mechanistic sensitive/control example for explaining rule direction,Structural efflux collapse (delta=-9.98 < -8.0); potential re-sensitization context; mmpS5和mmpL5同时发生功能丧失(LOF)突变，导致外排泵彻底崩溃，产生强烈的协同敏感效应; mmpS5和mmpL5同时发生功能丧失(LOF)突变，导致外排泵彻底崩溃，产生强烈的协同敏感效应
mmpL5,primary_bdq,sensitivity_or_retained_function_example,A318T,coding_substitution,SENSITIVE,LOSS_OF_FUNCTION,EFFLUX_PUMP_COLLAPSE,LOSS_OF_FUNCTION,-9.97509765625,,,,,-10.0,HYPERSENSITIVE|PUMP_COLLAPSE|efflux_pump_collapse,mechanistic sensitive/control example for explaining rule direction,Structural efflux collapse (delta=-9.98 < -8.0); potential re-sensitization context; mmpS5和mmpL5同时发生功能丧失(LOF)突变，导致外排泵彻底崩溃，产生强烈的协同敏感效应; mmpS5和mmpL5同时发生功能丧失(LOF)突变，导致外排泵彻底崩溃，产生强烈的协同敏感效应
mmpL5,primary_bdq,sensitivity_or_retained_function_example,A118P,coding_substitution,SENSITIVE,LOSS_OF_FUNCTION,EFFLUX_PUMP_COLLAPSE,LOSS_OF_FUNCTION,-9.97216796875,,,,,-10.0,HYPERSENSITIVE|PUMP_COLLAPSE|efflux_pump_collapse,mechanistic sensitive/control example for explaining rule direction,Structural efflux collapse (delta=-9.97 < -8.0); potential re-sensitization context; mmpS5和mmpL5同时发生功能丧失(LOF)突变，导致外排泵彻底崩溃，产生强烈的协同敏感效应; mmpS5和mmpL5同时发生功能丧失(LOF)突变，导致外排泵彻底崩溃，产生强烈的协同敏感效应
mmpL5,primary_bdq,sensitivity_or_retained_function_example,G828C,coding_substitution,SENSITIVE,LOSS_OF_FUNCTION,EFFLUX_PUMP_COLLAPSE,LOSS_OF_FUNCTION,-9.970458984375,,,,,-10.0,HYPERSENSITIVE|PUMP_COLLAPSE|efflux_pump_collapse,mechanistic sensitive/control example for explaining rule direction,Structural efflux collapse (delta=-9.97 < -8.0); potential re-sensitization context; mmpS5和mmpL5同时发生功能丧失(LOF)突变，导致外排泵彻底崩溃，产生强烈的协同敏感效应; mmpS5和mmpL5同时发生功能丧失(LOF)突变，导致外排泵彻底崩溃，产生强烈的协同敏感效应
mmpL5,primary_bdq,sensitivity_or_retained_function_example,V309A,coding_substitution,SENSITIVE,LOSS_OF_FUNCTION,EFFLUX_PUMP_COLLAPSE,LOSS_OF_FUNCTION,-9.96826171875,,,,,-10.0,HYPERSENSITIVE|PUMP_COLLAPSE|efflux_pump_collapse,mechanistic sensitive/control example for explaining rule direction,Structural efflux collapse (delta=-9.97 < -8.0); potential re-sensitization context; mmpS5和mmpL5同时发生功能丧失(LOF)突变，导致外排泵彻底崩溃，产生强烈的协同敏感效应; mmpS5和mmpL5同时发生功能丧失(LOF)突变，导致外排泵彻底崩溃，产生强烈的协同敏感效应
mmpL5,primary_bdq,sensitivity_or_retained_function_example,D593A,coding_substitution,SENSITIVE,LOSS_OF_FUNCTION,EFFLUX_PUMP_COLLAPSE,LOSS_OF_FUNCTION,-9.966064453125,,,,,-10.0,HYPERSENSITIVE|PUMP_COLLAPSE|efflux_pump_collapse,mechanistic sensitive/control example for explaining rule direction,Structural efflux collapse (delta=-9.97 < -8.0); potential re-sensitization context; mmpS5和mmpL5同时发生功能丧失(LOF)突变，导致外排泵彻底崩溃，产生强烈的协同敏感效应; mmpS5和mmpL5同时发生功能丧失(LOF)突变，导致外排泵彻底崩溃，产生强烈的协同敏感效应
mmpL5,primary_bdq,sensitivity_or_retained_function_example,G505S,coding_substitution,SENSITIVE,LOSS_OF_FUNCTION,EFFLUX_PUMP_COLLAPSE,LOSS_OF_FUNCTION,-9.9658203125,,,,,-10.0,HYPERSENSITIVE|PUMP_COLLAPSE|efflux_pump_collapse,mechanistic sensitive/control example for explaining rule direction,Structural efflux collapse (delta=-9.97 < -8.0); potential re-sensitization context; mmpS5和mmpL5同时发生功能丧失(LOF)突变，导致外排泵彻底崩溃，产生强烈的协同敏感效应; mmpS5和mmpL5同时发生功能丧失(LOF)突变，导致外排泵彻底崩溃，产生强烈的协同敏感效应
mmpL5,primary_bdq,sensitivity_or_retained_function_example,G505A,coding_substitution,SENSITIVE,LOSS_OF_FUNCTION,EFFLUX_PUMP_COLLAPSE,LOSS_OF_FUNCTION,-9.961669921875,,,,,-10.0,HYPERSENSITIVE|PUMP_COLLAPSE|efflux_pump_collapse,mechanistic sensitive/control example for explaining rule direction,Structural efflux collapse (delta=-9.96 < -8.0); potential re-sensitization context; mmpS5和mmpL5同时发生功能丧失(LOF)突变，导致外排泵彻底崩溃，产生强烈的协同敏感效应; mmpS5和mmpL5同时发生功能丧失(LOF)突变，导致外排泵彻底崩溃，产生强烈的协同敏感效应
mmpL5,primary_bdq,sensitivity_or_retained_function_example,M925I,coding_substitution,SENSITIVE,LOSS_OF_FUNCTION,EFFLUX_PUMP_COLLAPSE,LOSS_OF_FUNCTION,-9.9610595703125,,,,,-10.0,HYPERSENSITIVE|PUMP_COLLAPSE|efflux_pump_collapse,mechanistic sensitive/control example for explaining rule direction,Structural efflux collapse (delta=-9.96 < -8.0); potential re-sensitization context; mmpS5和mmpL5同时发生功能丧失(LOF)突变，导致外排泵彻底崩溃，产生强烈的协同敏感效应; mmpS5和mmpL5同时发生功能丧失(LOF)突变，导致外排泵彻底崩溃，产生强烈的协同敏感效应
mmpL5,primary_bdq,sensitivity_or_retained_function_example,W938S,coding_substitution,SENSITIVE,LOSS_OF_FUNCTION,EFFLUX_PUMP_COLLAPSE,LOSS_OF_FUNCTION,-9.958984375,,,,,-10.0,HYPERSENSITIVE|PUMP_COLLAPSE|efflux_pump_collapse,mechanistic sensitive/control example for explaining rule direction,Structural efflux collapse (delta=-9.96 < -8.0); potential re-sensitization context; mmpS5和mmpL5同时发生功能丧失(LOF)突变，导致外排泵彻底崩溃，产生强烈的协同敏感效应; mmpS5和mmpL5同时发生功能丧失(LOF)突变，导致外排泵彻底崩溃，产生强烈的协同敏感效应
mmpL5,primary_bdq,sensitivity_or_retained_function_example,L101R,coding_substitution,SENSITIVE,LOSS_OF_FUNCTION,EFFLUX_PUMP_COLLAPSE,LOSS_OF_FUNCTION,-9.9581298828125,,,,,-10.0,HYPERSENSITIVE|PUMP_COLLAPSE|efflux_pump_collapse,mechanistic sensitive/control example for explaining rule direction,Structural efflux collapse (delta=-9.96 < -8.0); potential re-sensitization context; mmpS5和mmpL5同时发生功能丧失(LOF)突变，导致外排泵彻底崩溃，产生强烈的协同敏感效应; mmpS5和mmpL5同时发生功能丧失(LOF)突变，导致外排泵彻底崩溃，产生强烈的协同敏感效应
mmpL5,primary_bdq,sensitivity_or_retained_function_example,S141R,coding_substitution,SENSITIVE,LOSS_OF_FUNCTION,EFFLUX_PUMP_COLLAPSE,LOSS_OF_FUNCTION,-9.9578857421875,,,,,-10.0,HYPERSENSITIVE|PUMP_COLLAPSE|efflux_pump_collapse,mechanistic sensitive/control example for explaining rule direction,Structural efflux collapse (delta=-9.96 < -8.0); potential re-sensitization context; mmpS5和mmpL5同时发生功能丧失(LOF)突变，导致外排泵彻底崩溃，产生强烈的协同敏感效应; mmpS5和mmpL5同时发生功能丧失(LOF)突变，导致外排泵彻底崩溃，产生强烈的协同敏感效应
mmpS5,primary_bdq,sensitivity_or_retained_function_example,K93*,truncating,SENSITIVE,LOSS_OF_FUNCTION,EFFLUX_PUMP_COLLAPSE,LOSS_OF_FUNCTION,-9.605682373046875,,,,,-10.0,HYPERSENSITIVE|PUMP_COLLAPSE|efflux_pump_collapse,mechanistic sensitive/control example for explaining rule direction,Structural efflux collapse (delta=-9.61 < -8.0); potential re-sensitization context; mmpS5和mmpL5同时发生功能丧失(LOF)突变，导致外排泵彻底崩溃，产生强烈的协同敏感效应; mmpS5和mmpL5同时发生功能丧失(LOF)突变，导致外排泵彻底崩溃，产生强烈的协同敏感效应
mmpS5,primary_bdq,sensitivity_or_retained_function_example,E57*,truncating,SENSITIVE,LOSS_OF_FUNCTION,EFFLUX_PUMP_COLLAPSE,LOSS_OF_FUNCTION,-4.87725830078125,,,,,-10.0,HYPERSENSITIVE|PUMP_COLLAPSE|efflux_pump_collapse,mechanistic sensitive/control example for explaining rule direction,Resistant by annotated truncating/frameshift/start-loss signature: aa_change=E57*; mmpS5和mmpL5同时发生功能丧失(LOF)突变，导致外排泵彻底崩溃，产生强烈的协同敏感效应; mmpS5和mmpL5同时发生功能丧失(LOF)突变，导致外排泵彻底崩溃，产生强烈的协同敏感效应
mmpS5,primary_bdq,sensitivity_or_retained_function_example,P41Q,coding_substitution,SENSITIVE,LOSS_OF_FUNCTION,EFFLUX_PUMP_COLLAPSE,LOSS_OF_FUNCTION,-9.903533935546875,,,,,-10.0,HYPERSENSITIVE|PUMP_COLLAPSE|efflux_pump_collapse,mechanistic sensitive/control example for explaining rule direction,Structural efflux collapse (delta=-9.90 < -8.0); potential re-sensitization context; mmpS5和mmpL5同时发生功能丧失(LOF)突变，导致外排泵彻底崩溃，产生强烈的协同敏感效应; mmpS5和mmpL5同时发生功能丧失(LOF)突变，导致外排泵彻底崩溃，产生强烈的协同敏感效应
mmpS5,primary_bdq,sensitivity_or_retained_function_example,V56A,coding_substitution,SENSITIVE,LOSS_OF_FUNCTION,EFFLUX_PUMP_COLLAPSE,LOSS_OF_FUNCTION,-9.8746337890625,,,,,-10.0,HYPERSENSITIVE|PUMP_COLLAPSE|efflux_pump_collapse,mechanistic sensitive/control example for explaining rule direction,Structural efflux collapse (delta=-9.87 < -8.0); potential re-sensitization context; mmpS5和mmpL5同时发生功能丧失(LOF)突变，导致外排泵彻底崩溃，产生强烈的协同敏感效应; mmpS5和mmpL5同时发生功能丧失(LOF)突变，导致外排泵彻底崩溃，产生强烈的协同敏感效应
mmpS5,primary_bdq,sensitivity_or_retained_function_example,E121G,coding_substitution,SENSITIVE,LOSS_OF_FUNCTION,EFFLUX_PUMP_COLLAPSE,LOSS_OF_FUNCTION,-9.83251953125,,,,,-10.0,HYPERSENSITIVE|PUMP_COLLAPSE|efflux_pump_collapse,mechanistic sensitive/control example for explaining rule direction,Structural efflux collapse (delta=-9.83 < -8.0); potential re-sensitization context; mmpS5和mmpL5同时发生功能丧失(LOF)突变，导致外排泵彻底崩溃，产生强烈的协同敏感效应; mmpS5和mmpL5同时发生功能丧失(LOF)突变，导致外排泵彻底崩溃，产生强烈的协同敏感效应
mmpS5,primary_bdq,sensitivity_or_retained_function_example,K123N,coding_substitution,SENSITIVE,LOSS_OF_FUNCTION,EFFLUX_PUMP_COLLAPSE,LOSS_OF_FUNCTION,-9.816131591796875,,,,,-10.0,HYPERSENSITIVE|PUMP_COLLAPSE|efflux_pump_collapse,mechanistic sensitive/control example for explaining rule direction,Structural efflux collapse (delta=-9.82 < -8.0); potential re-sensitization context; mmpS5和mmpL5同时发生功能丧失(LOF)突变，导致外排泵彻底崩溃，产生强烈的协同敏感效应; mmpS5和mmpL5同时发生功能丧失(LOF)突变，导致外排泵彻底崩溃，产生强烈的协同敏感效应
mmpS5,primary_bdq,sensitivity_or_retained_function_example,G62S,coding_substitution,SENSITIVE,LOSS_OF_FUNCTION,EFFLUX_PUMP_COLLAPSE,LOSS_OF_FUNCTION,-9.745025634765625,,,,,-10.0,HYPERSENSITIVE|PUMP_COLLAPSE|efflux_pump_collapse,mechanistic sensitive/control example for explaining rule direction,Structural efflux collapse (delta=-9.75 < -8.0); potential re-sensitization context; mmpS5和mmpL5同时发生功能丧失(LOF)突变，导致外排泵彻底崩溃，产生强烈的协同敏感效应; mmpS5和mmpL5同时发生功能丧失(LOF)突变，导致外排泵彻底崩溃，产生强烈的协同敏感效应
mmpS5,primary_bdq,sensitivity_or_retained_function_example,G109V,coding_substitution,SENSITIVE,LOSS_OF_FUNCTION,EFFLUX_PUMP_COLLAPSE,LOSS_OF_FUNCTION,-9.7222900390625,,,,,-10.0,HYPERSENSITIVE|PUMP_COLLAPSE|efflux_pump_collapse,mechanistic sensitive/control example for explaining rule direction,Structural efflux collapse (delta=-9.72 < -8.0); potential re-sensitization context; mmpS5和mmpL5同时发生功能丧失(LOF)突变，导致外排泵彻底崩溃，产生强烈的协同敏感效应; mmpS5和mmpL5同时发生功能丧失(LOF)突变，导致外排泵彻底崩溃，产生强烈的协同敏感效应
mmpS5,primary_bdq,sensitivity_or_retained_function_example,Y58F,coding_substitution,SENSITIVE,LOSS_OF_FUNCTION,EFFLUX_PUMP_COLLAPSE,LOSS_OF_FUNCTION,-9.71234130859375,,,,,-10.0,HYPERSENSITIVE|PUMP_COLLAPSE|efflux_pump_collapse,mechanistic sensitive/control example for explaining rule direction,Structural efflux collapse (delta=-9.71 < -8.0); potential re-sensitization context; mmpS5和mmpL5同时发生功能丧失(LOF)突变，导致外排泵彻底崩溃，产生强烈的协同敏感效应; mmpS5和mmpL5同时发生功能丧失(LOF)突变，导致外排泵彻底崩溃，产生强烈的协同敏感效应
mmpS5,primary_bdq,sensitivity_or_retained_function_example,A19T,coding_substitution,SENSITIVE,LOSS_OF_FUNCTION,EFFLUX_PUMP_COLLAPSE,LOSS_OF_FUNCTION,-9.6485595703125,,,,,-10.0,HYPERSENSITIVE|PUMP_COLLAPSE|efflux_pump_collapse,mechanistic sensitive/control example for explaining rule direction,Structural efflux collapse (delta=-9.65 < -8.0); potential re-sensitization context; mmpS5和mmpL5同时发生功能丧失(LOF)突变，导致外排泵彻底崩溃，产生强烈的协同敏感效应; mmpS5和mmpL5同时发生功能丧失(LOF)突变，导致外排泵彻底崩溃，产生强烈的协同敏感效应
mmpS5,primary_bdq,sensitivity_or_retained_function_example,I14T,coding_substitution,SENSITIVE,LOSS_OF_FUNCTION,EFFLUX_PUMP_COLLAPSE,LOSS_OF_FUNCTION,-9.6351318359375,,,,,-10.0,HYPERSENSITIVE|PUMP_COLLAPSE|efflux_pump_collapse,mechanistic sensitive/control example for explaining rule direction,Structural efflux collapse (delta=-9.64 < -8.0); potential re-sensitization context; mmpS5和mmpL5同时发生功能丧失(LOF)突变，导致外排泵彻底崩溃，产生强烈的协同敏感效应; mmpS5和mmpL5同时发生功能丧失(LOF)突变，导致外排泵彻底崩溃，产生强烈的协同敏感效应
mmpS5,primary_bdq,sensitivity_or_retained_function_example,Y66H,coding_substitution,SENSITIVE,LOSS_OF_FUNCTION,EFFLUX_PUMP_COLLAPSE,LOSS_OF_FUNCTION,-9.595489501953125,,,,,-10.0,HYPERSENSITIVE|PUMP_COLLAPSE|efflux_pump_collapse,mechanistic sensitive/control example for explaining rule direction,Structural efflux collapse (delta=-9.60 < -8.0); potential re-sensitization context; mmpS5和mmpL5同时发生功能丧失(LOF)突变，导致外排泵彻底崩溃，产生强烈的协同敏感效应; mmpS5和mmpL5同时发生功能丧失(LOF)突变，导致外排泵彻底崩溃，产生强烈的协同敏感效应
mmpS5,primary_bdq,sensitivity_or_retained_function_example,V118A,coding_substitution,SENSITIVE,LOSS_OF_FUNCTION,EFFLUX_PUMP_COLLAPSE,LOSS_OF_FUNCTION,-9.54144287109375,,,,,-10.0,HYPERSENSITIVE|PUMP_COLLAPSE|efflux_pump_collapse,mechanistic sensitive/control example for explaining rule direction,Structural efflux collapse (delta=-9.54 < -8.0); potential re-sensitization context; mmpS5和mmpL5同时发生功能丧失(LOF)突变，导致外排泵彻底崩溃，产生强烈的协同敏感效应; mmpS5和mmpL5同时发生功能丧失(LOF)突变，导致外排泵彻底崩溃，产生强烈的协同敏感效应
mmpS5,primary_bdq,sensitivity_or_retained_function_example,I20M,coding_substitution,SENSITIVE,LOSS_OF_FUNCTION,EFFLUX_PUMP_COLLAPSE,LOSS_OF_FUNCTION,-9.477264404296875,,,,,-10.0,HYPERSENSITIVE|PUMP_COLLAPSE|efflux_pump_collapse,mechanistic sensitive/control example for explaining rule direction,Structural efflux collapse (delta=-9.48 < -8.0); potential re-sensitization context; mmpS5和mmpL5同时发生功能丧失(LOF)突变，导致外排泵彻底崩溃，产生强烈的协同敏感效应; mmpS5和mmpL5同时发生功能丧失(LOF)突变，导致外排泵彻底崩溃，产生强烈的协同敏感效应
mmpS5,primary_bdq,sensitivity_or_retained_function_example,*143L,coding_substitution,SENSITIVE,LOSS_OF_FUNCTION,EFFLUX_PUMP_COLLAPSE,LOSS_OF_FUNCTION,-9.449951171875,,,,,-10.0,HYPERSENSITIVE|PUMP_COLLAPSE|efflux_pump_collapse,mechanistic sensitive/control example for explaining rule direction,Structural efflux collapse (delta=-9.45 < -8.0); potential re-sensitization context; mmpS5和mmpL5同时发生功能丧失(LOF)突变，导致外排泵彻底崩溃，产生强烈的协同敏感效应; mmpS5和mmpL5同时发生功能丧失(LOF)突变，导致外排泵彻底崩溃，产生强烈的协同敏感效应
mmpS5,primary_bdq,sensitivity_or_retained_function_example,S63F,coding_substitution,SENSITIVE,LOSS_OF_FUNCTION,EFFLUX_PUMP_COLLAPSE,LOSS_OF_FUNCTION,-9.423797607421875,,,,,-10.0,HYPERSENSITIVE|PUMP_COLLAPSE|efflux_pump_collapse,mechanistic sensitive/control example for explaining rule direction,Structural efflux collapse (delta=-9.42 < -8.0); potential re-sensitization context; mmpS5和mmpL5同时发生功能丧失(LOF)突变，导致外排泵彻底崩溃，产生强烈的协同敏感效应; mmpS5和mmpL5同时发生功能丧失(LOF)突变，导致外排泵彻底崩溃，产生强烈的协同敏感效应
mmpS5,primary_bdq,sensitivity_or_retained_function_example,A105P,coding_substitution,SENSITIVE,LOSS_OF_FUNCTION,EFFLUX_PUMP_COLLAPSE,LOSS_OF_FUNCTION,-9.407867431640625,,,,,-10.0,HYPERSENSITIVE|PUMP_COLLAPSE|efflux_pump_collapse,mechanistic sensitive/control example for explaining rule direction,Structural efflux collapse (delta=-9.41 < -8.0); potential re-sensitization context; mmpS5和mmpL5同时发生功能丧失(LOF)突变，导致外排泵彻底崩溃，产生强烈的协同敏感效应; mmpS5和mmpL5同时发生功能丧失(LOF)突变，导致外排泵彻底崩溃，产生强烈的协同敏感效应
mmpS5,primary_bdq,sensitivity_or_retained_function_example,R27Q,coding_substitution,SENSITIVE,LOSS_OF_FUNCTION,EFFLUX_PUMP_COLLAPSE,LOSS_OF_FUNCTION,-9.34454345703125,,,,,-10.0,HYPERSENSITIVE|PUMP_COLLAPSE|efflux_pump_collapse,mechanistic sensitive/control example for explaining rule direction,Structural efflux collapse (delta=-9.34 < -8.0); potential re-sensitization context; mmpS5和mmpL5同时发生功能丧失(LOF)突变，导致外排泵彻底崩溃，产生强烈的协同敏感效应; mmpS5和mmpL5同时发生功能丧失(LOF)突变，导致外排泵彻底崩溃，产生强烈的协同敏感效应
mmpS5,primary_bdq,sensitivity_or_retained_function_example,K140I,coding_substitution,SENSITIVE,LOSS_OF_FUNCTION,EFFLUX_PUMP_COLLAPSE,LOSS_OF_FUNCTION,-9.340576171875,,,,,-10.0,HYPERSENSITIVE|PUMP_COLLAPSE|efflux_pump_collapse,mechanistic sensitive/control example for explaining rule direction,Structural efflux collapse (delta=-9.34 < -8.0); potential re-sensitization context; mmpS5和mmpL5同时发生功能丧失(LOF)突变，导致外排泵彻底崩溃，产生强烈的协同敏感效应; mmpS5和mmpL5同时发生功能丧失(LOF)突变，导致外排泵彻底崩溃，产生强烈的协同敏感效应
mmpS5,primary_bdq,sensitivity_or_retained_function_example,G64D,coding_substitution,SENSITIVE,LOSS_OF_FUNCTION,EFFLUX_PUMP_COLLAPSE,LOSS_OF_FUNCTION,-9.2857666015625,,,,,-10.0,HYPERSENSITIVE|PUMP_COLLAPSE|efflux_pump_collapse,mechanistic sensitive/control example for explaining rule direction,Structural efflux collapse (delta=-9.29 < -8.0); potential re-sensitization context; mmpS5和mmpL5同时发生功能丧失(LOF)突变，导致外排泵彻底崩溃，产生强烈的协同敏感效应; mmpS5和mmpL5同时发生功能丧失(LOF)突变，导致外排泵彻底崩溃，产生强烈的协同敏感效应
mmpS5,primary_bdq,sensitivity_or_retained_function_example,T94I,coding_substitution,SENSITIVE,LOSS_OF_FUNCTION,EFFLUX_PUMP_COLLAPSE,LOSS_OF_FUNCTION,-9.228759765625,,,,,-10.0,HYPERSENSITIVE|PUMP_COLLAPSE|efflux_pump_collapse,mechanistic sensitive/control example for explaining rule direction,Structural efflux collapse (delta=-9.23 < -8.0); potential re-sensitization context; mmpS5和mmpL5同时发生功能丧失(LOF)突变，导致外排泵彻底崩溃，产生强烈的协同敏感效应; mmpS5和mmpL5同时发生功能丧失(LOF)突变，导致外排泵彻底崩溃，产生强烈的协同敏感效应
mmpS5,primary_bdq,sensitivity_or_retained_function_example,V16I,coding_substitution,SENSITIVE,LOSS_OF_FUNCTION,EFFLUX_PUMP_COLLAPSE,LOSS_OF_FUNCTION,-9.21441650390625,,,,,-10.0,HYPERSENSITIVE|PUMP_COLLAPSE|efflux_pump_collapse,mechanistic sensitive/control example for explaining rule direction,Structural efflux collapse (delta=-9.21 < -8.0); potential re-sensitization context; mmpS5和mmpL5同时发生功能丧失(LOF)突变，导致外排泵彻底崩溃，产生强烈的协同敏感效应; mmpS5和mmpL5同时发生功能丧失(LOF)突变，导致外排泵彻底崩溃，产生强烈的协同敏感效应
mmpS5,primary_bdq,sensitivity_or_retained_function_example,I112T,coding_substitution,SENSITIVE,LOSS_OF_FUNCTION,EFFLUX_PUMP_COLLAPSE,LOSS_OF_FUNCTION,-9.103729248046875,,,,,-10.0,HYPERSENSITIVE|PUMP_COLLAPSE|efflux_pump_collapse,mechanistic sensitive/control example for explaining rule direction,Structural efflux collapse (delta=-9.10 < -8.0); potential re-sensitization context; mmpS5和mmpL5同时发生功能丧失(LOF)突变，导致外排泵彻底崩溃，产生强烈的协同敏感效应; mmpS5和mmpL5同时发生功能丧失(LOF)突变，导致外排泵彻底崩溃，产生强烈的协同敏感效应
mmpS5,primary_bdq,sensitivity_or_retained_function_example,M1R,coding_substitution,SENSITIVE,LOSS_OF_FUNCTION,EFFLUX_PUMP_COLLAPSE,LOSS_OF_FUNCTION,-9.10284423828125,,,,,-10.0,HYPERSENSITIVE|PUMP_COLLAPSE|efflux_pump_collapse,mechanistic sensitive/control example for explaining rule direction,Structural efflux collapse (delta=-9.10 < -8.0); potential re-sensitization context; mmpS5和mmpL5同时发生功能丧失(LOF)突变，导致外排泵彻底崩溃，产生强烈的协同敏感效应; mmpS5和mmpL5同时发生功能丧失(LOF)突变，导致外排泵彻底崩溃，产生强烈的协同敏感效应
mmpS5,primary_bdq,sensitivity_or_retained_function_example,*143C,coding_substitution,SENSITIVE,LOSS_OF_FUNCTION,EFFLUX_PUMP_COLLAPSE,LOSS_OF_FUNCTION,-9.09967041015625,,,,,-10.0,HYPERSENSITIVE|PUMP_COLLAPSE|efflux_pump_collapse,mechanistic sensitive/control example for explaining rule direction,Structural efflux collapse (delta=-9.10 < -8.0); potential re-sensitization context; mmpS5和mmpL5同时发生功能丧失(LOF)突变，导致外排泵彻底崩溃，产生强烈的协同敏感效应; mmpS5和mmpL5同时发生功能丧失(LOF)突变，导致外排泵彻底崩溃，产生强烈的协同敏感效应
mtrA,primary_bdq,regulatory_resistance_candidate,MTRA_OPERATOR_CORE:A48T,regulatory,RESISTANT,INTACT,MTRAB_DEREGULATION,COMPLETED,-4.91015625,,,,,3.5,MTRAB_DEREGULATION|SYNERGIC_RESISTANCE|mtrAB_deregulation,"regulatory/intergenic resistance candidate; use as curated extensibility example, not broad regulatory validation","Evo-retained regulatory candidate (delta=-4.91); no protein-DNA Boltz scenario available, kept as Evo-only result; mtrA(调控子)失活且mtrB(效应子)正常，导致mtrB过度表达，产生协同耐药效应"
mtrA,primary_bdq,regulatory_resistance_candidate,MTRA_OPERATOR_CORE:C106T,regulatory,RESISTANT,INTACT,MTRAB_DEREGULATION,COMPLETED,-4.462890625,,,,,3.5,MTRAB_DEREGULATION|SYNERGIC_RESISTANCE|mtrAB_deregulation,"regulatory/intergenic resistance candidate; use as curated extensibility example, not broad regulatory validation","Evo-retained regulatory candidate (delta=-4.46); no protein-DNA Boltz scenario available, kept as Evo-only result; mtrA(调控子)失活且mtrB(效应子)正常，导致mtrB过度表达，产生协同耐药效应"
mtrA,primary_bdq,regulatory_resistance_candidate,MTRA_OPERATOR_CORE:T101C,regulatory,RESISTANT,INTACT,MTRAB_DEREGULATION,COMPLETED,-4.36328125,,,,,3.5,MTRAB_DEREGULATION|SYNERGIC_RESISTANCE|mtrAB_deregulation,"regulatory/intergenic resistance candidate; use as curated extensibility example, not broad regulatory validation","Evo-retained regulatory candidate (delta=-4.36); no protein-DNA Boltz scenario available, kept as Evo-only result; mtrA(调控子)失活且mtrB(效应子)正常，导致mtrB过度表达，产生协同耐药效应"
mtrA,primary_bdq,regulatory_resistance_candidate,MTRA_OPERATOR_CORE:G17A,regulatory,RESISTANT,INTACT,MTRAB_DEREGULATION,COMPLETED,-4.34375,,,,,3.5,MTRAB_DEREGULATION|SYNERGIC_RESISTANCE|mtrAB_deregulation,"regulatory/intergenic resistance candidate; use as curated extensibility example, not broad regulatory validation","Evo-retained regulatory candidate (delta=-4.34); no protein-DNA Boltz scenario available, kept as Evo-only result; mtrA(调控子)失活且mtrB(效应子)正常，导致mtrB过度表达，产生协同耐药效应"
mtrA,primary_bdq,regulatory_resistance_candidate,MTRA_OPERATOR_CORE:A100C,regulatory,RESISTANT,INTACT,MTRAB_DEREGULATION,COMPLETED,-4.30859375,,,,,3.5,MTRAB_DEREGULATION|SYNERGIC_RESISTANCE|mtrAB_deregulation,"regulatory/intergenic resistance candidate; use as curated extensibility example, not broad regulatory validation","Evo-retained regulatory candidate (delta=-4.31); no protein-DNA Boltz scenario available, kept as Evo-only result; mtrA(调控子)失活且mtrB(效应子)正常，导致mtrB过度表达，产生协同耐药效应"
mtrA,primary_bdq,regulatory_resistance_candidate,MTRA_OPERATOR_CORE:T116A,regulatory,RESISTANT,INTACT,MTRAB_DEREGULATION,COMPLETED,-4.306640625,,,,,3.5,MTRAB_DEREGULATION|SYNERGIC_RESISTANCE|mtrAB_deregulation,"regulatory/intergenic resistance candidate; use as curated extensibility example, not broad regulatory validation","Evo-retained regulatory candidate (delta=-4.31); no protein-DNA Boltz scenario available, kept as Evo-only result; mtrA(调控子)失活且mtrB(效应子)正常，导致mtrB过度表达，产生协同耐药效应"
mtrA,primary_bdq,regulatory_resistance_candidate,MTRA_OPERATOR_CORE:A88T,regulatory,RESISTANT,INTACT,MTRAB_DEREGULATION,COMPLETED,-4.26953125,,,,,3.5,MTRAB_DEREGULATION|SYNERGIC_RESISTANCE|mtrAB_deregulation,"regulatory/intergenic resistance candidate; use as curated extensibility example, not broad regulatory validation","Evo-retained regulatory candidate (delta=-4.27); no protein-DNA Boltz scenario available, kept as Evo-only result; mtrA(调控子)失活且mtrB(效应子)正常，导致mtrB过度表达，产生协同耐药效应"
mtrA,primary_bdq,regulatory_resistance_candidate,MTRA_OPERATOR_CORE:A47T,regulatory,RESISTANT,INTACT,MTRAB_DEREGULATION,COMPLETED,-4.22265625,,,,,3.5,MTRAB_DEREGULATION|SYNERGIC_RESISTANCE|mtrAB_deregulation,"regulatory/intergenic resistance candidate; use as curated extensibility example, not broad regulatory validation","Evo-retained regulatory candidate (delta=-4.22); no protein-DNA Boltz scenario available, kept as Evo-only result; mtrA(调控子)失活且mtrB(效应子)正常，导致mtrB过度表达，产生协同耐药效应"
mtrA,primary_bdq,regulatory_resistance_candidate,MTRA_OPERATOR_CORE:T71A,regulatory,RESISTANT,INTACT,MTRAB_DEREGULATION,COMPLETED,-4.125,,,,,3.5,MTRAB_DEREGULATION|SYNERGIC_RESISTANCE|mtrAB_deregulation,"regulatory/intergenic resistance candidate; use as curated extensibility example, not broad regulatory validation","Evo-retained regulatory candidate (delta=-4.12); no protein-DNA Boltz scenario available, kept as Evo-only result; mtrA(调控子)失活且mtrB(效应子)正常，导致mtrB过度表达，产生协同耐药效应"
mtrA,primary_bdq,regulatory_resistance_candidate,MTRA_OPERATOR_CORE:A88G,regulatory,RESISTANT,INTACT,MTRAB_DEREGULATION,COMPLETED,-4.08984375,,,,,3.5,MTRAB_DEREGULATION|SYNERGIC_RESISTANCE|mtrAB_deregulation,"regulatory/intergenic resistance candidate; use as curated extensibility example, not broad regulatory validation","Evo-retained regulatory candidate (delta=-4.09); no protein-DNA Boltz scenario available, kept as Evo-only result; mtrA(调控子)失活且mtrB(效应子)正常，导致mtrB过度表达，产生协同耐药效应"
mtrA,primary_bdq,regulatory_resistance_candidate,MTRA_OPERATOR_CORE:G85T,regulatory,RESISTANT,INTACT,MTRAB_DEREGULATION,COMPLETED,-4.00390625,,,,,3.5,MTRAB_DEREGULATION|SYNERGIC_RESISTANCE|mtrAB_deregulation,"regulatory/intergenic resistance candidate; use as curated extensibility example, not broad regulatory validation","Evo-retained regulatory candidate (delta=-4.00); no protein-DNA Boltz scenario available, kept as Evo-only result; mtrA(调控子)失活且mtrB(效应子)正常，导致mtrB过度表达，产生协同耐药效应"
mtrA,primary_bdq,regulatory_resistance_candidate,MTRA_OPERATOR_CORE:T92C,regulatory,RESISTANT,INTACT,MTRAB_DEREGULATION,COMPLETED,-4.00390625,,,,,3.5,MTRAB_DEREGULATION|SYNERGIC_RESISTANCE|mtrAB_deregulation,"regulatory/intergenic resistance candidate; use as curated extensibility example, not broad regulatory validation","Evo-retained regulatory candidate (delta=-4.00); no protein-DNA Boltz scenario available, kept as Evo-only result; mtrA(调控子)失活且mtrB(效应子)正常，导致mtrB过度表达，产生协同耐药效应"
mtrA,primary_bdq,regulatory_resistance_candidate,MTRA_OPERATOR_CORE:A88C,regulatory,RESISTANT,INTACT,MTRAB_DEREGULATION,COMPLETED,-3.984375,,,,,3.5,MTRAB_DEREGULATION|SYNERGIC_RESISTANCE|mtrAB_deregulation,"regulatory/intergenic resistance candidate; use as curated extensibility example, not broad regulatory validation","Evo-retained regulatory candidate (delta=-3.98); no protein-DNA Boltz scenario available, kept as Evo-only result; mtrA(调控子)失活且mtrB(效应子)正常，导致mtrB过度表达，产生协同耐药效应"
mtrA,primary_bdq,regulatory_resistance_candidate,MTRA_OPERATOR_CORE:A43T,regulatory,RESISTANT,INTACT,MTRAB_DEREGULATION,COMPLETED,-3.97265625,,,,,3.5,MTRAB_DEREGULATION|SYNERGIC_RESISTANCE|mtrAB_deregulation,"regulatory/intergenic resistance candidate; use as curated extensibility example, not broad regulatory validation","Evo-retained regulatory candidate (delta=-3.97); no protein-DNA Boltz scenario available, kept as Evo-only result; mtrA(调控子)失活且mtrB(效应子)正常，导致mtrB过度表达，产生协同耐药效应"
mtrA,primary_bdq,regulatory_resistance_candidate,MTRA_OPERATOR_CORE:T101A,regulatory,RESISTANT,INTACT,MTRAB_DEREGULATION,COMPLETED,-3.73046875,,,,,3.5,MTRAB_DEREGULATION|SYNERGIC_RESISTANCE|mtrAB_deregulation,"regulatory/intergenic resistance candidate; use as curated extensibility example, not broad regulatory validation","Evo-retained regulatory candidate (delta=-3.73); no protein-DNA Boltz scenario available, kept as Evo-only result; mtrA(调控子)失活且mtrB(效应子)正常，导致mtrB过度表达，产生协同耐药效应"
mtrA,primary_bdq,regulatory_resistance_candidate,MTRA_OPERATOR_CORE:G102A,regulatory,RESISTANT,INTACT,MTRAB_DEREGULATION,COMPLETED,-3.7265625,,,,,3.5,MTRAB_DEREGULATION|SYNERGIC_RESISTANCE|mtrAB_deregulation,"regulatory/intergenic resistance candidate; use as curated extensibility example, not broad regulatory validation","Evo-retained regulatory candidate (delta=-3.73); no protein-DNA Boltz scenario available, kept as Evo-only result; mtrA(调控子)失活且mtrB(效应子)正常，导致mtrB过度表达，产生协同耐药效应"
mtrA,primary_bdq,regulatory_resistance_candidate,MTRA_OPERATOR_CORE:A100T,regulatory,RESISTANT,INTACT,MTRAB_DEREGULATION,COMPLETED,-3.70703125,,,,,3.5,MTRAB_DEREGULATION|SYNERGIC_RESISTANCE|mtrAB_deregulation,"regulatory/intergenic resistance candidate; use as curated extensibility example, not broad regulatory validation","Evo-retained regulatory candidate (delta=-3.71); no protein-DNA Boltz scenario available, kept as Evo-only result; mtrA(调控子)失活且mtrB(效应子)正常，导致mtrB过度表达，产生协同耐药效应"
mtrA,primary_bdq,regulatory_resistance_candidate,MTRA_OPERATOR_CORE:C99A,regulatory,RESISTANT,INTACT,MTRAB_DEREGULATION,COMPLETED,-3.63671875,,,,,3.5,MTRAB_DEREGULATION|SYNERGIC_RESISTANCE|mtrAB_deregulation,"regulatory/intergenic resistance candidate; use as curated extensibility example, not broad regulatory validation","Evo-retained regulatory candidate (delta=-3.64); no protein-DNA Boltz scenario available, kept as Evo-only result; mtrA(调控子)失活且mtrB(效应子)正常，导致mtrB过度表达，产生协同耐药效应"
mtrA,primary_bdq,regulatory_resistance_candidate,MTRA_OPERATOR_CORE:G72T,regulatory,RESISTANT,INTACT,MTRAB_DEREGULATION,COMPLETED,-3.62109375,,,,,3.5,MTRAB_DEREGULATION|SYNERGIC_RESISTANCE|mtrAB_deregulation,"regulatory/intergenic resistance candidate; use as curated extensibility example, not broad regulatory validation","Evo-retained regulatory candidate (delta=-3.62); no protein-DNA Boltz scenario available, kept as Evo-only result; mtrA(调控子)失活且mtrB(效应子)正常，导致mtrB过度表达，产生协同耐药效应"
mtrA,primary_bdq,regulatory_resistance_candidate,MTRA_OPERATOR_CORE:G85A,regulatory,RESISTANT,INTACT,MTRAB_DEREGULATION,COMPLETED,-3.59375,,,,,3.5,MTRAB_DEREGULATION|SYNERGIC_RESISTANCE|mtrAB_deregulation,"regulatory/intergenic resistance candidate; use as curated extensibility example, not broad regulatory validation","Evo-retained regulatory candidate (delta=-3.59); no protein-DNA Boltz scenario available, kept as Evo-only result; mtrA(调控子)失活且mtrB(效应子)正常，导致mtrB过度表达，产生协同耐药效应"
mtrA,primary_bdq,regulatory_resistance_candidate,MTRA_OPERATOR_CORE:C31G,regulatory,RESISTANT,INTACT,MTRAB_DEREGULATION,COMPLETED,-3.578125,,,,,3.5,MTRAB_DEREGULATION|SYNERGIC_RESISTANCE|mtrAB_deregulation,"regulatory/intergenic resistance candidate; use as curated extensibility example, not broad regulatory validation","Evo-retained regulatory candidate (delta=-3.58); no protein-DNA Boltz scenario available, kept as Evo-only result; mtrA(调控子)失活且mtrB(效应子)正常，导致mtrB过度表达，产生协同耐药效应"
mtrA,primary_bdq,regulatory_resistance_candidate,MTRA_OPERATOR_CORE:T29A,regulatory,RESISTANT,INTACT,MTRAB_DEREGULATION,COMPLETED,-3.5546875,,,,,3.5,MTRAB_DEREGULATION|SYNERGIC_RESISTANCE|mtrAB_deregulation,"regulatory/intergenic resistance candidate; use as curated extensibility example, not broad regulatory validation","Evo-retained regulatory candidate (delta=-3.55); no protein-DNA Boltz scenario available, kept as Evo-only result; mtrA(调控子)失活且mtrB(效应子)正常，导致mtrB过度表达，产生协同耐药效应"
mtrA,primary_bdq,regulatory_resistance_candidate,MTRA_OPERATOR_CORE:T101G,regulatory,RESISTANT,INTACT,MTRAB_DEREGULATION,COMPLETED,-3.54296875,,,,,3.5,MTRAB_DEREGULATION|SYNERGIC_RESISTANCE|mtrAB_deregulation,"regulatory/intergenic resistance candidate; use as curated extensibility example, not broad regulatory validation","Evo-retained regulatory candidate (delta=-3.54); no protein-DNA Boltz scenario available, kept as Evo-only result; mtrA(调控子)失活且mtrB(效应子)正常，导致mtrB过度表达，产生协同耐药效应"
mtrA,primary_bdq,regulatory_resistance_candidate,MTRA_OPERATOR_CORE:G12C,regulatory,RESISTANT,INTACT,MTRAB_DEREGULATION,COMPLETED,-3.525390625,,,,,3.5,MTRAB_DEREGULATION|SYNERGIC_RESISTANCE|mtrAB_deregulation,"regulatory/intergenic resistance candidate; use as curated extensibility example, not broad regulatory validation","Evo-retained regulatory candidate (delta=-3.53); no protein-DNA Boltz scenario available, kept as Evo-only result; mtrA(调控子)失活且mtrB(效应子)正常，导致mtrB过度表达，产生协同耐药效应"
mtrA,primary_bdq,regulatory_resistance_candidate,MTRA_OPERATOR_CORE:G102T,regulatory,RESISTANT,INTACT,MTRAB_DEREGULATION,COMPLETED,-3.5234375,,,,,3.5,MTRAB_DEREGULATION|SYNERGIC_RESISTANCE|mtrAB_deregulation,"regulatory/intergenic resistance candidate; use as curated extensibility example, not broad regulatory validation","Evo-retained regulatory candidate (delta=-3.52); no protein-DNA Boltz scenario available, kept as Evo-only result; mtrA(调控子)失活且mtrB(效应子)正常，导致mtrB过度表达，产生协同耐药效应"
mtrA,primary_bdq,resistance_candidate,E210*,truncating,RESISTANT,LOSS_OF_FUNCTION,MTRAB_DEREGULATION,LOSS_OF_FUNCTION,-60.03717041015625,,,,,3.5,MTRAB_DEREGULATION|SYNERGIC_RESISTANCE|mtrAB_deregulation,mtrAB pathway candidate; useful as secondary mechanism panel,Resistant by short-circuit (NEGATIVE logic): function collapse delta=-60.04 < -8.0; skip Boltz-2; mtrA(调控子)失活且mtrB(效应子)正常，导致mtrB过度表达，产生协同耐药效应
mtrA,primary_bdq,resistance_candidate,E19*,truncating,RESISTANT,LOSS_OF_FUNCTION,MTRAB_DEREGULATION,LOSS_OF_FUNCTION,-45.875274658203125,,,,,3.5,MTRAB_DEREGULATION|SYNERGIC_RESISTANCE|mtrAB_deregulation,mtrAB pathway candidate; useful as secondary mechanism panel,Resistant by short-circuit (NEGATIVE logic): function collapse delta=-45.88 < -8.0; skip Boltz-2; mtrA(调控子)失活且mtrB(效应子)正常，导致mtrB过度表达，产生协同耐药效应
mtrA,primary_bdq,resistance_candidate,E126*,truncating,RESISTANT,LOSS_OF_FUNCTION,MTRAB_DEREGULATION,LOSS_OF_FUNCTION,-42.21771240234375,,,,,3.5,MTRAB_DEREGULATION|SYNERGIC_RESISTANCE|mtrAB_deregulation,mtrAB pathway candidate; useful as secondary mechanism panel,Resistant by short-circuit (NEGATIVE logic): function collapse delta=-42.22 < -8.0; skip Boltz-2; mtrA(调控子)失活且mtrB(效应子)正常，导致mtrB过度表达，产生协同耐药效应
mtrA,primary_bdq,resistance_candidate,E129*,truncating,RESISTANT,LOSS_OF_FUNCTION,MTRAB_DEREGULATION,LOSS_OF_FUNCTION,-41.95989990234375,,,,,3.5,MTRAB_DEREGULATION|SYNERGIC_RESISTANCE|mtrAB_deregulation,mtrAB pathway candidate; useful as secondary mechanism panel,Resistant by short-circuit (NEGATIVE logic): function collapse delta=-41.96 < -8.0; skip Boltz-2; mtrA(调控子)失活且mtrB(效应子)正常，导致mtrB过度表达，产生协同耐药效应
mtrA,primary_bdq,resistance_candidate,L9*,truncating,RESISTANT,LOSS_OF_FUNCTION,MTRAB_DEREGULATION,LOSS_OF_FUNCTION,-39.96136474609375,,,,,3.5,MTRAB_DEREGULATION|SYNERGIC_RESISTANCE|mtrAB_deregulation,mtrAB pathway candidate; useful as secondary mechanism panel,Resistant by short-circuit (NEGATIVE logic): function collapse delta=-39.96 < -8.0; skip Boltz-2; mtrA(调控子)失活且mtrB(效应子)正常，导致mtrB过度表达，产生协同耐药效应
mtrA,primary_bdq,resistance_candidate,G220*,truncating,RESISTANT,LOSS_OF_FUNCTION,MTRAB_DEREGULATION,LOSS_OF_FUNCTION,-39.3055419921875,,,,,3.5,MTRAB_DEREGULATION|SYNERGIC_RESISTANCE|mtrAB_deregulation,mtrAB pathway candidate; useful as secondary mechanism panel,Resistant by short-circuit (NEGATIVE logic): function collapse delta=-39.31 < -8.0; skip Boltz-2; mtrA(调控子)失活且mtrB(效应子)正常，导致mtrB过度表达，产生协同耐药效应
mtrA,primary_bdq,resistance_candidate,R219*,truncating,RESISTANT,LOSS_OF_FUNCTION,MTRAB_DEREGULATION,LOSS_OF_FUNCTION,-39.121337890625,,,,,3.5,MTRAB_DEREGULATION|SYNERGIC_RESISTANCE|mtrAB_deregulation,mtrAB pathway candidate; useful as secondary mechanism panel,Resistant by short-circuit (NEGATIVE logic): function collapse delta=-39.12 < -8.0; skip Boltz-2; mtrA(调控子)失活且mtrB(效应子)正常，导致mtrB过度表达，产生协同耐药效应
mtrA,primary_bdq,resistance_candidate,L17*,truncating,RESISTANT,LOSS_OF_FUNCTION,MTRAB_DEREGULATION,LOSS_OF_FUNCTION,-35.812652587890625,,,,,3.5,MTRAB_DEREGULATION|SYNERGIC_RESISTANCE|mtrAB_deregulation,mtrAB pathway candidate; useful as secondary mechanism panel,Resistant by short-circuit (NEGATIVE logic): function collapse delta=-35.81 < -8.0; skip Boltz-2; mtrA(调控子)失活且mtrB(效应子)正常，导致mtrB过度表达，产生协同耐药效应
mtrA,primary_bdq,resistance_candidate,K168*,truncating,RESISTANT,LOSS_OF_FUNCTION,MTRAB_DEREGULATION,LOSS_OF_FUNCTION,-35.29193115234375,,,,,3.5,MTRAB_DEREGULATION|SYNERGIC_RESISTANCE|mtrAB_deregulation,mtrAB pathway candidate; useful as secondary mechanism panel,Resistant by short-circuit (NEGATIVE logic): function collapse delta=-35.29 < -8.0; skip Boltz-2; mtrA(调控子)失活且mtrB(效应子)正常，导致mtrB过度表达，产生协同耐药效应
mtrA,primary_bdq,resistance_candidate,S16*,truncating,RESISTANT,LOSS_OF_FUNCTION,MTRAB_DEREGULATION,LOSS_OF_FUNCTION,-33.36187744140625,,,,,3.5,MTRAB_DEREGULATION|SYNERGIC_RESISTANCE|mtrAB_deregulation,mtrAB pathway candidate; useful as secondary mechanism panel,Resistant by short-circuit (NEGATIVE logic): function collapse delta=-33.36 < -8.0; skip Boltz-2; mtrA(调控子)失活且mtrB(效应子)正常，导致mtrB过度表达，产生协同耐药效应
mtrA,primary_bdq,resistance_candidate,E206*,truncating,RESISTANT,LOSS_OF_FUNCTION,MTRAB_DEREGULATION,LOSS_OF_FUNCTION,-32.126373291015625,,,,,3.5,MTRAB_DEREGULATION|SYNERGIC_RESISTANCE|mtrAB_deregulation,mtrAB pathway candidate; useful as secondary mechanism panel,Resistant by short-circuit (NEGATIVE logic): function collapse delta=-32.13 < -8.0; skip Boltz-2; mtrA(调控子)失活且mtrB(效应子)正常，导致mtrB过度表达，产生协同耐药效应
mtrA,primary_bdq,resistance_candidate,L165*,truncating,RESISTANT,LOSS_OF_FUNCTION,MTRAB_DEREGULATION,LOSS_OF_FUNCTION,-31.57489013671875,,,,,3.5,MTRAB_DEREGULATION|SYNERGIC_RESISTANCE|mtrAB_deregulation,mtrAB pathway candidate; useful as secondary mechanism panel,Resistant by short-circuit (NEGATIVE logic): function collapse delta=-31.57 < -8.0; skip Boltz-2; mtrA(调控子)失活且mtrB(效应子)正常，导致mtrB过度表达，产生协同耐药效应
mtrA,primary_bdq,resistance_candidate,W183*,truncating,RESISTANT,LOSS_OF_FUNCTION,MTRAB_DEREGULATION,LOSS_OF_FUNCTION,-29.593963623046875,,,,,3.5,MTRAB_DEREGULATION|SYNERGIC_RESISTANCE|mtrAB_deregulation,mtrAB pathway candidate; useful as secondary mechanism panel,Resistant by short-circuit (NEGATIVE logic): function collapse delta=-29.59 < -8.0; skip Boltz-2; mtrA(调控子)失活且mtrB(效应子)正常，导致mtrB过度表达，产生协同耐药效应
mtrA,primary_bdq,resistance_candidate,K207*,truncating,RESISTANT,LOSS_OF_FUNCTION,MTRAB_DEREGULATION,LOSS_OF_FUNCTION,-29.2493896484375,,,,,3.5,MTRAB_DEREGULATION|SYNERGIC_RESISTANCE|mtrAB_deregulation,mtrAB pathway candidate; useful as secondary mechanism panel,Resistant by short-circuit (NEGATIVE logic): function collapse delta=-29.25 < -8.0; skip Boltz-2; mtrA(调控子)失活且mtrB(效应子)正常，导致mtrB过度表达，产生协同耐药效应
mtrA,primary_bdq,resistance_candidate,Q171*,truncating,RESISTANT,LOSS_OF_FUNCTION,MTRAB_DEREGULATION,LOSS_OF_FUNCTION,-27.8162841796875,,,,,3.5,MTRAB_DEREGULATION|SYNERGIC_RESISTANCE|mtrAB_deregulation,mtrAB pathway candidate; useful as secondary mechanism panel,Resistant by short-circuit (NEGATIVE logic): function collapse delta=-27.82 < -8.0; skip Boltz-2; mtrA(调控子)失活且mtrB(效应子)正常，导致mtrB过度表达，产生协同耐药效应
mtrA,primary_bdq,resistance_candidate,E180*,truncating,RESISTANT,LOSS_OF_FUNCTION,MTRAB_DEREGULATION,LOSS_OF_FUNCTION,-27.16876220703125,,,,,3.5,MTRAB_DEREGULATION|SYNERGIC_RESISTANCE|mtrAB_deregulation,mtrAB pathway candidate; useful as secondary mechanism panel,Resistant by short-circuit (NEGATIVE logic): function collapse delta=-27.17 < -8.0; skip Boltz-2; mtrA(调控子)失活且mtrB(效应子)正常，导致mtrB过度表达，产生协同耐药效应
mtrA,primary_bdq,resistance_candidate,Y223*,truncating,RESISTANT,LOSS_OF_FUNCTION,MTRAB_DEREGULATION,LOSS_OF_FUNCTION,-26.82733154296875,,,,,3.5,MTRAB_DEREGULATION|SYNERGIC_RESISTANCE|mtrAB_deregulation,mtrAB pathway candidate; useful as secondary mechanism panel,Resistant by short-circuit (NEGATIVE logic): function collapse delta=-26.83 < -8.0; skip Boltz-2; mtrA(调控子)失活且mtrB(效应子)正常，导致mtrB过度表达，产生协同耐药效应
mtrA,primary_bdq,resistance_candidate,L162*,truncating,RESISTANT,LOSS_OF_FUNCTION,MTRAB_DEREGULATION,LOSS_OF_FUNCTION,-26.75396728515625,,,,,3.5,MTRAB_DEREGULATION|SYNERGIC_RESISTANCE|mtrAB_deregulation,mtrAB pathway candidate; useful as secondary mechanism panel,Resistant by short-circuit (NEGATIVE logic): function collapse delta=-26.75 < -8.0; skip Boltz-2; mtrA(调控子)失活且mtrB(效应子)正常，导致mtrB过度表达，产生协同耐药效应
mtrA,primary_bdq,resistance_candidate,K224*,truncating,RESISTANT,LOSS_OF_FUNCTION,MTRAB_DEREGULATION,LOSS_OF_FUNCTION,-25.85260009765625,,,,,3.5,MTRAB_DEREGULATION|SYNERGIC_RESISTANCE|mtrAB_deregulation,mtrAB pathway candidate; useful as secondary mechanism panel,Resistant by short-circuit (NEGATIVE logic): function collapse delta=-25.85 < -8.0; skip Boltz-2; mtrA(调控子)失活且mtrB(效应子)正常，导致mtrB过度表达，产生协同耐药效应
mtrA,primary_bdq,resistance_candidate,Q181*,truncating,RESISTANT,LOSS_OF_FUNCTION,MTRAB_DEREGULATION,LOSS_OF_FUNCTION,-25.3743896484375,,,,,3.5,MTRAB_DEREGULATION|SYNERGIC_RESISTANCE|mtrAB_deregulation,mtrAB pathway candidate; useful as secondary mechanism panel,Resistant by short-circuit (NEGATIVE logic): function collapse delta=-25.37 < -8.0; skip Boltz-2; mtrA(调控子)失活且mtrB(效应子)正常，导致mtrB过度表达，产生协同耐药效应
mtrA,primary_bdq,resistance_candidate,Y185*,truncating,RESISTANT,LOSS_OF_FUNCTION,MTRAB_DEREGULATION,LOSS_OF_FUNCTION,-23.54974365234375,,,,,3.5,MTRAB_DEREGULATION|SYNERGIC_RESISTANCE|mtrAB_deregulation,mtrAB pathway candidate; useful as secondary mechanism panel,Resistant by short-circuit (NEGATIVE logic): function collapse delta=-23.55 < -8.0; skip Boltz-2; mtrA(调控子)失活且mtrB(效应子)正常，导致mtrB过度表达，产生协同耐药效应
mtrA,primary_bdq,resistance_candidate,G226*,truncating,RESISTANT,LOSS_OF_FUNCTION,MTRAB_DEREGULATION,LOSS_OF_FUNCTION,-23.050872802734375,,,,,3.5,MTRAB_DEREGULATION|SYNERGIC_RESISTANCE|mtrAB_deregulation,mtrAB pathway candidate; useful as secondary mechanism panel,Resistant by short-circuit (NEGATIVE logic): function collapse delta=-23.05 < -8.0; skip Boltz-2; mtrA(调控子)失活且mtrB(效应子)正常，导致mtrB过度表达，产生协同耐药效应
mtrA,primary_bdq,resistance_candidate,Q199*,truncating,RESISTANT,LOSS_OF_FUNCTION,MTRAB_DEREGULATION,LOSS_OF_FUNCTION,-21.987884521484375,,,,,3.5,MTRAB_DEREGULATION|SYNERGIC_RESISTANCE|mtrAB_deregulation,mtrAB pathway candidate; useful as secondary mechanism panel,Resistant by short-circuit (NEGATIVE logic): function collapse delta=-21.99 < -8.0; skip Boltz-2; mtrA(调控子)失活且mtrB(效应子)正常，导致mtrB过度表达，产生协同耐药效应
mtrA,primary_bdq,resistance_candidate,E158*,truncating,RESISTANT,LOSS_OF_FUNCTION,MTRAB_DEREGULATION,LOSS_OF_FUNCTION,-21.617919921875,,,,,3.5,MTRAB_DEREGULATION|SYNERGIC_RESISTANCE|mtrAB_deregulation,mtrAB pathway candidate; useful as secondary mechanism panel,Resistant by short-circuit (NEGATIVE logic): function collapse delta=-21.62 < -8.0; skip Boltz-2; mtrA(调控子)失活且mtrB(效应子)正常，导致mtrB过度表达，产生协同耐药效应
mtrA,primary_bdq,resistance_candidate,Y102*,truncating,RESISTANT,LOSS_OF_FUNCTION,MTRAB_DEREGULATION,LOSS_OF_FUNCTION,-20.110626220703125,,,,,3.5,MTRAB_DEREGULATION|SYNERGIC_RESISTANCE|mtrAB_deregulation,mtrAB pathway candidate; useful as secondary mechanism panel,Resistant by short-circuit (NEGATIVE logic): function collapse delta=-20.11 < -8.0; skip Boltz-2; mtrA(调控子)失活且mtrB(效应子)正常，导致mtrB过度表达，产生协同耐药效应
mtrB,primary_bdq,regulatory_resistance_candidate,DEFAULT_UPSTREAM_120:G12T,regulatory,RESISTANT,LOSS_OF_FUNCTION,MTRAB_DEREGULATION,LOSS_OF_FUNCTION,-36.43096923828125,,,,,3.5,MTRAB_DEREGULATION|SYNERGIC_RESISTANCE|mtrAB_deregulation,"regulatory/intergenic resistance candidate; use as curated extensibility example, not broad regulatory validation",Resistant by short-circuit (NEGATIVE logic): function collapse delta=-36.43 < -8.0; skip Boltz-2; mtrA(调控子)失活且mtrB(效应子)正常，导致mtrB过度表达，产生协同耐药效应
mtrB,primary_bdq,regulatory_resistance_candidate,DEFAULT_UPSTREAM_120:C39T,regulatory,RESISTANT,LOSS_OF_FUNCTION,MTRAB_DEREGULATION,LOSS_OF_FUNCTION,-31.82159423828125,,,,,3.5,MTRAB_DEREGULATION|SYNERGIC_RESISTANCE|mtrAB_deregulation,"regulatory/intergenic resistance candidate; use as curated extensibility example, not broad regulatory validation",Resistant by short-circuit (NEGATIVE logic): function collapse delta=-31.82 < -8.0; skip Boltz-2; mtrA(调控子)失活且mtrB(效应子)正常，导致mtrB过度表达，产生协同耐药效应
mtrB,primary_bdq,regulatory_resistance_candidate,DEFAULT_UPSTREAM_120:C53G,regulatory,RESISTANT,LOSS_OF_FUNCTION,MTRAB_DEREGULATION,LOSS_OF_FUNCTION,-29.43804931640625,,,,,3.5,MTRAB_DEREGULATION|SYNERGIC_RESISTANCE|mtrAB_deregulation,"regulatory/intergenic resistance candidate; use as curated extensibility example, not broad regulatory validation",Resistant by short-circuit (NEGATIVE logic): function collapse delta=-29.44 < -8.0; skip Boltz-2; mtrA(调控子)失活且mtrB(效应子)正常，导致mtrB过度表达，产生协同耐药效应
mtrB,primary_bdq,regulatory_resistance_candidate,DEFAULT_UPSTREAM_120:G56T,regulatory,RESISTANT,LOSS_OF_FUNCTION,MTRAB_DEREGULATION,LOSS_OF_FUNCTION,-27.61285400390625,,,,,3.5,MTRAB_DEREGULATION|SYNERGIC_RESISTANCE|mtrAB_deregulation,"regulatory/intergenic resistance candidate; use as curated extensibility example, not broad regulatory validation",Resistant by short-circuit (NEGATIVE logic): function collapse delta=-27.61 < -8.0; skip Boltz-2; mtrA(调控子)失活且mtrB(效应子)正常，导致mtrB过度表达，产生协同耐药效应
mtrB,primary_bdq,regulatory_resistance_candidate,DEFAULT_UPSTREAM_120:C53A,regulatory,RESISTANT,LOSS_OF_FUNCTION,MTRAB_DEREGULATION,LOSS_OF_FUNCTION,-26.24005126953125,,,,,3.5,MTRAB_DEREGULATION|SYNERGIC_RESISTANCE|mtrAB_deregulation,"regulatory/intergenic resistance candidate; use as curated extensibility example, not broad regulatory validation",Resistant by short-circuit (NEGATIVE logic): function collapse delta=-26.24 < -8.0; skip Boltz-2; mtrA(调控子)失活且mtrB(效应子)正常，导致mtrB过度表达，产生协同耐药效应
mtrB,primary_bdq,regulatory_resistance_candidate,DEFAULT_UPSTREAM_120:A71T,regulatory,RESISTANT,LOSS_OF_FUNCTION,MTRAB_DEREGULATION,LOSS_OF_FUNCTION,-25.84869384765625,,,,,3.5,MTRAB_DEREGULATION|SYNERGIC_RESISTANCE|mtrAB_deregulation,"regulatory/intergenic resistance candidate; use as curated extensibility example, not broad regulatory validation",Resistant by short-circuit (NEGATIVE logic): function collapse delta=-25.85 < -8.0; skip Boltz-2; mtrA(调控子)失活且mtrB(效应子)正常，导致mtrB过度表达，产生协同耐药效应
mtrB,primary_bdq,regulatory_resistance_candidate,DEFAULT_UPSTREAM_120:A71G,regulatory,RESISTANT,LOSS_OF_FUNCTION,MTRAB_DEREGULATION,LOSS_OF_FUNCTION,-25.51300048828125,,,,,3.5,MTRAB_DEREGULATION|SYNERGIC_RESISTANCE|mtrAB_deregulation,"regulatory/intergenic resistance candidate; use as curated extensibility example, not broad regulatory validation",Resistant by short-circuit (NEGATIVE logic): function collapse delta=-25.51 < -8.0; skip Boltz-2; mtrA(调控子)失活且mtrB(效应子)正常，导致mtrB过度表达，产生协同耐药效应
mtrB,primary_bdq,regulatory_resistance_candidate,DEFAULT_UPSTREAM_120:A71C,regulatory,RESISTANT,LOSS_OF_FUNCTION,MTRAB_DEREGULATION,LOSS_OF_FUNCTION,-25.47418212890625,,,,,3.5,MTRAB_DEREGULATION|SYNERGIC_RESISTANCE|mtrAB_deregulation,"regulatory/intergenic resistance candidate; use as curated extensibility example, not broad regulatory validation",Resistant by short-circuit (NEGATIVE logic): function collapse delta=-25.47 < -8.0; skip Boltz-2; mtrA(调控子)失活且mtrB(效应子)正常，导致mtrB过度表达，产生协同耐药效应
mtrB,primary_bdq,regulatory_resistance_candidate,DEFAULT_UPSTREAM_120:T69A,regulatory,RESISTANT,LOSS_OF_FUNCTION,MTRAB_DEREGULATION,LOSS_OF_FUNCTION,-25.22076416015625,,,,,3.5,MTRAB_DEREGULATION|SYNERGIC_RESISTANCE|mtrAB_deregulation,"regulatory/intergenic resistance candidate; use as curated extensibility example, not broad regulatory validation",Resistant by short-circuit (NEGATIVE logic): function collapse delta=-25.22 < -8.0; skip Boltz-2; mtrA(调控子)失活且mtrB(效应子)正常，导致mtrB过度表达，产生协同耐药效应
mtrB,primary_bdq,regulatory_resistance_candidate,DEFAULT_UPSTREAM_120:G70T,regulatory,RESISTANT,LOSS_OF_FUNCTION,MTRAB_DEREGULATION,LOSS_OF_FUNCTION,-24.78204345703125,,,,,3.5,MTRAB_DEREGULATION|SYNERGIC_RESISTANCE|mtrAB_deregulation,"regulatory/intergenic resistance candidate; use as curated extensibility example, not broad regulatory validation",Resistant by short-circuit (NEGATIVE logic): function collapse delta=-24.78 < -8.0; skip Boltz-2; mtrA(调控子)失活且mtrB(效应子)正常，导致mtrB过度表达，产生协同耐药效应
mtrB,primary_bdq,regulatory_resistance_candidate,DEFAULT_UPSTREAM_120:T69C,regulatory,RESISTANT,LOSS_OF_FUNCTION,MTRAB_DEREGULATION,LOSS_OF_FUNCTION,-23.86358642578125,,,,,3.5,MTRAB_DEREGULATION|SYNERGIC_RESISTANCE|mtrAB_deregulation,"regulatory/intergenic resistance candidate; use as curated extensibility example, not broad regulatory validation",Resistant by short-circuit (NEGATIVE logic): function collapse delta=-23.86 < -8.0; skip Boltz-2; mtrA(调控子)失活且mtrB(效应子)正常，导致mtrB过度表达，产生协同耐药效应
mtrB,primary_bdq,regulatory_resistance_candidate,DEFAULT_UPSTREAM_120:T69G,regulatory,RESISTANT,LOSS_OF_FUNCTION,MTRAB_DEREGULATION,LOSS_OF_FUNCTION,-23.68096923828125,,,,,3.5,MTRAB_DEREGULATION|SYNERGIC_RESISTANCE|mtrAB_deregulation,"regulatory/intergenic resistance candidate; use as curated extensibility example, not broad regulatory validation",Resistant by short-circuit (NEGATIVE logic): function collapse delta=-23.68 < -8.0; skip Boltz-2; mtrA(调控子)失活且mtrB(效应子)正常，导致mtrB过度表达，产生协同耐药效应
mtrB,primary_bdq,regulatory_resistance_candidate,DEFAULT_UPSTREAM_120:G70C,regulatory,RESISTANT,LOSS_OF_FUNCTION,MTRAB_DEREGULATION,LOSS_OF_FUNCTION,-23.33111572265625,,,,,3.5,MTRAB_DEREGULATION|SYNERGIC_RESISTANCE|mtrAB_deregulation,"regulatory/intergenic resistance candidate; use as curated extensibility example, not broad regulatory validation",Resistant by short-circuit (NEGATIVE logic): function collapse delta=-23.33 < -8.0; skip Boltz-2; mtrA(调控子)失活且mtrB(效应子)正常，导致mtrB过度表达，产生协同耐药效应
mtrB,primary_bdq,regulatory_resistance_candidate,DEFAULT_UPSTREAM_120:A3T,regulatory,RESISTANT,LOSS_OF_FUNCTION,MTRAB_DEREGULATION,LOSS_OF_FUNCTION,-23.09307861328125,,,,,3.5,MTRAB_DEREGULATION|SYNERGIC_RESISTANCE|mtrAB_deregulation,"regulatory/intergenic resistance candidate; use as curated extensibility example, not broad regulatory validation",Resistant by short-circuit (NEGATIVE logic): function collapse delta=-23.09 < -8.0; skip Boltz-2; mtrA(调控子)失活且mtrB(效应子)正常，导致mtrB过度表达，产生协同耐药效应
mtrB,primary_bdq,regulatory_resistance_candidate,DEFAULT_UPSTREAM_120:A33C,regulatory,RESISTANT,LOSS_OF_FUNCTION,MTRAB_DEREGULATION,LOSS_OF_FUNCTION,-22.8970947265625,,,,,3.5,MTRAB_DEREGULATION|SYNERGIC_RESISTANCE|mtrAB_deregulation,"regulatory/intergenic resistance candidate; use as curated extensibility example, not broad regulatory validation",Resistant by short-circuit (NEGATIVE logic): function collapse delta=-22.90 < -8.0; skip Boltz-2; mtrA(调控子)失活且mtrB(效应子)正常，导致mtrB过度表达，产生协同耐药效应
mtrB,primary_bdq,regulatory_resistance_candidate,DEFAULT_UPSTREAM_120:G48T,regulatory,RESISTANT,LOSS_OF_FUNCTION,MTRAB_DEREGULATION,LOSS_OF_FUNCTION,-22.4744873046875,,,,,3.5,MTRAB_DEREGULATION|SYNERGIC_RESISTANCE|mtrAB_deregulation,"regulatory/intergenic resistance candidate; use as curated extensibility example, not broad regulatory validation",Resistant by short-circuit (NEGATIVE logic): function collapse delta=-22.47 < -8.0; skip Boltz-2; mtrA(调控子)失活且mtrB(效应子)正常，导致mtrB过度表达，产生协同耐药效应
mtrB,primary_bdq,regulatory_resistance_candidate,DEFAULT_UPSTREAM_120:C90T,regulatory,RESISTANT,LOSS_OF_FUNCTION,MTRAB_DEREGULATION,LOSS_OF_FUNCTION,-21.79010009765625,,,,,3.5,MTRAB_DEREGULATION|SYNERGIC_RESISTANCE|mtrAB_deregulation,"regulatory/intergenic resistance candidate; use as curated extensibility example, not broad regulatory validation",Resistant by short-circuit (NEGATIVE logic): function collapse delta=-21.79 < -8.0; skip Boltz-2; mtrA(调控子)失活且mtrB(效应子)正常，导致mtrB过度表达，产生协同耐药效应
mtrB,primary_bdq,regulatory_resistance_candidate,DEFAULT_UPSTREAM_120:G83T,regulatory,RESISTANT,LOSS_OF_FUNCTION,MTRAB_DEREGULATION,LOSS_OF_FUNCTION,-21.57354736328125,,,,,3.5,MTRAB_DEREGULATION|SYNERGIC_RESISTANCE|mtrAB_deregulation,"regulatory/intergenic resistance candidate; use as curated extensibility example, not broad regulatory validation",Resistant by short-circuit (NEGATIVE logic): function collapse delta=-21.57 < -8.0; skip Boltz-2; mtrA(调控子)失活且mtrB(效应子)正常，导致mtrB过度表达，产生协同耐药效应
mtrB,primary_bdq,regulatory_resistance_candidate,DEFAULT_UPSTREAM_120:G48A,regulatory,RESISTANT,LOSS_OF_FUNCTION,MTRAB_DEREGULATION,LOSS_OF_FUNCTION,-21.37908935546875,,,,,3.5,MTRAB_DEREGULATION|SYNERGIC_RESISTANCE|mtrAB_deregulation,"regulatory/intergenic resistance candidate; use as curated extensibility example, not broad regulatory validation",Resistant by short-circuit (NEGATIVE logic): function collapse delta=-21.38 < -8.0; skip Boltz-2; mtrA(调控子)失活且mtrB(效应子)正常，导致mtrB过度表达，产生协同耐药效应
mtrB,primary_bdq,regulatory_resistance_candidate,DEFAULT_UPSTREAM_120:T46G,regulatory,RESISTANT,LOSS_OF_FUNCTION,MTRAB_DEREGULATION,LOSS_OF_FUNCTION,-21.32415771484375,,,,,3.5,MTRAB_DEREGULATION|SYNERGIC_RESISTANCE|mtrAB_deregulation,"regulatory/intergenic resistance candidate; use as curated extensibility example, not broad regulatory validation",Resistant by short-circuit (NEGATIVE logic): function collapse delta=-21.32 < -8.0; skip Boltz-2; mtrA(调控子)失活且mtrB(效应子)正常，导致mtrB过度表达，产生协同耐药效应
mtrB,primary_bdq,regulatory_resistance_candidate,DEFAULT_UPSTREAM_120:T28G,regulatory,RESISTANT,LOSS_OF_FUNCTION,MTRAB_DEREGULATION,LOSS_OF_FUNCTION,-21.23919677734375,,,,,3.5,MTRAB_DEREGULATION|SYNERGIC_RESISTANCE|mtrAB_deregulation,"regulatory/intergenic resistance candidate; use as curated extensibility example, not broad regulatory validation",Resistant by short-circuit (NEGATIVE logic): function collapse delta=-21.24 < -8.0; skip Boltz-2; mtrA(调控子)失活且mtrB(效应子)正常，导致mtrB过度表达，产生协同耐药效应
mtrB,primary_bdq,regulatory_resistance_candidate,DEFAULT_UPSTREAM_120:G42A,regulatory,RESISTANT,LOSS_OF_FUNCTION,MTRAB_DEREGULATION,LOSS_OF_FUNCTION,-20.7991943359375,,,,,3.5,MTRAB_DEREGULATION|SYNERGIC_RESISTANCE|mtrAB_deregulation,"regulatory/intergenic resistance candidate; use as curated extensibility example, not broad regulatory validation",Resistant by short-circuit (NEGATIVE logic): function collapse delta=-20.80 < -8.0; skip Boltz-2; mtrA(调控子)失活且mtrB(效应子)正常，导致mtrB过度表达，产生协同耐药效应
mtrB,primary_bdq,regulatory_resistance_candidate,DEFAULT_UPSTREAM_120:G42T,regulatory,RESISTANT,LOSS_OF_FUNCTION,MTRAB_DEREGULATION,LOSS_OF_FUNCTION,-20.69189453125,,,,,3.5,MTRAB_DEREGULATION|SYNERGIC_RESISTANCE|mtrAB_deregulation,"regulatory/intergenic resistance candidate; use as curated extensibility example, not broad regulatory validation",Resistant by short-circuit (NEGATIVE logic): function collapse delta=-20.69 < -8.0; skip Boltz-2; mtrA(调控子)失活且mtrB(效应子)正常，导致mtrB过度表达，产生协同耐药效应
mtrB,primary_bdq,regulatory_resistance_candidate,DEFAULT_UPSTREAM_120:C90G,regulatory,RESISTANT,LOSS_OF_FUNCTION,MTRAB_DEREGULATION,LOSS_OF_FUNCTION,-19.47198486328125,,,,,3.5,MTRAB_DEREGULATION|SYNERGIC_RESISTANCE|mtrAB_deregulation,"regulatory/intergenic resistance candidate; use as curated extensibility example, not broad regulatory validation",Resistant by short-circuit (NEGATIVE logic): function collapse delta=-19.47 < -8.0; skip Boltz-2; mtrA(调控子)失活且mtrB(效应子)正常，导致mtrB过度表达，产生协同耐药效应
mtrB,primary_bdq,regulatory_resistance_candidate,DEFAULT_UPSTREAM_120:C39G,regulatory,RESISTANT,LOSS_OF_FUNCTION,MTRAB_DEREGULATION,LOSS_OF_FUNCTION,-19.40167236328125,,,,,3.5,MTRAB_DEREGULATION|SYNERGIC_RESISTANCE|mtrAB_deregulation,"regulatory/intergenic resistance candidate; use as curated extensibility example, not broad regulatory validation",Resistant by short-circuit (NEGATIVE logic): function collapse delta=-19.40 < -8.0; skip Boltz-2; mtrA(调控子)失活且mtrB(效应子)正常，导致mtrB过度表达，产生协同耐药效应
mtrB,primary_bdq,resistance_candidate,W468*,truncating,RESISTANT,LOSS_OF_FUNCTION,MTRAB_DEREGULATION,LOSS_OF_FUNCTION,-78.0782470703125,,,,,3.5,MTRAB_DEREGULATION|SYNERGIC_RESISTANCE|mtrAB_deregulation,mtrAB pathway candidate; useful as secondary mechanism panel,Resistant by short-circuit (NEGATIVE logic): function collapse delta=-78.08 < -8.0; skip Boltz-2; mtrA(调控子)失活且mtrB(效应子)正常，导致mtrB过度表达，产生协同耐药效应
mtrB,primary_bdq,resistance_candidate,Q39*,truncating,RESISTANT,LOSS_OF_FUNCTION,MTRAB_DEREGULATION,LOSS_OF_FUNCTION,-71.1419677734375,,,,,3.5,MTRAB_DEREGULATION|SYNERGIC_RESISTANCE|mtrAB_deregulation,mtrAB pathway candidate; useful as secondary mechanism panel,Resistant by short-circuit (NEGATIVE logic): function collapse delta=-71.14 < -8.0; skip Boltz-2; mtrA(调控子)失活且mtrB(效应子)正常，导致mtrB过度表达，产生协同耐药效应
mtrB,primary_bdq,resistance_candidate,L494*,truncating,RESISTANT,LOSS_OF_FUNCTION,MTRAB_DEREGULATION,LOSS_OF_FUNCTION,-66.1116943359375,,,,,3.5,MTRAB_DEREGULATION|SYNERGIC_RESISTANCE|mtrAB_deregulation,mtrAB pathway candidate; useful as secondary mechanism panel,Resistant by short-circuit (NEGATIVE logic): function collapse delta=-66.11 < -8.0; skip Boltz-2; mtrA(调控子)失活且mtrB(效应子)正常，导致mtrB过度表达，产生协同耐药效应
mtrB,primary_bdq,resistance_candidate,L485*,truncating,RESISTANT,LOSS_OF_FUNCTION,MTRAB_DEREGULATION,LOSS_OF_FUNCTION,-64.0352783203125,,,,,3.5,MTRAB_DEREGULATION|SYNERGIC_RESISTANCE|mtrAB_deregulation,mtrAB pathway candidate; useful as secondary mechanism panel,Resistant by short-circuit (NEGATIVE logic): function collapse delta=-64.04 < -8.0; skip Boltz-2; mtrA(调控子)失活且mtrB(效应子)正常，导致mtrB过度表达，产生协同耐药效应
mtrB,primary_bdq,resistance_candidate,S470*,truncating,RESISTANT,LOSS_OF_FUNCTION,MTRAB_DEREGULATION,LOSS_OF_FUNCTION,-63.745849609375,,,,,3.5,MTRAB_DEREGULATION|SYNERGIC_RESISTANCE|mtrAB_deregulation,mtrAB pathway candidate; useful as secondary mechanism panel,Resistant by short-circuit (NEGATIVE logic): function collapse delta=-63.75 < -8.0; skip Boltz-2; mtrA(调控子)失活且mtrB(效应子)正常，导致mtrB过度表达，产生协同耐药效应
mtrB,primary_bdq,resistance_candidate,E490*,truncating,RESISTANT,LOSS_OF_FUNCTION,MTRAB_DEREGULATION,LOSS_OF_FUNCTION,-60.6209716796875,,,,,3.5,MTRAB_DEREGULATION|SYNERGIC_RESISTANCE|mtrAB_deregulation,mtrAB pathway candidate; useful as secondary mechanism panel,Resistant by short-circuit (NEGATIVE logic): function collapse delta=-60.62 < -8.0; skip Boltz-2; mtrA(调控子)失活且mtrB(效应子)正常，导致mtrB过度表达，产生协同耐药效应
mtrB,primary_bdq,resistance_candidate,R28*,truncating,RESISTANT,LOSS_OF_FUNCTION,MTRAB_DEREGULATION,LOSS_OF_FUNCTION,-54.547119140625,,,,,3.5,MTRAB_DEREGULATION|SYNERGIC_RESISTANCE|mtrAB_deregulation,mtrAB pathway candidate; useful as secondary mechanism panel,Resistant by short-circuit (NEGATIVE logic): function collapse delta=-54.55 < -8.0; skip Boltz-2; mtrA(调控子)失活且mtrB(效应子)正常，导致mtrB过度表达，产生协同耐药效应
mtrB,primary_bdq,resistance_candidate,Q496*,truncating,RESISTANT,LOSS_OF_FUNCTION,MTRAB_DEREGULATION,LOSS_OF_FUNCTION,-51.7364501953125,,,,,3.5,MTRAB_DEREGULATION|SYNERGIC_RESISTANCE|mtrAB_deregulation,mtrAB pathway candidate; useful as secondary mechanism panel,Resistant by short-circuit (NEGATIVE logic): function collapse delta=-51.74 < -8.0; skip Boltz-2; mtrA(调控子)失活且mtrB(效应子)正常，导致mtrB过度表达，产生协同耐药效应
mtrB,primary_bdq,resistance_candidate,R493*,truncating,RESISTANT,LOSS_OF_FUNCTION,MTRAB_DEREGULATION,LOSS_OF_FUNCTION,-51.116943359375,,,,,3.5,MTRAB_DEREGULATION|SYNERGIC_RESISTANCE|mtrAB_deregulation,mtrAB pathway candidate; useful as secondary mechanism panel,Resistant by short-circuit (NEGATIVE logic): function collapse delta=-51.12 < -8.0; skip Boltz-2; mtrA(调控子)失活且mtrB(效应子)正常，导致mtrB过度表达，产生协同耐药效应
mtrB,primary_bdq,resistance_candidate,E507*,truncating,RESISTANT,LOSS_OF_FUNCTION,MTRAB_DEREGULATION,LOSS_OF_FUNCTION,-50.3360595703125,,,,,3.5,MTRAB_DEREGULATION|SYNERGIC_RESISTANCE|mtrAB_deregulation,mtrAB pathway candidate; useful as secondary mechanism panel,Resistant by short-circuit (NEGATIVE logic): function collapse delta=-50.34 < -8.0; skip Boltz-2; mtrA(调控子)失活且mtrB(效应子)正常，导致mtrB过度表达，产生协同耐药效应
mtrB,primary_bdq,resistance_candidate,S234*,truncating,RESISTANT,LOSS_OF_FUNCTION,MTRAB_DEREGULATION,LOSS_OF_FUNCTION,-49.5823974609375,,,,,3.5,MTRAB_DEREGULATION|SYNERGIC_RESISTANCE|mtrAB_deregulation,mtrAB pathway candidate; useful as secondary mechanism panel,Resistant by short-circuit (NEGATIVE logic): function collapse delta=-49.58 < -8.0; skip Boltz-2; mtrA(调控子)失活且mtrB(效应子)正常，导致mtrB过度表达，产生协同耐药效应
mtrB,primary_bdq,resistance_candidate,E504*,truncating,RESISTANT,LOSS_OF_FUNCTION,MTRAB_DEREGULATION,LOSS_OF_FUNCTION,-49.18603515625,,,,,3.5,MTRAB_DEREGULATION|SYNERGIC_RESISTANCE|mtrAB_deregulation,mtrAB pathway candidate; useful as secondary mechanism panel,Resistant by short-circuit (NEGATIVE logic): function collapse delta=-49.19 < -8.0; skip Boltz-2; mtrA(调控子)失活且mtrB(效应子)正常，导致mtrB过度表达，产生协同耐药效应
mtrB,primary_bdq,resistance_candidate,E500*,truncating,RESISTANT,LOSS_OF_FUNCTION,MTRAB_DEREGULATION,LOSS_OF_FUNCTION,-48.93359375,,,,,3.5,MTRAB_DEREGULATION|SYNERGIC_RESISTANCE|mtrAB_deregulation,mtrAB pathway candidate; useful as secondary mechanism panel,Resistant by short-circuit (NEGATIVE logic): function collapse delta=-48.93 < -8.0; skip Boltz-2; mtrA(调控子)失活且mtrB(效应子)正常，导致mtrB过度表达，产生协同耐药效应
mtrB,primary_bdq,resistance_candidate,G145*,truncating,RESISTANT,LOSS_OF_FUNCTION,MTRAB_DEREGULATION,LOSS_OF_FUNCTION,-43.740234375,,,,,3.5,MTRAB_DEREGULATION|SYNERGIC_RESISTANCE|mtrAB_deregulation,mtrAB pathway candidate; useful as secondary mechanism panel,Resistant by short-circuit (NEGATIVE logic): function collapse delta=-43.74 < -8.0; skip Boltz-2; mtrA(调控子)失活且mtrB(效应子)正常，导致mtrB过度表达，产生协同耐药效应
mtrB,primary_bdq,resistance_candidate,W502*,truncating,RESISTANT,LOSS_OF_FUNCTION,MTRAB_DEREGULATION,LOSS_OF_FUNCTION,-43.0498046875,,,,,3.5,MTRAB_DEREGULATION|SYNERGIC_RESISTANCE|mtrAB_deregulation,mtrAB pathway candidate; useful as secondary mechanism panel,Resistant by short-circuit (NEGATIVE logic): function collapse delta=-43.05 < -8.0; skip Boltz-2; mtrA(调控子)失活且mtrB(效应子)正常，导致mtrB过度表达，产生协同耐药效应
mtrB,primary_bdq,resistance_candidate,R7*,truncating,RESISTANT,LOSS_OF_FUNCTION,MTRAB_DEREGULATION,LOSS_OF_FUNCTION,-41.8597412109375,,,,,3.5,MTRAB_DEREGULATION|SYNERGIC_RESISTANCE|mtrAB_deregulation,mtrAB pathway candidate; useful as secondary mechanism panel,Resistant by short-circuit (NEGATIVE logic): function collapse delta=-41.86 < -8.0; skip Boltz-2; mtrA(调控子)失活且mtrB(效应子)正常，导致mtrB过度表达，产生协同耐药效应
mtrB,primary_bdq,resistance_candidate,R36*,truncating,RESISTANT,LOSS_OF_FUNCTION,MTRAB_DEREGULATION,LOSS_OF_FUNCTION,-40.607177734375,,,,,3.5,MTRAB_DEREGULATION|SYNERGIC_RESISTANCE|mtrAB_deregulation,mtrAB pathway candidate; useful as secondary mechanism panel,Resistant by short-circuit (NEGATIVE logic): function collapse delta=-40.61 < -8.0; skip Boltz-2; mtrA(调控子)失活且mtrB(效应子)正常，导致mtrB过度表达，产生协同耐药效应
mtrB,primary_bdq,resistance_candidate,W34*,truncating,RESISTANT,LOSS_OF_FUNCTION,MTRAB_DEREGULATION,LOSS_OF_FUNCTION,-39.1485595703125,,,,,3.5,MTRAB_DEREGULATION|SYNERGIC_RESISTANCE|mtrAB_deregulation,mtrAB pathway candidate; useful as secondary mechanism panel,Resistant by short-circuit (NEGATIVE logic): function collapse delta=-39.15 < -8.0; skip Boltz-2; mtrA(调控子)失活且mtrB(效应子)正常，导致mtrB过度表达，产生协同耐药效应
mtrB,primary_bdq,resistance_candidate,S473*,truncating,RESISTANT,LOSS_OF_FUNCTION,MTRAB_DEREGULATION,LOSS_OF_FUNCTION,-38.5379638671875,,,,,3.5,MTRAB_DEREGULATION|SYNERGIC_RESISTANCE|mtrAB_deregulation,mtrAB pathway candidate; useful as secondary mechanism panel,Resistant by short-circuit (NEGATIVE logic): function collapse delta=-38.54 < -8.0; skip Boltz-2; mtrA(调控子)失活且mtrB(效应子)正常，导致mtrB过度表达，产生协同耐药效应
mtrB,primary_bdq,resistance_candidate,K522*,truncating,RESISTANT,LOSS_OF_FUNCTION,MTRAB_DEREGULATION,LOSS_OF_FUNCTION,-37.4256591796875,,,,,3.5,MTRAB_DEREGULATION|SYNERGIC_RESISTANCE|mtrAB_deregulation,mtrAB pathway candidate; useful as secondary mechanism panel,Resistant by short-circuit (NEGATIVE logic): function collapse delta=-37.43 < -8.0; skip Boltz-2; mtrA(调控子)失活且mtrB(效应子)正常，导致mtrB过度表达，产生协同耐药效应
mtrB,primary_bdq,resistance_candidate,E306*,truncating,RESISTANT,LOSS_OF_FUNCTION,MTRAB_DEREGULATION,LOSS_OF_FUNCTION,-36.3441162109375,,,,,3.5,MTRAB_DEREGULATION|SYNERGIC_RESISTANCE|mtrAB_deregulation,mtrAB pathway candidate; useful as secondary mechanism panel,Resistant by short-circuit (NEGATIVE logic): function collapse delta=-36.34 < -8.0; skip Boltz-2; mtrA(调控子)失活且mtrB(效应子)正常，导致mtrB过度表达，产生协同耐药效应
mtrB,primary_bdq,resistance_candidate,Q236*,truncating,RESISTANT,LOSS_OF_FUNCTION,MTRAB_DEREGULATION,LOSS_OF_FUNCTION,-35.222900390625,,,,,3.5,MTRAB_DEREGULATION|SYNERGIC_RESISTANCE|mtrAB_deregulation,mtrAB pathway candidate; useful as secondary mechanism panel,Resistant by short-circuit (NEGATIVE logic): function collapse delta=-35.22 < -8.0; skip Boltz-2; mtrA(调控子)失活且mtrB(效应子)正常，导致mtrB过度表达，产生协同耐药效应
mtrB,primary_bdq,resistance_candidate,Y167*,truncating,RESISTANT,LOSS_OF_FUNCTION,MTRAB_DEREGULATION,LOSS_OF_FUNCTION,-34.5411376953125,,,,,3.5,MTRAB_DEREGULATION|SYNERGIC_RESISTANCE|mtrAB_deregulation,mtrAB pathway candidate; useful as secondary mechanism panel,Resistant by short-circuit (NEGATIVE logic): function collapse delta=-34.54 < -8.0; skip Boltz-2; mtrA(调控子)失活且mtrB(效应子)正常，导致mtrB过度表达，产生协同耐药效应
mtrB,primary_bdq,resistance_candidate,Q149*,truncating,RESISTANT,LOSS_OF_FUNCTION,MTRAB_DEREGULATION,LOSS_OF_FUNCTION,-33.9757080078125,,,,,3.5,MTRAB_DEREGULATION|SYNERGIC_RESISTANCE|mtrAB_deregulation,mtrAB pathway candidate; useful as secondary mechanism panel,Resistant by short-circuit (NEGATIVE logic): function collapse delta=-33.98 < -8.0; skip Boltz-2; mtrA(调控子)失活且mtrB(效应子)正常，导致mtrB过度表达，产生协同耐药效应
mtrB,primary_bdq,resistance_candidate,G254*,truncating,RESISTANT,LOSS_OF_FUNCTION,MTRAB_DEREGULATION,LOSS_OF_FUNCTION,-32.6563720703125,,,,,3.5,MTRAB_DEREGULATION|SYNERGIC_RESISTANCE|mtrAB_deregulation,mtrAB pathway candidate; useful as secondary mechanism panel,Resistant by short-circuit (NEGATIVE logic): function collapse delta=-32.66 < -8.0; skip Boltz-2; mtrA(调控子)失活且mtrB(效应子)正常，导致mtrB过度表达，产生协同耐药效应
pepQ,primary_bdq,regulatory_resistance_candidate,DEFAULT_AROUND_START:A22T,regulatory,RESISTANT,LOSS_OF_FUNCTION,NEGATIVE_LOF_REVIEWED,LOSS_OF_FUNCTION,-9.04296875,,,,,0,,"regulatory/intergenic resistance candidate; use as curated extensibility example, not broad regulatory validation",Resistant by short-circuit (NEGATIVE logic): function collapse delta=-9.04 < -8.0; skip Boltz-2
pepQ,primary_bdq,resistance_candidate,G126*,truncating,RESISTANT,LOSS_OF_FUNCTION,NEGATIVE_LOF_SIGNATURE,LOSS_OF_FUNCTION,-132.0439453125,,,,,0,,negative-logic LoF candidate; supports mechanism-driven prioritization,Resistant by short-circuit (NEGATIVE logic): function collapse delta=-132.04 < -8.0; skip Boltz-2
pepQ,primary_bdq,resistance_candidate,Y229*,truncating,RESISTANT,LOSS_OF_FUNCTION,NEGATIVE_LOF_SIGNATURE,LOSS_OF_FUNCTION,-128.6260986328125,,,,,0,,negative-logic LoF candidate; supports mechanism-driven prioritization,Resistant by short-circuit (NEGATIVE logic): function collapse delta=-128.63 < -8.0; skip Boltz-2
pepQ,primary_bdq,resistance_candidate,K11*,truncating,RESISTANT,LOSS_OF_FUNCTION,NEGATIVE_LOF_SIGNATURE,LOSS_OF_FUNCTION,-116.294189453125,,,,,0,,negative-logic LoF candidate; supports mechanism-driven prioritization,Resistant by short-circuit (NEGATIVE logic): function collapse delta=-116.29 < -8.0; skip Boltz-2
pepQ,primary_bdq,resistance_candidate,Q13*,truncating,RESISTANT,LOSS_OF_FUNCTION,NEGATIVE_LOF_SIGNATURE,LOSS_OF_FUNCTION,-116.244873046875,,,,,0,,negative-logic LoF candidate; supports mechanism-driven prioritization,Resistant by short-circuit (NEGATIVE logic): function collapse delta=-116.24 < -8.0; skip Boltz-2
pepQ,primary_bdq,resistance_candidate,L19*,truncating,RESISTANT,LOSS_OF_FUNCTION,NEGATIVE_LOF_SIGNATURE,LOSS_OF_FUNCTION,-114.87548828125,,,,,0,,negative-logic LoF candidate; supports mechanism-driven prioritization,Resistant by short-circuit (NEGATIVE logic): function collapse delta=-114.88 < -8.0; skip Boltz-2
pepQ,primary_bdq,resistance_candidate,R7*,truncating,RESISTANT,LOSS_OF_FUNCTION,NEGATIVE_LOF_SIGNATURE,LOSS_OF_FUNCTION,-114.4613037109375,,,,,0,,negative-logic LoF candidate; supports mechanism-driven prioritization,Resistant by short-circuit (NEGATIVE logic): function collapse delta=-114.46 < -8.0; skip Boltz-2
pepQ,primary_bdq,resistance_candidate,K9*,truncating,RESISTANT,LOSS_OF_FUNCTION,NEGATIVE_LOF_SIGNATURE,LOSS_OF_FUNCTION,-107.785888671875,,,,,0,,negative-logic LoF candidate; supports mechanism-driven prioritization,Resistant by short-circuit (NEGATIVE logic): function collapse delta=-107.79 < -8.0; skip Boltz-2
pepQ,primary_bdq,resistance_candidate,G293*,truncating,RESISTANT,LOSS_OF_FUNCTION,NEGATIVE_LOF_SIGNATURE,LOSS_OF_FUNCTION,-100.4525146484375,,,,,0,,negative-logic LoF candidate; supports mechanism-driven prioritization,Resistant by short-circuit (NEGATIVE logic): function collapse delta=-100.45 < -8.0; skip Boltz-2
pepQ,primary_bdq,resistance_candidate,E325*,truncating,RESISTANT,LOSS_OF_FUNCTION,NEGATIVE_LOF_SIGNATURE,LOSS_OF_FUNCTION,-83.88409423828125,,,,,0,,negative-logic LoF candidate; supports mechanism-driven prioritization,Resistant by short-circuit (NEGATIVE logic): function collapse delta=-83.88 < -8.0; skip Boltz-2
pepQ,primary_bdq,resistance_candidate,Y32*,truncating,RESISTANT,LOSS_OF_FUNCTION,NEGATIVE_LOF_SIGNATURE,LOSS_OF_FUNCTION,-80.69256591796875,,,,,0,,negative-logic LoF candidate; supports mechanism-driven prioritization,Resistant by short-circuit (NEGATIVE logic): function collapse delta=-80.69 < -8.0; skip Boltz-2
pepQ,primary_bdq,resistance_candidate,G295*,truncating,RESISTANT,LOSS_OF_FUNCTION,NEGATIVE_LOF_SIGNATURE,LOSS_OF_FUNCTION,-79.77569580078125,,,,,0,,negative-logic LoF candidate; supports mechanism-driven prioritization,Resistant by short-circuit (NEGATIVE logic): function collapse delta=-79.78 < -8.0; skip Boltz-2
pepQ,primary_bdq,resistance_candidate,R31*,truncating,RESISTANT,LOSS_OF_FUNCTION,NEGATIVE_LOF_SIGNATURE,LOSS_OF_FUNCTION,-79.2230224609375,,,,,0,,negative-logic LoF candidate; supports mechanism-driven prioritization,Resistant by short-circuit (NEGATIVE logic): function collapse delta=-79.22 < -8.0; skip Boltz-2
pepQ,primary_bdq,resistance_candidate,E89*,truncating,RESISTANT,LOSS_OF_FUNCTION,NEGATIVE_LOF_SIGNATURE,LOSS_OF_FUNCTION,-64.92041015625,,,,,0,,negative-logic LoF candidate; supports mechanism-driven prioritization,Resistant by short-circuit (NEGATIVE logic): function collapse delta=-64.92 < -8.0; skip Boltz-2
pepQ,primary_bdq,resistance_candidate,E339*,truncating,RESISTANT,LOSS_OF_FUNCTION,NEGATIVE_LOF_SIGNATURE,LOSS_OF_FUNCTION,-60.1268310546875,,,,,0,,negative-logic LoF candidate; supports mechanism-driven prioritization,Resistant by short-circuit (NEGATIVE logic): function collapse delta=-60.13 < -8.0; skip Boltz-2
pepQ,primary_bdq,resistance_candidate,L342*,truncating,RESISTANT,LOSS_OF_FUNCTION,NEGATIVE_LOF_SIGNATURE,LOSS_OF_FUNCTION,-52.5208740234375,,,,,0,,negative-logic LoF candidate; supports mechanism-driven prioritization,Resistant by short-circuit (NEGATIVE logic): function collapse delta=-52.52 < -8.0; skip Boltz-2
pepQ,primary_bdq,resistance_candidate,Y286*,truncating,RESISTANT,LOSS_OF_FUNCTION,NEGATIVE_LOF_SIGNATURE,LOSS_OF_FUNCTION,-51.0452880859375,,,,,0,,negative-logic LoF candidate; supports mechanism-driven prioritization,Resistant by short-circuit (NEGATIVE logic): function collapse delta=-51.05 < -8.0; skip Boltz-2
pepQ,primary_bdq,resistance_candidate,E353*,truncating,RESISTANT,LOSS_OF_FUNCTION,NEGATIVE_LOF_SIGNATURE,LOSS_OF_FUNCTION,-49.11083984375,,,,,0,,negative-logic LoF candidate; supports mechanism-driven prioritization,Resistant by short-circuit (NEGATIVE logic): function collapse delta=-49.11 < -8.0; skip Boltz-2
pepQ,primary_bdq,resistance_candidate,L362*,truncating,RESISTANT,LOSS_OF_FUNCTION,NEGATIVE_LOF_SIGNATURE,LOSS_OF_FUNCTION,-48.38299560546875,,,,,0,,negative-logic LoF candidate; supports mechanism-driven prioritization,Resistant by short-circuit (NEGATIVE logic): function collapse delta=-48.38 < -8.0; skip Boltz-2
pepQ,primary_bdq,resistance_candidate,K350*,truncating,RESISTANT,LOSS_OF_FUNCTION,NEGATIVE_LOF_SIGNATURE,LOSS_OF_FUNCTION,-47.8985595703125,,,,,0,,negative-logic LoF candidate; supports mechanism-driven prioritization,Resistant by short-circuit (NEGATIVE logic): function collapse delta=-47.90 < -8.0; skip Boltz-2
pepQ,primary_bdq,resistance_candidate,L330*,truncating,RESISTANT,LOSS_OF_FUNCTION,NEGATIVE_LOF_SIGNATURE,LOSS_OF_FUNCTION,-47.71929931640625,,,,,0,,negative-logic LoF candidate; supports mechanism-driven prioritization,Resistant by short-circuit (NEGATIVE logic): function collapse delta=-47.72 < -8.0; skip Boltz-2
pepQ,primary_bdq,resistance_candidate,L361*,truncating,RESISTANT,LOSS_OF_FUNCTION,NEGATIVE_LOF_SIGNATURE,LOSS_OF_FUNCTION,-47.27001953125,,,,,0,,negative-logic LoF candidate; supports mechanism-driven prioritization,Resistant by short-circuit (NEGATIVE logic): function collapse delta=-47.27 < -8.0; skip Boltz-2
pepQ,primary_bdq,resistance_candidate,Y329*,truncating,RESISTANT,LOSS_OF_FUNCTION,NEGATIVE_LOF_SIGNATURE,LOSS_OF_FUNCTION,-47.202392578125,,,,,0,,negative-logic LoF candidate; supports mechanism-driven prioritization,Resistant by short-circuit (NEGATIVE logic): function collapse delta=-47.20 < -8.0; skip Boltz-2
pepQ,primary_bdq,resistance_candidate,Q357*,truncating,RESISTANT,LOSS_OF_FUNCTION,NEGATIVE_LOF_SIGNATURE,LOSS_OF_FUNCTION,-46.6522216796875,,,,,0,,negative-logic LoF candidate; supports mechanism-driven prioritization,Resistant by short-circuit (NEGATIVE logic): function collapse delta=-46.65 < -8.0; skip Boltz-2
pepQ,primary_bdq,resistance_candidate,E360*,truncating,RESISTANT,LOSS_OF_FUNCTION,NEGATIVE_LOF_SIGNATURE,LOSS_OF_FUNCTION,-44.61981201171875,,,,,0,,negative-logic LoF candidate; supports mechanism-driven prioritization,Resistant by short-circuit (NEGATIVE logic): function collapse delta=-44.62 < -8.0; skip Boltz-2
pepQ,primary_bdq,resistance_candidate,E288*,truncating,RESISTANT,LOSS_OF_FUNCTION,NEGATIVE_LOF_SIGNATURE,LOSS_OF_FUNCTION,-40.95458984375,,,,,0,,negative-logic LoF candidate; supports mechanism-driven prioritization,Resistant by short-circuit (NEGATIVE logic): function collapse delta=-40.95 < -8.0; skip Boltz-2
pepQ,primary_bdq,sensitivity_or_retained_function_example,Y329F,coding_substitution,SENSITIVE,INTACT,NEGATIVE_FUNCTION_RETAINED,COMPLETED,-7.60894775390625,,,,0.9627654552459717,0,,mechanistic sensitive/control example for explaining rule direction,Evo-retained CDS candidate (delta=-7.61); queued for dynamic Boltz priority ranking
pepQ,primary_bdq,sensitivity_or_retained_function_example,D182H,coding_substitution,SENSITIVE,INTACT,NEGATIVE_FUNCTION_RETAINED,COMPLETED,-7.60064697265625,,,,0.9608954787254333,0,,mechanistic sensitive/control example for explaining rule direction,Evo-retained CDS candidate (delta=-7.60); queued for dynamic Boltz priority ranking
pepQ,primary_bdq,sensitivity_or_retained_function_example,*373L,coding_substitution,SENSITIVE,INTACT,NEGATIVE_FUNCTION_RETAINED,COMPLETED,-7.589599609375,,,,0.9629105925559998,0,,mechanistic sensitive/control example for explaining rule direction,Evo-retained CDS candidate (delta=-7.59); queued for dynamic Boltz priority ranking
pepQ,primary_bdq,sensitivity_or_retained_function_example,K367Q,coding_substitution,SENSITIVE,INTACT,NEGATIVE_FUNCTION_RETAINED,COMPLETED,-7.583984375,,,,0.9660091400146484,0,,mechanistic sensitive/control example for explaining rule direction,Evo-retained CDS candidate (delta=-7.58); queued for dynamic Boltz priority ranking
pepQ,primary_bdq,sensitivity_or_retained_function_example,D156N,coding_substitution,SENSITIVE,INTACT,NEGATIVE_FUNCTION_RETAINED,COMPLETED,-7.58154296875,,,,0.9618108868598938,0,,mechanistic sensitive/control example for explaining rule direction,Evo-retained CDS candidate (delta=-7.58); queued for dynamic Boltz priority ranking
pepQ,primary_bdq,sensitivity_or_retained_function_example,A141P,coding_substitution,SENSITIVE,INTACT,NEGATIVE_FUNCTION_RETAINED,COMPLETED,-7.573974609375,,,,0.9647451639175415,0,,mechanistic sensitive/control example for explaining rule direction,Evo-retained CDS candidate (delta=-7.57); queued for dynamic Boltz priority ranking
pepQ,primary_bdq,sensitivity_or_retained_function_example,V344E,coding_substitution,SENSITIVE,INTACT,NEGATIVE_FUNCTION_RETAINED,COMPLETED,-7.556884765625,,,,0.9661808609962463,0,,mechanistic sensitive/control example for explaining rule direction,Evo-retained CDS candidate (delta=-7.56); queued for dynamic Boltz priority ranking
pepQ,primary_bdq,sensitivity_or_retained_function_example,A146T,coding_substitution,SENSITIVE,INTACT,NEGATIVE_FUNCTION_RETAINED,COMPLETED,-7.55487060546875,,,,0.9621327519416809,0,,mechanistic sensitive/control example for explaining rule direction,Evo-retained CDS candidate (delta=-7.55); queued for dynamic Boltz priority ranking
pepQ,primary_bdq,sensitivity_or_retained_function_example,K219T,coding_substitution,SENSITIVE,INTACT,NEGATIVE_FUNCTION_RETAINED,COMPLETED,-7.5546875,,,,0.9646731019020081,0,,mechanistic sensitive/control example for explaining rule direction,Evo-retained CDS candidate (delta=-7.55); queued for dynamic Boltz priority ranking
pepQ,primary_bdq,sensitivity_or_retained_function_example,H204R,coding_substitution,SENSITIVE,INTACT,NEGATIVE_FUNCTION_RETAINED,COMPLETED,-7.5423583984375,,,,0.9617824554443359,0,,mechanistic sensitive/control example for explaining rule direction,Evo-retained CDS candidate (delta=-7.54); queued for dynamic Boltz priority ranking
pepQ,primary_bdq,sensitivity_or_retained_function_example,T56A,coding_substitution,SENSITIVE,INTACT,NEGATIVE_FUNCTION_RETAINED,COMPLETED,-7.538818359375,,,,0.9621406197547913,0,,mechanistic sensitive/control example for explaining rule direction,Evo-retained CDS candidate (delta=-7.54); queued for dynamic Boltz priority ranking
pepQ,primary_bdq,sensitivity_or_retained_function_example,D136H,coding_substitution,SENSITIVE,INTACT,NEGATIVE_FUNCTION_RETAINED,COMPLETED,-7.5308837890625,,,,0.9630975127220154,0,,mechanistic sensitive/control example for explaining rule direction,Evo-retained CDS candidate (delta=-7.53); queued for dynamic Boltz priority ranking
pepQ,primary_bdq,sensitivity_or_retained_function_example,E72V,coding_substitution,SENSITIVE,INTACT,NEGATIVE_FUNCTION_RETAINED,COMPLETED,-7.5301513671875,,,,0.965367317199707,0,,mechanistic sensitive/control example for explaining rule direction,Evo-retained CDS candidate (delta=-7.53); queued for dynamic Boltz priority ranking
pepQ,primary_bdq,sensitivity_or_retained_function_example,S189P,coding_substitution,SENSITIVE,INTACT,NEGATIVE_FUNCTION_RETAINED,COMPLETED,-7.5291748046875,,,,0.9668489694595337,0,,mechanistic sensitive/control example for explaining rule direction,Evo-retained CDS candidate (delta=-7.53); queued for dynamic Boltz priority ranking
pepQ,primary_bdq,sensitivity_or_retained_function_example,S200L,coding_substitution,SENSITIVE,INTACT,NEGATIVE_FUNCTION_RETAINED,COMPLETED,-7.5279541015625,,,,0.966895580291748,0,,mechanistic sensitive/control example for explaining rule direction,Evo-retained CDS candidate (delta=-7.53); queued for dynamic Boltz priority ranking
pepQ,primary_bdq,sensitivity_or_retained_function_example,A159P,coding_substitution,SENSITIVE,INTACT,NEGATIVE_FUNCTION_RETAINED,COMPLETED,-7.521728515625,,,,0.962824821472168,0,,mechanistic sensitive/control example for explaining rule direction,Evo-retained CDS candidate (delta=-7.52); queued for dynamic Boltz priority ranking
pepQ,primary_bdq,sensitivity_or_retained_function_example,A74P,coding_substitution,SENSITIVE,INTACT,NEGATIVE_FUNCTION_RETAINED,COMPLETED,-7.519775390625,,,,0.9624886512756348,0,,mechanistic sensitive/control example for explaining rule direction,Evo-retained CDS candidate (delta=-7.52); queued for dynamic Boltz priority ranking
pepQ,primary_bdq,sensitivity_or_retained_function_example,R164G,coding_substitution,SENSITIVE,INTACT,NEGATIVE_FUNCTION_RETAINED,COMPLETED,-7.515380859375,,,,0.9668925404548645,0,,mechanistic sensitive/control example for explaining rule direction,Evo-retained CDS candidate (delta=-7.52); queued for dynamic Boltz priority ranking
pepQ,primary_bdq,sensitivity_or_retained_function_example,R333P,coding_substitution,SENSITIVE,INTACT,NEGATIVE_FUNCTION_RETAINED,COMPLETED,-7.5042724609375,,,,0.9665597081184387,0,,mechanistic sensitive/control example for explaining rule direction,Evo-retained CDS candidate (delta=-7.50); queued for dynamic Boltz priority ranking
pepQ,primary_bdq,sensitivity_or_retained_function_example,A210P,coding_substitution,SENSITIVE,INTACT,NEGATIVE_FUNCTION_RETAINED,COMPLETED,-7.50396728515625,,,,0.9644731879234314,0,,mechanistic sensitive/control example for explaining rule direction,Evo-retained CDS candidate (delta=-7.50); queued for dynamic Boltz priority ranking
pepQ,primary_bdq,sensitivity_or_retained_function_example,P331T,coding_substitution,SENSITIVE,INTACT,NEGATIVE_FUNCTION_RETAINED,COMPLETED,-7.49945068359375,,,,0.9632213711738586,0,,mechanistic sensitive/control example for explaining rule direction,Evo-retained CDS candidate (delta=-7.50); queued for dynamic Boltz priority ranking
pepQ,primary_bdq,sensitivity_or_retained_function_example,A146S,coding_substitution,SENSITIVE,INTACT,NEGATIVE_FUNCTION_RETAINED,COMPLETED,-7.4918212890625,,,,0.9650862216949463,0,,mechanistic sensitive/control example for explaining rule direction,Evo-retained CDS candidate (delta=-7.49); queued for dynamic Boltz priority ranking
pepQ,primary_bdq,sensitivity_or_retained_function_example,A141V,coding_substitution,SENSITIVE,INTACT,NEGATIVE_FUNCTION_RETAINED,COMPLETED,-7.4874267578125,,,,0.9614083766937256,0,,mechanistic sensitive/control example for explaining rule direction,Evo-retained CDS candidate (delta=-7.49); queued for dynamic Boltz priority ranking
pepQ,primary_bdq,sensitivity_or_retained_function_example,L270Q,coding_substitution,SENSITIVE,INTACT,NEGATIVE_FUNCTION_RETAINED,COMPLETED,-7.47247314453125,,,,0.9660171866416931,0,,mechanistic sensitive/control example for explaining rule direction,Evo-retained CDS candidate (delta=-7.47); queued for dynamic Boltz priority ranking
pepQ,primary_bdq,sensitivity_or_retained_function_example,Q257L,coding_substitution,SENSITIVE,INTACT,NEGATIVE_FUNCTION_RETAINED,COMPLETED,-7.45037841796875,,,,0.9601852297782898,0,,mechanistic sensitive/control example for explaining rule direction,Evo-retained CDS candidate (delta=-7.45); queued for dynamic Boltz priority ranking
pepQ,primary_bdq,unsupported_regulatory_evo_only,DEFAULT_AROUND_START:C45T,regulatory,UNKNOWN,UNKNOWN,REGULATORY_SCENARIO_UNSUPPORTED,COMPLETED,-7.2890625,,,,,0,,"regulatory Evo-only result; useful for limitations, not primary claims","Evo-retained regulatory candidate (delta=-7.29); no protein-DNA Boltz scenario available, kept as Evo-only result"
pepQ,primary_bdq,unsupported_regulatory_evo_only,DEFAULT_UPSTREAM_120:C76A,regulatory,UNKNOWN,UNKNOWN,REGULATORY_SCENARIO_UNSUPPORTED,COMPLETED,-7.046875,,,,,0,,"regulatory Evo-only result; useful for limitations, not primary claims","Evo-retained regulatory candidate (delta=-7.05); no protein-DNA Boltz scenario available, kept as Evo-only result"
pepQ,primary_bdq,unsupported_regulatory_evo_only,DEFAULT_AROUND_START:A46C,regulatory,UNKNOWN,UNKNOWN,REGULATORY_SCENARIO_UNSUPPORTED,COMPLETED,-6.669921875,,,,,0,,"regulatory Evo-only result; useful for limitations, not primary claims","Evo-retained regulatory candidate (delta=-6.67); no protein-DNA Boltz scenario available, kept as Evo-only result"
pepQ,primary_bdq,unsupported_regulatory_evo_only,DEFAULT_AROUND_START:C45A,regulatory,UNKNOWN,UNKNOWN,REGULATORY_SCENARIO_UNSUPPORTED,COMPLETED,-6.611328125,,,,,0,,"regulatory Evo-only result; useful for limitations, not primary claims","Evo-retained regulatory candidate (delta=-6.61); no protein-DNA Boltz scenario available, kept as Evo-only result"
pepQ,primary_bdq,unsupported_regulatory_evo_only,DEFAULT_UPSTREAM_120:T23A,regulatory,UNKNOWN,UNKNOWN,REGULATORY_SCENARIO_UNSUPPORTED,COMPLETED,6.5546875,,,,,0,,"regulatory Evo-only result; useful for limitations, not primary claims","Evo-retained regulatory candidate (delta=6.55); no protein-DNA Boltz scenario available, kept as Evo-only result"
pepQ,primary_bdq,unsupported_regulatory_evo_only,DEFAULT_UPSTREAM_120:A62T,regulatory,UNKNOWN,UNKNOWN,REGULATORY_SCENARIO_UNSUPPORTED,COMPLETED,-6.494140625,,,,,0,,"regulatory Evo-only result; useful for limitations, not primary claims","Evo-retained regulatory candidate (delta=-6.49); no protein-DNA Boltz scenario available, kept as Evo-only result"
pepQ,primary_bdq,unsupported_regulatory_evo_only,DEFAULT_AROUND_START:A46T,regulatory,UNKNOWN,UNKNOWN,REGULATORY_SCENARIO_UNSUPPORTED,COMPLETED,-6.421875,,,,,0,,"regulatory Evo-only result; useful for limitations, not primary claims","Evo-retained regulatory candidate (delta=-6.42); no protein-DNA Boltz scenario available, kept as Evo-only result"
pepQ,primary_bdq,unsupported_regulatory_evo_only,DEFAULT_AROUND_START:C36T,regulatory,UNKNOWN,UNKNOWN,REGULATORY_SCENARIO_UNSUPPORTED,COMPLETED,-6.306640625,,,,,0,,"regulatory Evo-only result; useful for limitations, not primary claims","Evo-retained regulatory candidate (delta=-6.31); no protein-DNA Boltz scenario available, kept as Evo-only result"
pepQ,primary_bdq,unsupported_regulatory_evo_only,DEFAULT_AROUND_START:C36A,regulatory,UNKNOWN,UNKNOWN,REGULATORY_SCENARIO_UNSUPPORTED,COMPLETED,-6.208984375,,,,,0,,"regulatory Evo-only result; useful for limitations, not primary claims","Evo-retained regulatory candidate (delta=-6.21); no protein-DNA Boltz scenario available, kept as Evo-only result"
pepQ,primary_bdq,unsupported_regulatory_evo_only,DEFAULT_UPSTREAM_120:C21G,regulatory,UNKNOWN,UNKNOWN,REGULATORY_SCENARIO_UNSUPPORTED,COMPLETED,6.2041015625,,,,,0,,"regulatory Evo-only result; useful for limitations, not primary claims","Evo-retained regulatory candidate (delta=6.20); no protein-DNA Boltz scenario available, kept as Evo-only result"
pepQ,primary_bdq,unsupported_regulatory_evo_only,DEFAULT_UPSTREAM_120:G33C,regulatory,UNKNOWN,UNKNOWN,REGULATORY_SCENARIO_UNSUPPORTED,COMPLETED,6.033203125,,,,,0,,"regulatory Evo-only result; useful for limitations, not primary claims","Evo-retained regulatory candidate (delta=6.03); no protein-DNA Boltz scenario available, kept as Evo-only result"
pepQ,primary_bdq,unsupported_regulatory_evo_only,DEFAULT_UPSTREAM_120:C85A,regulatory,UNKNOWN,UNKNOWN,REGULATORY_SCENARIO_UNSUPPORTED,COMPLETED,-5.798828125,,,,,0,,"regulatory Evo-only result; useful for limitations, not primary claims","Evo-retained regulatory candidate (delta=-5.80); no protein-DNA Boltz scenario available, kept as Evo-only result"
pepQ,primary_bdq,unsupported_regulatory_evo_only,DEFAULT_AROUND_START:A4C,regulatory,UNKNOWN,UNKNOWN,REGULATORY_SCENARIO_UNSUPPORTED,COMPLETED,-5.77734375,,,,,0,,"regulatory Evo-only result; useful for limitations, not primary claims","Evo-retained regulatory candidate (delta=-5.78); no protein-DNA Boltz scenario available, kept as Evo-only result"
pepQ,primary_bdq,unsupported_regulatory_evo_only,DEFAULT_AROUND_START:C45G,regulatory,UNKNOWN,UNKNOWN,REGULATORY_SCENARIO_UNSUPPORTED,COMPLETED,-5.67578125,,,,,0,,"regulatory Evo-only result; useful for limitations, not primary claims","Evo-retained regulatory candidate (delta=-5.68); no protein-DNA Boltz scenario available, kept as Evo-only result"
pepQ,primary_bdq,unsupported_regulatory_evo_only,DEFAULT_UPSTREAM_120:A86C,regulatory,UNKNOWN,UNKNOWN,REGULATORY_SCENARIO_UNSUPPORTED,COMPLETED,-5.638671875,,,,,0,,"regulatory Evo-only result; useful for limitations, not primary claims","Evo-retained regulatory candidate (delta=-5.64); no protein-DNA Boltz scenario available, kept as Evo-only result"
pepQ,primary_bdq,unsupported_regulatory_evo_only,DEFAULT_AROUND_START:T47G,regulatory,UNKNOWN,UNKNOWN,REGULATORY_SCENARIO_UNSUPPORTED,COMPLETED,-5.615234375,,,,,0,,"regulatory Evo-only result; useful for limitations, not primary claims","Evo-retained regulatory candidate (delta=-5.62); no protein-DNA Boltz scenario available, kept as Evo-only result"
pepQ,primary_bdq,unsupported_regulatory_evo_only,DEFAULT_UPSTREAM_120:C32T,regulatory,UNKNOWN,UNKNOWN,REGULATORY_SCENARIO_UNSUPPORTED,COMPLETED,5.568359375,,,,,0,,"regulatory Evo-only result; useful for limitations, not primary claims","Evo-retained regulatory candidate (delta=5.57); no protein-DNA Boltz scenario available, kept as Evo-only result"
pepQ,primary_bdq,unsupported_regulatory_evo_only,DEFAULT_AROUND_START:A46G,regulatory,UNKNOWN,UNKNOWN,REGULATORY_SCENARIO_UNSUPPORTED,COMPLETED,-5.5546875,,,,,0,,"regulatory Evo-only result; useful for limitations, not primary claims","Evo-retained regulatory candidate (delta=-5.55); no protein-DNA Boltz scenario available, kept as Evo-only result"
pepQ,primary_bdq,unsupported_regulatory_evo_only,DEFAULT_UPSTREAM_120:A86T,regulatory,UNKNOWN,UNKNOWN,REGULATORY_SCENARIO_UNSUPPORTED,COMPLETED,-5.525390625,,,,,0,,"regulatory Evo-only result; useful for limitations, not primary claims","Evo-retained regulatory candidate (delta=-5.53); no protein-DNA Boltz scenario available, kept as Evo-only result"
pepQ,primary_bdq,unsupported_regulatory_evo_only,DEFAULT_UPSTREAM_120:C85T,regulatory,UNKNOWN,UNKNOWN,REGULATORY_SCENARIO_UNSUPPORTED,COMPLETED,-5.43359375,,,,,0,,"regulatory Evo-only result; useful for limitations, not primary claims","Evo-retained regulatory candidate (delta=-5.43); no protein-DNA Boltz scenario available, kept as Evo-only result"
pepQ,primary_bdq,unsupported_regulatory_evo_only,DEFAULT_UPSTREAM_120:C76T,regulatory,UNKNOWN,UNKNOWN,REGULATORY_SCENARIO_UNSUPPORTED,COMPLETED,-5.404296875,,,,,0,,"regulatory Evo-only result; useful for limitations, not primary claims","Evo-retained regulatory candidate (delta=-5.40); no protein-DNA Boltz scenario available, kept as Evo-only result"
pepQ,primary_bdq,unsupported_regulatory_evo_only,DEFAULT_AROUND_START:A56T,regulatory,UNKNOWN,UNKNOWN,REGULATORY_SCENARIO_UNSUPPORTED,COMPLETED,-5.2421875,,,,,0,,"regulatory Evo-only result; useful for limitations, not primary claims","Evo-retained regulatory candidate (delta=-5.24); no protein-DNA Boltz scenario available, kept as Evo-only result"
pepQ,primary_bdq,unsupported_regulatory_evo_only,DEFAULT_AROUND_START:A31G,regulatory,UNKNOWN,UNKNOWN,REGULATORY_SCENARIO_UNSUPPORTED,COMPLETED,-5.115234375,,,,,0,,"regulatory Evo-only result; useful for limitations, not primary claims","Evo-retained regulatory candidate (delta=-5.12); no protein-DNA Boltz scenario available, kept as Evo-only result"
pepQ,primary_bdq,unsupported_regulatory_evo_only,DEFAULT_UPSTREAM_120:C85G,regulatory,UNKNOWN,UNKNOWN,REGULATORY_SCENARIO_UNSUPPORTED,COMPLETED,-4.96875,,,,,0,,"regulatory Evo-only result; useful for limitations, not primary claims","Evo-retained regulatory candidate (delta=-4.97); no protein-DNA Boltz scenario available, kept as Evo-only result"
pepQ,primary_bdq,unsupported_regulatory_evo_only,DEFAULT_AROUND_START:A4T,regulatory,UNKNOWN,UNKNOWN,REGULATORY_SCENARIO_UNSUPPORTED,COMPLETED,-4.84765625,,,,,0,,"regulatory Evo-only result; useful for limitations, not primary claims","Evo-retained regulatory candidate (delta=-4.85); no protein-DNA Boltz scenario available, kept as Evo-only result"
