who_row_id,drug,gene,mutation,effect,who_grade,who_truth,who_grading,mutation_class,current_evaluator_scope,benchmark_role,amr_hunter_prediction,matched_status,correct,gap_reason,record_count,source_statuses,evidence_code,source_records,original_current_evaluator_scope,original_amr_hunter_prediction,original_matched_status,original_correct,original_gap_reason,call_source,consequence_inference,inferred_functional_state,inferred_logic_type
1,Bedaquiline,atpE,c.207G>T,synonymous_variant,G4,S,4) Not assoc w R - Interim,snv,true,primary,S,matched_final,true,,2,COMPLETED|FAILED,ANALYSIS_FAILED|SYNONYMOUS_NO_PROTEIN_CHANGE,POSITIVE:COMPLETED:SENSITIVE:SYNONYMOUS_NO_PROTEIN_CHANGE;POSITIVE:FAILED:UNKNOWN:ANALYSIS_FAILED,true,S,matched_final,true,,direct_record_match,,,
2,Bedaquiline,atpE,c.240C>T,synonymous_variant,G4,S,4) Not assoc w R - Interim,snv,true,primary,S,matched_final,true,,2,FAILED,SYNONYMOUS_NO_PROTEIN_CHANGE,POSITIVE:FAILED:SENSITIVE:SYNONYMOUS_NO_PROTEIN_CHANGE;POSITIVE:FAILED:SENSITIVE:SYNONYMOUS_NO_PROTEIN_CHANGE,true,S,matched_final,true,,direct_record_match,,,
3,Bedaquiline,atpE,c.-41T>C,upstream_gene_variant,G3,,3) Uncertain significance,regulatory,,primary,,excluded,,excluded_uncertain_g3_or_unmapped_grade,6,COMPLETED|PENDING,REGULATORY_SCENARIO_UNSUPPORTED,POSITIVE:COMPLETED:UNKNOWN:REGULATORY_SCENARIO_UNSUPPORTED;POSITIVE:PENDING::;POSITIVE:COMPLETED:UNKNOWN:REGULATORY_SCENARIO_UNSUPPORTED;+3_more,,,excluded,,excluded_uncertain_g3_or_unmapped_grade,,,,
4,Bedaquiline,atpE,c.-43G>T,upstream_gene_variant,G3,,3) Uncertain significance,regulatory,,primary,,excluded,,excluded_uncertain_g3_or_unmapped_grade,6,COMPLETED|PENDING,REGULATORY_SCENARIO_UNSUPPORTED,POSITIVE:COMPLETED:UNKNOWN:REGULATORY_SCENARIO_UNSUPPORTED;POSITIVE:PENDING::;POSITIVE:COMPLETED:UNKNOWN:REGULATORY_SCENARIO_UNSUPPORTED;+3_more,,,excluded,,excluded_uncertain_g3_or_unmapped_grade,,,,
5,Bedaquiline,atpE,c.54C>A,synonymous_variant,G4,S,4) Not assoc w R - Interim,snv,true,primary,S,matched_final,true,,2,COMPLETED|FAILED,ANALYSIS_FAILED|SYNONYMOUS_NO_PROTEIN_CHANGE,POSITIVE:COMPLETED:SENSITIVE:SYNONYMOUS_NO_PROTEIN_CHANGE;POSITIVE:FAILED:UNKNOWN:ANALYSIS_FAILED,true,S,matched_final,true,,direct_record_match,,,
6,Bedaquiline,atpE,c.9C>T,synonymous_variant,G4,S,4) Not assoc w R - Interim,snv,true,primary,S,matched_final,true,,2,COMPLETED|FAILED,ANALYSIS_FAILED|SYNONYMOUS_NO_PROTEIN_CHANGE,POSITIVE:COMPLETED:SENSITIVE:SYNONYMOUS_NO_PROTEIN_CHANGE;POSITIVE:FAILED:UNKNOWN:ANALYSIS_FAILED,true,S,matched_final,true,,direct_record_match,,,
7,Bedaquiline,atpE,p.Ala45Val,missense_variant,G3,,3) Uncertain significance,protein_substitution,,primary,,excluded,,excluded_uncertain_g3_or_unmapped_grade,2,FAILED|PENDING,ANALYSIS_FAILED,POSITIVE:FAILED:UNKNOWN:ANALYSIS_FAILED;POSITIVE:PENDING::,,,excluded,,excluded_uncertain_g3_or_unmapped_grade,,,,
8,Bedaquiline,atpE,p.Ala62Thr,missense_variant,G3,,3) Uncertain significance,protein_substitution,,primary,,excluded,,excluded_uncertain_g3_or_unmapped_grade,2,FAILED|PENDING,ANALYSIS_FAILED,POSITIVE:FAILED:UNKNOWN:ANALYSIS_FAILED;POSITIVE:PENDING::,,,excluded,,excluded_uncertain_g3_or_unmapped_grade,,,,
9,Bedaquiline,atpE,p.Ala63Pro,missense_variant,G2,R,2) Assoc w R - Interim,protein_substitution,true,primary,R,matched_final,true,,2,COMPLETED|PENDING,ATP_SYNTHASE_COMPENSATION,POSITIVE:COMPLETED:RESISTANT:ATP_SYNTHASE_COMPENSATION;POSITIVE:PENDING::,true,R,matched_final,true,,direct_record_match,,,
10,Bedaquiline,atpE,p.Ala63Thr,missense_variant,G3,,3) Uncertain significance,protein_substitution,,primary,,excluded,,excluded_uncertain_g3_or_unmapped_grade,2,FAILED|PENDING,ANALYSIS_FAILED,POSITIVE:FAILED:UNKNOWN:ANALYSIS_FAILED;POSITIVE:PENDING::,,,excluded,,excluded_uncertain_g3_or_unmapped_grade,,,,
11,Bedaquiline,atpE,p.Ala63Val,missense_variant,G3,,3) Uncertain significance,protein_substitution,,primary,,excluded,,excluded_uncertain_g3_or_unmapped_grade,2,FAILED|PENDING,ANALYSIS_FAILED,POSITIVE:FAILED:UNKNOWN:ANALYSIS_FAILED;POSITIVE:PENDING::,,,excluded,,excluded_uncertain_g3_or_unmapped_grade,,,,
12,Bedaquiline,atpE,p.Asp28Ala,missense_variant,G2,R,2) Assoc w R - Interim,protein_substitution,true,primary,R,matched_final,true,,2,COMPLETED|PENDING,ATP_SYNTHASE_COMPENSATION,POSITIVE:COMPLETED:RESISTANT:ATP_SYNTHASE_COMPENSATION;POSITIVE:PENDING::,true,R,matched_final,true,,direct_record_match,,,
13,Bedaquiline,atpE,p.Asp28Gly,missense_variant,G2,R,2) Assoc w R - Interim,protein_substitution,true,primary,R,matched_final,true,,2,COMPLETED|PENDING,ATP_SYNTHASE_COMPENSATION,POSITIVE:COMPLETED:RESISTANT:ATP_SYNTHASE_COMPENSATION;POSITIVE:PENDING::,true,R,matched_final,true,,direct_record_match,,,
14,Bedaquiline,atpE,p.Asp28Val,missense_variant,G2,R,2) Assoc w R - Interim,protein_substitution,true,primary,R,matched_final,true,,2,COMPLETED|PENDING,ATP_SYNTHASE_COMPENSATION,POSITIVE:COMPLETED:RESISTANT:ATP_SYNTHASE_COMPENSATION;POSITIVE:PENDING::,true,R,matched_final,true,,direct_record_match,,,
15,Bedaquiline,atpE,p.Glu61Asp,missense_variant,G2,R,2) Assoc w R - Interim,protein_substitution,true,primary,R,matched_final,true,,4,COMPLETED|PENDING,ATP_SYNTHASE_COMPENSATION,POSITIVE:COMPLETED:RESISTANT:ATP_SYNTHASE_COMPENSATION;POSITIVE:COMPLETED:RESISTANT:ATP_SYNTHASE_COMPENSATION;POSITIVE:PENDING::;+1_more,true,R,matched_final,true,,direct_record_match,,,
16,Bedaquiline,atpE,p.Ile66Met,missense_variant,G2,R,2) Assoc w R - Interim,protein_substitution,true,primary,R,matched_final,true,,2,COMPLETED|PENDING,ATP_SYNTHASE_COMPENSATION,POSITIVE:COMPLETED:RESISTANT:ATP_SYNTHASE_COMPENSATION;POSITIVE:PENDING::,true,R,matched_final,true,,direct_record_match,,,
17,Bedaquiline,atpE,p.Leu59Phe,missense_variant,G3,,3) Uncertain significance,protein_substitution,,primary,,excluded,,excluded_uncertain_g3_or_unmapped_grade,4,FAILED|PENDING,ANALYSIS_FAILED,POSITIVE:FAILED:UNKNOWN:ANALYSIS_FAILED;POSITIVE:FAILED:UNKNOWN:ANALYSIS_FAILED;POSITIVE:PENDING::;+1_more,,,excluded,,excluded_uncertain_g3_or_unmapped_grade,,,,
18,Bedaquiline,atpE,p.Phe76Leu,missense_variant,G3,,3) Uncertain significance,protein_substitution,,primary,,excluded,,excluded_uncertain_g3_or_unmapped_grade,6,FAILED|PENDING,ANALYSIS_FAILED,POSITIVE:FAILED:UNKNOWN:ANALYSIS_FAILED;POSITIVE:FAILED:UNKNOWN:ANALYSIS_FAILED;POSITIVE:FAILED:UNKNOWN:ANALYSIS_FAILED;+3_more,,,excluded,,excluded_uncertain_g3_or_unmapped_grade,,,,
19,Bedaquiline,atpE,p.Ser37Ala,missense_variant,G3,,3) Uncertain significance,protein_substitution,,primary,,excluded,,excluded_uncertain_g3_or_unmapped_grade,2,FAILED|PENDING,ANALYSIS_FAILED,POSITIVE:FAILED:UNKNOWN:ANALYSIS_FAILED;POSITIVE:PENDING::,,,excluded,,excluded_uncertain_g3_or_unmapped_grade,,,,
20,Bedaquiline,atpE,p.Thr51Ile,missense_variant,G3,,3) Uncertain significance,protein_substitution,,primary,,excluded,,excluded_uncertain_g3_or_unmapped_grade,2,FAILED|PENDING,ANALYSIS_FAILED,POSITIVE:FAILED:UNKNOWN:ANALYSIS_FAILED;POSITIVE:PENDING::,,,excluded,,excluded_uncertain_g3_or_unmapped_grade,,,,
21,Bedaquiline,atpE,p.Val39Ile,missense_variant,G3,,3) Uncertain significance,protein_substitution,,primary,,excluded,,excluded_uncertain_g3_or_unmapped_grade,2,FAILED|PENDING,ANALYSIS_FAILED,POSITIVE:FAILED:UNKNOWN:ANALYSIS_FAILED;POSITIVE:PENDING::,,,excluded,,excluded_uncertain_g3_or_unmapped_grade,,,,
22,Bedaquiline,lpqB,c.1011C>A,synonymous_variant,G4,S,4) Not assoc w R - Interim,snv,,primary_accounting_only,,accounting_only,,missing_amr_hunter_record,0,,,,,,accounting_only,,missing_amr_hunter_record,,,,
23,Bedaquiline,lpqB,c.1023A>G,synonymous_variant,G4,S,4) Not assoc w R - Interim,snv,,primary_accounting_only,,accounting_only,,missing_amr_hunter_record,0,,,,,,accounting_only,,missing_amr_hunter_record,,,,
24,Bedaquiline,lpqB,c.1047C>T,synonymous_variant,G4,S,4) Not assoc w R - Interim,snv,,primary_accounting_only,,accounting_only,,missing_amr_hunter_record,0,,,,,,accounting_only,,missing_amr_hunter_record,,,,
25,Bedaquiline,lpqB,c.1059C>T,synonymous_variant,G4,S,4) Not assoc w R - Interim,snv,,primary_accounting_only,,accounting_only,,missing_amr_hunter_record,0,,,,,,accounting_only,,missing_amr_hunter_record,,,,
26,Bedaquiline,lpqB,c.1098C>T,synonymous_variant,G4,S,4) Not assoc w R - Interim,snv,,primary_accounting_only,,accounting_only,,missing_amr_hunter_record,0,,,,,,accounting_only,,missing_amr_hunter_record,,,,
27,Bedaquiline,lpqB,c.1104T>G,synonymous_variant,G4,S,4) Not assoc w R - Interim,snv,,primary_accounting_only,,accounting_only,,missing_amr_hunter_record,0,,,,,,accounting_only,,missing_amr_hunter_record,,,,
28,Bedaquiline,lpqB,c.1107G>A,synonymous_variant,G4,S,4) Not assoc w R - Interim,snv,,primary_accounting_only,,accounting_only,,missing_amr_hunter_record,0,,,,,,accounting_only,,missing_amr_hunter_record,,,,
29,Bedaquiline,lpqB,c.1119G>T,synonymous_variant,G4,S,4) Not assoc w R - Interim,snv,,primary_accounting_only,,accounting_only,,missing_amr_hunter_record,0,,,,,,accounting_only,,missing_amr_hunter_record,,,,
30,Bedaquiline,lpqB,c.1125G>A,synonymous_variant,G4,S,4) Not assoc w R - Interim,snv,,primary_accounting_only,,accounting_only,,missing_amr_hunter_record,0,,,,,,accounting_only,,missing_amr_hunter_record,,,,
31,Bedaquiline,lpqB,c.1140C>T,synonymous_variant,G4,S,4) Not assoc w R - Interim,snv,,primary_accounting_only,,accounting_only,,missing_amr_hunter_record,0,,,,,,accounting_only,,missing_amr_hunter_record,,,,
32,Bedaquiline,lpqB,c.1146C>T,synonymous_variant,G4,S,4) Not assoc w R - Interim,snv,,primary_accounting_only,,accounting_only,,missing_amr_hunter_record,0,,,,,,accounting_only,,missing_amr_hunter_record,,,,
33,Bedaquiline,lpqB,c.1188C>T,synonymous_variant,G4,S,4) Not assoc w R - Interim,snv,,primary_accounting_only,,accounting_only,,missing_amr_hunter_record,0,,,,,,accounting_only,,missing_amr_hunter_record,,,,
34,Bedaquiline,lpqB,c.1236C>G,synonymous_variant,G4,S,4) Not assoc w R - Interim,snv,,primary_accounting_only,,accounting_only,,missing_amr_hunter_record,0,,,,,,accounting_only,,missing_amr_hunter_record,,,,
35,Bedaquiline,lpqB,c.123A>G,synonymous_variant,G4,S,4) Not assoc w R - Interim,snv,,primary_accounting_only,,accounting_only,,missing_amr_hunter_record,0,,,,,,accounting_only,,missing_amr_hunter_record,,,,
36,Bedaquiline,lpqB,c.1275C>T,synonymous_variant,G4,S,4) Not assoc w R - Interim,snv,,primary_accounting_only,,accounting_only,,missing_amr_hunter_record,0,,,,,,accounting_only,,missing_amr_hunter_record,,,,
37,Bedaquiline,lpqB,c.1302G>T,synonymous_variant,G4,S,4) Not assoc w R - Interim,snv,,primary_accounting_only,,accounting_only,,missing_amr_hunter_record,0,,,,,,accounting_only,,missing_amr_hunter_record,,,,
38,Bedaquiline,lpqB,c.1326G>A,synonymous_variant,G4,S,4) Not assoc w R - Interim,snv,,primary_accounting_only,,accounting_only,,missing_amr_hunter_record,0,,,,,,accounting_only,,missing_amr_hunter_record,,,,
39,Bedaquiline,lpqB,c.1389G>T,synonymous_variant,G4,S,4) Not assoc w R - Interim,snv,,primary_accounting_only,,accounting_only,,missing_amr_hunter_record,0,,,,,,accounting_only,,missing_amr_hunter_record,,,,
40,Bedaquiline,lpqB,c.1404C>T,synonymous_variant,G4,S,4) Not assoc w R - Interim,snv,,primary_accounting_only,,accounting_only,,missing_amr_hunter_record,0,,,,,,accounting_only,,missing_amr_hunter_record,,,,
41,Bedaquiline,lpqB,c.1443T>C,synonymous_variant,G4,S,4) Not assoc w R - Interim,snv,,primary_accounting_only,,accounting_only,,missing_amr_hunter_record,0,,,,,,accounting_only,,missing_amr_hunter_record,,,,
42,Bedaquiline,lpqB,c.1452G>A,synonymous_variant,G4,S,4) Not assoc w R - Interim,snv,,primary_accounting_only,,accounting_only,,missing_amr_hunter_record,0,,,,,,accounting_only,,missing_amr_hunter_record,,,,
43,Bedaquiline,lpqB,c.1473G>A,synonymous_variant,G4,S,4) Not assoc w R - Interim,snv,,primary_accounting_only,,accounting_only,,missing_amr_hunter_record,0,,,,,,accounting_only,,missing_amr_hunter_record,,,,
44,Bedaquiline,lpqB,c.150G>A,synonymous_variant,G4,S,4) Not assoc w R - Interim,snv,,primary_accounting_only,,accounting_only,,missing_amr_hunter_record,0,,,,,,accounting_only,,missing_amr_hunter_record,,,,
45,Bedaquiline,lpqB,c.1518A>G,synonymous_variant,G4,S,4) Not assoc w R - Interim,snv,,primary_accounting_only,,accounting_only,,missing_amr_hunter_record,0,,,,,,accounting_only,,missing_amr_hunter_record,,,,
46,Bedaquiline,lpqB,c.1527C>T,synonymous_variant,G4,S,4) Not assoc w R - Interim,snv,,primary_accounting_only,,accounting_only,,missing_amr_hunter_record,0,,,,,,accounting_only,,missing_amr_hunter_record,,,,
47,Bedaquiline,lpqB,c.1530C>T,synonymous_variant,G4,S,4) Not assoc w R - Interim,snv,,primary_accounting_only,,accounting_only,,missing_amr_hunter_record,0,,,,,,accounting_only,,missing_amr_hunter_record,,,,
48,Bedaquiline,lpqB,c.1539G>A,synonymous_variant,G4,S,4) Not assoc w R - Interim,snv,,primary_accounting_only,,accounting_only,,missing_amr_hunter_record,0,,,,,,accounting_only,,missing_amr_hunter_record,,,,
49,Bedaquiline,lpqB,c.1539G>C,synonymous_variant,G4,S,4) Not assoc w R - Interim,snv,,primary_accounting_only,,accounting_only,,missing_amr_hunter_record,0,,,,,,accounting_only,,missing_amr_hunter_record,,,,
50,Bedaquiline,lpqB,c.1560C>T,synonymous_variant,G4,S,4) Not assoc w R - Interim,snv,,primary_accounting_only,,accounting_only,,missing_amr_hunter_record,0,,,,,,accounting_only,,missing_amr_hunter_record,,,,
51,Bedaquiline,lpqB,c.1620C>A,synonymous_variant,G4,S,4) Not assoc w R - Interim,snv,,primary_accounting_only,,accounting_only,,missing_amr_hunter_record,0,,,,,,accounting_only,,missing_amr_hunter_record,,,,
52,Bedaquiline,lpqB,c.1635G>A,synonymous_variant,G4,S,4) Not assoc w R - Interim,snv,,primary_accounting_only,,accounting_only,,missing_amr_hunter_record,0,,,,,,accounting_only,,missing_amr_hunter_record,,,,
53,Bedaquiline,lpqB,c.1689A>G,synonymous_variant,G4,S,4) Not assoc w R - Interim,snv,,primary_accounting_only,,accounting_only,,missing_amr_hunter_record,0,,,,,,accounting_only,,missing_amr_hunter_record,,,,
54,Bedaquiline,lpqB,c.16T>C,synonymous_variant,G4,S,4) Not assoc w R - Interim,snv,,primary_accounting_only,,accounting_only,,missing_amr_hunter_record,0,,,,,,accounting_only,,missing_amr_hunter_record,,,,
55,Bedaquiline,lpqB,c.1710G>A,synonymous_variant,G4,S,4) Not assoc w R - Interim,snv,,primary_accounting_only,,accounting_only,,missing_amr_hunter_record,0,,,,,,accounting_only,,missing_amr_hunter_record,,,,
56,Bedaquiline,lpqB,c.1725G>A,synonymous_variant,G4,S,4) Not assoc w R - Interim,snv,,primary_accounting_only,,accounting_only,,missing_amr_hunter_record,0,,,,,,accounting_only,,missing_amr_hunter_record,,,,
57,Bedaquiline,lpqB,c.1737G>C,synonymous_variant,G4,S,4) Not assoc w R - Interim,snv,,primary_accounting_only,,accounting_only,,missing_amr_hunter_record,0,,,,,,accounting_only,,missing_amr_hunter_record,,,,
58,Bedaquiline,lpqB,c.1740A>G,synonymous_variant,G4,S,4) Not assoc w R - Interim,snv,,primary_accounting_only,,accounting_only,,missing_amr_hunter_record,0,,,,,,accounting_only,,missing_amr_hunter_record,,,,
59,Bedaquiline,lpqB,c.1746C>G,synonymous_variant,G4,S,4) Not assoc w R - Interim,snv,,primary_accounting_only,,accounting_only,,missing_amr_hunter_record,0,,,,,,accounting_only,,missing_amr_hunter_record,,,,
60,Bedaquiline,lpqB,c.174C>T,synonymous_variant,G4,S,4) Not assoc w R - Interim,snv,,primary_accounting_only,,accounting_only,,missing_amr_hunter_record,0,,,,,,accounting_only,,missing_amr_hunter_record,,,,
61,Bedaquiline,lpqB,c.189C>G,synonymous_variant,G4,S,4) Not assoc w R - Interim,snv,,primary_accounting_only,,accounting_only,,missing_amr_hunter_record,0,,,,,,accounting_only,,missing_amr_hunter_record,,,,
62,Bedaquiline,lpqB,c.189C>T,synonymous_variant,G4,S,4) Not assoc w R - Interim,snv,,primary_accounting_only,,accounting_only,,missing_amr_hunter_record,0,,,,,,accounting_only,,missing_amr_hunter_record,,,,
63,Bedaquiline,lpqB,c.18G>A,synonymous_variant,G4,S,4) Not assoc w R - Interim,snv,,primary_accounting_only,,accounting_only,,missing_amr_hunter_record,0,,,,,,accounting_only,,missing_amr_hunter_record,,,,
64,Bedaquiline,lpqB,c.201G>A,synonymous_variant,G4,S,4) Not assoc w R - Interim,snv,,primary_accounting_only,,accounting_only,,missing_amr_hunter_record,0,,,,,,accounting_only,,missing_amr_hunter_record,,,,
65,Bedaquiline,lpqB,c.264G>A,synonymous_variant,G4,S,4) Not assoc w R - Interim,snv,,primary_accounting_only,,accounting_only,,missing_amr_hunter_record,0,,,,,,accounting_only,,missing_amr_hunter_record,,,,
66,Bedaquiline,lpqB,c.279G>A,synonymous_variant,G4,S,4) Not assoc w R - Interim,snv,,primary_accounting_only,,accounting_only,,missing_amr_hunter_record,0,,,,,,accounting_only,,missing_amr_hunter_record,,,,
67,Bedaquiline,lpqB,c.318G>A,synonymous_variant,G4,S,4) Not assoc w R - Interim,snv,,primary_accounting_only,,accounting_only,,missing_amr_hunter_record,0,,,,,,accounting_only,,missing_amr_hunter_record,,,,
68,Bedaquiline,lpqB,c.504C>T,synonymous_variant,G4,S,4) Not assoc w R - Interim,snv,,primary_accounting_only,,accounting_only,,missing_amr_hunter_record,0,,,,,,accounting_only,,missing_amr_hunter_record,,,,
69,Bedaquiline,lpqB,c.513C>T,synonymous_variant,G4,S,4) Not assoc w R - Interim,snv,,primary_accounting_only,,accounting_only,,missing_amr_hunter_record,0,,,,,,accounting_only,,missing_amr_hunter_record,,,,
70,Bedaquiline,lpqB,c.519C>T,synonymous_variant,G4,S,4) Not assoc w R - Interim,snv,,primary_accounting_only,,accounting_only,,missing_amr_hunter_record,0,,,,,,accounting_only,,missing_amr_hunter_record,,,,
71,Bedaquiline,lpqB,c.522C>A,synonymous_variant,G4,S,4) Not assoc w R - Interim,snv,,primary_accounting_only,,accounting_only,,missing_amr_hunter_record,0,,,,,,accounting_only,,missing_amr_hunter_record,,,,
72,Bedaquiline,lpqB,c.549G>A,synonymous_variant,G4,S,4) Not assoc w R - Interim,snv,,primary_accounting_only,,accounting_only,,missing_amr_hunter_record,0,,,,,,accounting_only,,missing_amr_hunter_record,,,,
73,Bedaquiline,lpqB,c.549G>T,synonymous_variant,G4,S,4) Not assoc w R - Interim,snv,,primary_accounting_only,,accounting_only,,missing_amr_hunter_record,0,,,,,,accounting_only,,missing_amr_hunter_record,,,,
74,Bedaquiline,lpqB,c.561G>T,synonymous_variant,G4,S,4) Not assoc w R - Interim,snv,,primary_accounting_only,,accounting_only,,missing_amr_hunter_record,0,,,,,,accounting_only,,missing_amr_hunter_record,,,,
75,Bedaquiline,lpqB,c.588G>A,synonymous_variant,G4,S,4) Not assoc w R - Interim,snv,,primary_accounting_only,,accounting_only,,missing_amr_hunter_record,0,,,,,,accounting_only,,missing_amr_hunter_record,,,,
76,Bedaquiline,lpqB,c.642G>T,synonymous_variant,G4,S,4) Not assoc w R - Interim,snv,,primary_accounting_only,,accounting_only,,missing_amr_hunter_record,0,,,,,,accounting_only,,missing_amr_hunter_record,,,,
77,Bedaquiline,lpqB,c.654C>T,synonymous_variant,G4,S,4) Not assoc w R - Interim,snv,,primary_accounting_only,,accounting_only,,missing_amr_hunter_record,0,,,,,,accounting_only,,missing_amr_hunter_record,,,,
78,Bedaquiline,lpqB,c.657T>C,synonymous_variant,G4,S,4) Not assoc w R - Interim,snv,,primary_accounting_only,,accounting_only,,missing_amr_hunter_record,0,,,,,,accounting_only,,missing_amr_hunter_record,,,,
79,Bedaquiline,lpqB,c.684G>A,synonymous_variant,G4,S,4) Not assoc w R - Interim,snv,,primary_accounting_only,,accounting_only,,missing_amr_hunter_record,0,,,,,,accounting_only,,missing_amr_hunter_record,,,,
80,Bedaquiline,lpqB,c.729C>G,synonymous_variant,G4,S,4) Not assoc w R - Interim,snv,,primary_accounting_only,,accounting_only,,missing_amr_hunter_record,0,,,,,,accounting_only,,missing_amr_hunter_record,,,,
81,Bedaquiline,lpqB,c.729C>T,synonymous_variant,G4,S,4) Not assoc w R - Interim,snv,,primary_accounting_only,,accounting_only,,missing_amr_hunter_record,0,,,,,,accounting_only,,missing_amr_hunter_record,,,,
82,Bedaquiline,lpqB,c.75G>C,synonymous_variant,G4,S,4) Not assoc w R - Interim,snv,,primary_accounting_only,,accounting_only,,missing_amr_hunter_record,0,,,,,,accounting_only,,missing_amr_hunter_record,,,,
83,Bedaquiline,lpqB,c.765C>A,synonymous_variant,G4,S,4) Not assoc w R - Interim,snv,,primary_accounting_only,,accounting_only,,missing_amr_hunter_record,0,,,,,,accounting_only,,missing_amr_hunter_record,,,,
84,Bedaquiline,lpqB,c.810C>T,synonymous_variant,G4,S,4) Not assoc w R - Interim,snv,,primary_accounting_only,,accounting_only,,missing_amr_hunter_record,0,,,,,,accounting_only,,missing_amr_hunter_record,,,,
85,Bedaquiline,lpqB,c.825C>T,synonymous_variant,G4,S,4) Not assoc w R - Interim,snv,,primary_accounting_only,,accounting_only,,missing_amr_hunter_record,0,,,,,,accounting_only,,missing_amr_hunter_record,,,,
86,Bedaquiline,lpqB,c.831G>A,synonymous_variant,G4,S,4) Not assoc w R - Interim,snv,,primary_accounting_only,,accounting_only,,missing_amr_hunter_record,0,,,,,,accounting_only,,missing_amr_hunter_record,,,,
87,Bedaquiline,lpqB,c.879T>C,synonymous_variant,G4,S,4) Not assoc w R - Interim,snv,,primary_accounting_only,,accounting_only,,missing_amr_hunter_record,0,,,,,,accounting_only,,missing_amr_hunter_record,,,,
88,Bedaquiline,lpqB,c.894C>T,synonymous_variant,G4,S,4) Not assoc w R - Interim,snv,,primary_accounting_only,,accounting_only,,missing_amr_hunter_record,0,,,,,,accounting_only,,missing_amr_hunter_record,,,,
89,Bedaquiline,lpqB,c.900C>G,synonymous_variant,G4,S,4) Not assoc w R - Interim,snv,,primary_accounting_only,,accounting_only,,missing_amr_hunter_record,0,,,,,,accounting_only,,missing_amr_hunter_record,,,,
90,Bedaquiline,lpqB,c.909G>A,synonymous_variant,G4,S,4) Not assoc w R - Interim,snv,,primary_accounting_only,,accounting_only,,missing_amr_hunter_record,0,,,,,,accounting_only,,missing_amr_hunter_record,,,,
91,Bedaquiline,lpqB,c.909G>C,synonymous_variant,G4,S,4) Not assoc w R - Interim,snv,,primary_accounting_only,,accounting_only,,missing_amr_hunter_record,0,,,,,,accounting_only,,missing_amr_hunter_record,,,,
92,Bedaquiline,lpqB,c.921G>C,synonymous_variant,G4,S,4) Not assoc w R - Interim,snv,,primary_accounting_only,,accounting_only,,missing_amr_hunter_record,0,,,,,,accounting_only,,missing_amr_hunter_record,,,,
93,Bedaquiline,lpqB,c.924G>T,synonymous_variant,G4,S,4) Not assoc w R - Interim,snv,,primary_accounting_only,,accounting_only,,missing_amr_hunter_record,0,,,,,,accounting_only,,missing_amr_hunter_record,,,,
94,Bedaquiline,lpqB,c.951G>A,synonymous_variant,G4,S,4) Not assoc w R - Interim,snv,,primary_accounting_only,,accounting_only,,missing_amr_hunter_record,0,,,,,,accounting_only,,missing_amr_hunter_record,,,,
95,Bedaquiline,lpqB,c.957C>T,synonymous_variant,G4,S,4) Not assoc w R - Interim,snv,,primary_accounting_only,,accounting_only,,missing_amr_hunter_record,0,,,,,,accounting_only,,missing_amr_hunter_record,,,,
96,Bedaquiline,lpqB,c.990A>C,synonymous_variant,G4,S,4) Not assoc w R - Interim,snv,,primary_accounting_only,,accounting_only,,missing_amr_hunter_record,0,,,,,,accounting_only,,missing_amr_hunter_record,,,,
97,Bedaquiline,lpqB,c.999C>A,synonymous_variant,G4,S,4) Not assoc w R - Interim,snv,,primary_accounting_only,,accounting_only,,missing_amr_hunter_record,0,,,,,,accounting_only,,missing_amr_hunter_record,,,,
98,Bedaquiline,lpqB,c.999C>T,synonymous_variant,G4,S,4) Not assoc w R - Interim,snv,,primary_accounting_only,,accounting_only,,missing_amr_hunter_record,0,,,,,,accounting_only,,missing_amr_hunter_record,,,,
99,Bedaquiline,lpqB,p.Ala187Thr,missense_variant,G3,,3) Uncertain significance,protein_substitution,,primary_accounting_only,,excluded,,excluded_uncertain_g3_or_unmapped_grade,0,,,,,,excluded,,excluded_uncertain_g3_or_unmapped_grade,,,,
100,Bedaquiline,lpqB,p.Ala204Val,missense_variant,G3,,3) Uncertain significance,protein_substitution,,primary_accounting_only,,excluded,,excluded_uncertain_g3_or_unmapped_grade,0,,,,,,excluded,,excluded_uncertain_g3_or_unmapped_grade,,,,
101,Bedaquiline,lpqB,p.Ala24Thr,missense_variant,G3,,3) Uncertain significance,protein_substitution,,primary_accounting_only,,excluded,,excluded_uncertain_g3_or_unmapped_grade,0,,,,,,excluded,,excluded_uncertain_g3_or_unmapped_grade,,,,
102,Bedaquiline,lpqB,p.Ala294Val,missense_variant,G3,,3) Uncertain significance,protein_substitution,,primary_accounting_only,,excluded,,excluded_uncertain_g3_or_unmapped_grade,0,,,,,,excluded,,excluded_uncertain_g3_or_unmapped_grade,,,,
103,Bedaquiline,lpqB,p.Ala303Val,missense_variant,G3,,3) Uncertain significance,protein_substitution,,primary_accounting_only,,excluded,,excluded_uncertain_g3_or_unmapped_grade,0,,,,,,excluded,,excluded_uncertain_g3_or_unmapped_grade,,,,
104,Bedaquiline,lpqB,p.Ala314Ser,missense_variant,G3,,3) Uncertain significance,protein_substitution,,primary_accounting_only,,excluded,,excluded_uncertain_g3_or_unmapped_grade,0,,,,,,excluded,,excluded_uncertain_g3_or_unmapped_grade,,,,
105,Bedaquiline,lpqB,p.Ala327Val,missense_variant,G3,,3) Uncertain significance,protein_substitution,,primary_accounting_only,,excluded,,excluded_uncertain_g3_or_unmapped_grade,0,,,,,,excluded,,excluded_uncertain_g3_or_unmapped_grade,,,,
106,Bedaquiline,lpqB,p.Ala368Thr,missense_variant,G3,,3) Uncertain significance,protein_substitution,,primary_accounting_only,,excluded,,excluded_uncertain_g3_or_unmapped_grade,0,,,,,,excluded,,excluded_uncertain_g3_or_unmapped_grade,,,,
107,Bedaquiline,lpqB,p.Ala373Glu,missense_variant,G3,,3) Uncertain significance,protein_substitution,,primary_accounting_only,,excluded,,excluded_uncertain_g3_or_unmapped_grade,0,,,,,,excluded,,excluded_uncertain_g3_or_unmapped_grade,,,,
108,Bedaquiline,lpqB,p.Ala373Ser,missense_variant,G3,,3) Uncertain significance,protein_substitution,,primary_accounting_only,,excluded,,excluded_uncertain_g3_or_unmapped_grade,0,,,,,,excluded,,excluded_uncertain_g3_or_unmapped_grade,,,,
109,Bedaquiline,lpqB,p.Ala384Ser,missense_variant,G3,,3) Uncertain significance,protein_substitution,,primary_accounting_only,,excluded,,excluded_uncertain_g3_or_unmapped_grade,0,,,,,,excluded,,excluded_uncertain_g3_or_unmapped_grade,,,,
110,Bedaquiline,lpqB,p.Ala416Val,missense_variant,G3,,3) Uncertain significance,protein_substitution,,primary_accounting_only,,excluded,,excluded_uncertain_g3_or_unmapped_grade,0,,,,,,excluded,,excluded_uncertain_g3_or_unmapped_grade,,,,
111,Bedaquiline,lpqB,p.Ala456Val,missense_variant,G3,,3) Uncertain significance,protein_substitution,,primary_accounting_only,,excluded,,excluded_uncertain_g3_or_unmapped_grade,0,,,,,,excluded,,excluded_uncertain_g3_or_unmapped_grade,,,,
112,Bedaquiline,lpqB,p.Ala548Ser,missense_variant,G3,,3) Uncertain significance,protein_substitution,,primary_accounting_only,,excluded,,excluded_uncertain_g3_or_unmapped_grade,0,,,,,,excluded,,excluded_uncertain_g3_or_unmapped_grade,,,,
113,Bedaquiline,lpqB,p.Ala548Thr,missense_variant,G3,,3) Uncertain significance,protein_substitution,,primary_accounting_only,,excluded,,excluded_uncertain_g3_or_unmapped_grade,0,,,,,,excluded,,excluded_uncertain_g3_or_unmapped_grade,,,,
114,Bedaquiline,lpqB,p.Ala58Ser,missense_variant,G3,,3) Uncertain significance,protein_substitution,,primary_accounting_only,,excluded,,excluded_uncertain_g3_or_unmapped_grade,0,,,,,,excluded,,excluded_uncertain_g3_or_unmapped_grade,,,,
115,Bedaquiline,lpqB,p.Ala77Val,missense_variant,G3,,3) Uncertain significance,protein_substitution,,primary_accounting_only,,excluded,,excluded_uncertain_g3_or_unmapped_grade,0,,,,,,excluded,,excluded_uncertain_g3_or_unmapped_grade,,,,
116,Bedaquiline,lpqB,p.Ala84Gly,missense_variant,G3,,3) Uncertain significance,protein_substitution,,primary_accounting_only,,excluded,,excluded_uncertain_g3_or_unmapped_grade,0,,,,,,excluded,,excluded_uncertain_g3_or_unmapped_grade,,,,
117,Bedaquiline,lpqB,p.Arg240Cys,missense_variant,G3,,3) Uncertain significance,protein_substitution,,primary_accounting_only,,excluded,,excluded_uncertain_g3_or_unmapped_grade,0,,,,,,excluded,,excluded_uncertain_g3_or_unmapped_grade,,,,
118,Bedaquiline,lpqB,p.Arg240Leu,missense_variant,G3,,3) Uncertain significance,protein_substitution,,primary_accounting_only,,excluded,,excluded_uncertain_g3_or_unmapped_grade,0,,,,,,excluded,,excluded_uncertain_g3_or_unmapped_grade,,,,
119,Bedaquiline,lpqB,p.Arg332Pro,missense_variant,G3,,3) Uncertain significance,protein_substitution,,primary_accounting_only,,excluded,,excluded_uncertain_g3_or_unmapped_grade,0,,,,,,excluded,,excluded_uncertain_g3_or_unmapped_grade,,,,
120,Bedaquiline,lpqB,p.Arg342Gln,missense_variant,G3,,3) Uncertain significance,protein_substitution,,primary_accounting_only,,excluded,,excluded_uncertain_g3_or_unmapped_grade,0,,,,,,excluded,,excluded_uncertain_g3_or_unmapped_grade,,,,
121,Bedaquiline,lpqB,p.Asn322Lys,missense_variant,G3,,3) Uncertain significance,protein_substitution,,primary_accounting_only,,excluded,,excluded_uncertain_g3_or_unmapped_grade,0,,,,,,excluded,,excluded_uncertain_g3_or_unmapped_grade,,,,
122,Bedaquiline,lpqB,p.Asp142Gly,missense_variant,G3,,3) Uncertain significance,protein_substitution,,primary_accounting_only,,excluded,,excluded_uncertain_g3_or_unmapped_grade,0,,,,,,excluded,,excluded_uncertain_g3_or_unmapped_grade,,,,
123,Bedaquiline,lpqB,p.Asp301Gly,missense_variant,G3,,3) Uncertain significance,protein_substitution,,primary_accounting_only,,excluded,,excluded_uncertain_g3_or_unmapped_grade,0,,,,,,excluded,,excluded_uncertain_g3_or_unmapped_grade,,,,
124,Bedaquiline,lpqB,p.Asp311Glu,missense_variant,G3,,3) Uncertain significance,protein_substitution,,primary_accounting_only,,excluded,,excluded_uncertain_g3_or_unmapped_grade,0,,,,,,excluded,,excluded_uncertain_g3_or_unmapped_grade,,,,
125,Bedaquiline,lpqB,p.Asp525His,missense_variant,G3,,3) Uncertain significance,protein_substitution,,primary_accounting_only,,excluded,,excluded_uncertain_g3_or_unmapped_grade,0,,,,,,excluded,,excluded_uncertain_g3_or_unmapped_grade,,,,
126,Bedaquiline,lpqB,p.Gln193Pro,missense_variant,G3,,3) Uncertain significance,protein_substitution,,primary_accounting_only,,excluded,,excluded_uncertain_g3_or_unmapped_grade,0,,,,,,excluded,,excluded_uncertain_g3_or_unmapped_grade,,,,
127,Bedaquiline,lpqB,p.Glu250Ala,missense_variant,G3,,3) Uncertain significance,protein_substitution,,primary_accounting_only,,excluded,,excluded_uncertain_g3_or_unmapped_grade,0,,,,,,excluded,,excluded_uncertain_g3_or_unmapped_grade,,,,
128,Bedaquiline,lpqB,p.Gly278Glu,missense_variant,G3,,3) Uncertain significance,protein_substitution,,primary_accounting_only,,excluded,,excluded_uncertain_g3_or_unmapped_grade,0,,,,,,excluded,,excluded_uncertain_g3_or_unmapped_grade,,,,
129,Bedaquiline,lpqB,p.Gly338Trp,missense_variant,G3,,3) Uncertain significance,protein_substitution,,primary_accounting_only,,excluded,,excluded_uncertain_g3_or_unmapped_grade,0,,,,,,excluded,,excluded_uncertain_g3_or_unmapped_grade,,,,
130,Bedaquiline,lpqB,p.Gly381Ser,missense_variant,G3,,3) Uncertain significance,protein_substitution,,primary_accounting_only,,excluded,,excluded_uncertain_g3_or_unmapped_grade,0,,,,,,excluded,,excluded_uncertain_g3_or_unmapped_grade,,,,
131,Bedaquiline,lpqB,p.Gly45Val,missense_variant,G3,,3) Uncertain significance,protein_substitution,,primary_accounting_only,,excluded,,excluded_uncertain_g3_or_unmapped_grade,0,,,,,,excluded,,excluded_uncertain_g3_or_unmapped_grade,,,,
132,Bedaquiline,lpqB,p.Gly549Ser,missense_variant,G3,,3) Uncertain significance,protein_substitution,,primary_accounting_only,,excluded,,excluded_uncertain_g3_or_unmapped_grade,0,,,,,,excluded,,excluded_uncertain_g3_or_unmapped_grade,,,,
133,Bedaquiline,lpqB,p.Gly576Thr,missense_variant,G3,,3) Uncertain significance,protein_substitution,,primary_accounting_only,,excluded,,excluded_uncertain_g3_or_unmapped_grade,0,,,,,,excluded,,excluded_uncertain_g3_or_unmapped_grade,,,,
134,Bedaquiline,lpqB,p.His258Arg,missense_variant,G3,,3) Uncertain significance,protein_substitution,,primary_accounting_only,,excluded,,excluded_uncertain_g3_or_unmapped_grade,0,,,,,,excluded,,excluded_uncertain_g3_or_unmapped_grade,,,,
135,Bedaquiline,lpqB,p.His391Tyr,missense_variant,G3,,3) Uncertain significance,protein_substitution,,primary_accounting_only,,excluded,,excluded_uncertain_g3_or_unmapped_grade,0,,,,,,excluded,,excluded_uncertain_g3_or_unmapped_grade,,,,
136,Bedaquiline,lpqB,p.Ile282Val,missense_variant,G3,,3) Uncertain significance,protein_substitution,,primary_accounting_only,,excluded,,excluded_uncertain_g3_or_unmapped_grade,0,,,,,,excluded,,excluded_uncertain_g3_or_unmapped_grade,,,,
137,Bedaquiline,lpqB,p.Leu364Pro,missense_variant,G3,,3) Uncertain significance,protein_substitution,,primary_accounting_only,,excluded,,excluded_uncertain_g3_or_unmapped_grade,0,,,,,,excluded,,excluded_uncertain_g3_or_unmapped_grade,,,,
138,Bedaquiline,lpqB,p.Leu380Phe,missense_variant,G3,,3) Uncertain significance,protein_substitution,,primary_accounting_only,,excluded,,excluded_uncertain_g3_or_unmapped_grade,0,,,,,,excluded,,excluded_uncertain_g3_or_unmapped_grade,,,,
139,Bedaquiline,lpqB,p.Leu400Val,missense_variant,G3,,3) Uncertain significance,protein_substitution,,primary_accounting_only,,excluded,,excluded_uncertain_g3_or_unmapped_grade,0,,,,,,excluded,,excluded_uncertain_g3_or_unmapped_grade,,,,
140,Bedaquiline,lpqB,p.Leu51Val,missense_variant,G3,,3) Uncertain significance,protein_substitution,,primary_accounting_only,,excluded,,excluded_uncertain_g3_or_unmapped_grade,0,,,,,,excluded,,excluded_uncertain_g3_or_unmapped_grade,,,,
141,Bedaquiline,lpqB,p.Leu52Ser,missense_variant,G3,,3) Uncertain significance,protein_substitution,,primary_accounting_only,,excluded,,excluded_uncertain_g3_or_unmapped_grade,0,,,,,,excluded,,excluded_uncertain_g3_or_unmapped_grade,,,,
142,Bedaquiline,lpqB,p.Leu581Val,missense_variant,G3,,3) Uncertain significance,protein_substitution,,primary_accounting_only,,excluded,,excluded_uncertain_g3_or_unmapped_grade,0,,,,,,excluded,,excluded_uncertain_g3_or_unmapped_grade,,,,
143,Bedaquiline,lpqB,p.Lys165Thr,missense_variant,G3,,3) Uncertain significance,protein_substitution,,primary_accounting_only,,excluded,,excluded_uncertain_g3_or_unmapped_grade,0,,,,,,excluded,,excluded_uncertain_g3_or_unmapped_grade,,,,
144,Bedaquiline,lpqB,p.Met108Thr,missense_variant,G3,,3) Uncertain significance,start_lost,,primary_accounting_only,,excluded,,excluded_uncertain_g3_or_unmapped_grade,0,,,,,,excluded,,excluded_uncertain_g3_or_unmapped_grade,,,,
145,Bedaquiline,lpqB,p.Met343Thr,missense_variant,G3,,3) Uncertain significance,protein_substitution,,primary_accounting_only,,excluded,,excluded_uncertain_g3_or_unmapped_grade,0,,,,,,excluded,,excluded_uncertain_g3_or_unmapped_grade,,,,
146,Bedaquiline,lpqB,p.Phe55Leu,missense_variant,G3,,3) Uncertain significance,protein_substitution,,primary_accounting_only,,excluded,,excluded_uncertain_g3_or_unmapped_grade,0,,,,,,excluded,,excluded_uncertain_g3_or_unmapped_grade,,,,
147,Bedaquiline,lpqB,p.Pro132Ser,missense_variant,G3,,3) Uncertain significance,protein_substitution,,primary_accounting_only,,excluded,,excluded_uncertain_g3_or_unmapped_grade,0,,,,,,excluded,,excluded_uncertain_g3_or_unmapped_grade,,,,
148,Bedaquiline,lpqB,p.Pro279Ser,missense_variant,G3,,3) Uncertain significance,protein_substitution,,primary_accounting_only,,excluded,,excluded_uncertain_g3_or_unmapped_grade,0,,,,,,excluded,,excluded_uncertain_g3_or_unmapped_grade,,,,
149,Bedaquiline,lpqB,p.Pro34Gln,missense_variant,G3,,3) Uncertain significance,protein_substitution,,primary_accounting_only,,excluded,,excluded_uncertain_g3_or_unmapped_grade,0,,,,,,excluded,,excluded_uncertain_g3_or_unmapped_grade,,,,
150,Bedaquiline,lpqB,p.Pro34Ser,missense_variant,G3,,3) Uncertain significance,protein_substitution,,primary_accounting_only,,excluded,,excluded_uncertain_g3_or_unmapped_grade,0,,,,,,excluded,,excluded_uncertain_g3_or_unmapped_grade,,,,
151,Bedaquiline,lpqB,p.Pro420Leu,missense_variant,G3,,3) Uncertain significance,protein_substitution,,primary_accounting_only,,excluded,,excluded_uncertain_g3_or_unmapped_grade,0,,,,,,excluded,,excluded_uncertain_g3_or_unmapped_grade,,,,
152,Bedaquiline,lpqB,p.Pro527Ala,missense_variant,G3,,3) Uncertain significance,protein_substitution,,primary_accounting_only,,excluded,,excluded_uncertain_g3_or_unmapped_grade,0,,,,,,excluded,,excluded_uncertain_g3_or_unmapped_grade,,,,
153,Bedaquiline,lpqB,p.Pro534Ala,missense_variant,G3,,3) Uncertain significance,protein_substitution,,primary_accounting_only,,excluded,,excluded_uncertain_g3_or_unmapped_grade,0,,,,,,excluded,,excluded_uncertain_g3_or_unmapped_grade,,,,
154,Bedaquiline,lpqB,p.Pro550Ser,missense_variant,G3,,3) Uncertain significance,protein_substitution,,primary_accounting_only,,excluded,,excluded_uncertain_g3_or_unmapped_grade,0,,,,,,excluded,,excluded_uncertain_g3_or_unmapped_grade,,,,
155,Bedaquiline,lpqB,p.Pro564Leu,missense_variant,G3,,3) Uncertain significance,protein_substitution,,primary_accounting_only,,excluded,,excluded_uncertain_g3_or_unmapped_grade,0,,,,,,excluded,,excluded_uncertain_g3_or_unmapped_grade,,,,
156,Bedaquiline,lpqB,p.Pro570Ser,missense_variant,G3,,3) Uncertain significance,protein_substitution,,primary_accounting_only,,excluded,,excluded_uncertain_g3_or_unmapped_grade,0,,,,,,excluded,,excluded_uncertain_g3_or_unmapped_grade,,,,
157,Bedaquiline,lpqB,p.Pro575Gln,missense_variant,G3,,3) Uncertain significance,protein_substitution,,primary_accounting_only,,excluded,,excluded_uncertain_g3_or_unmapped_grade,0,,,,,,excluded,,excluded_uncertain_g3_or_unmapped_grade,,,,
158,Bedaquiline,lpqB,p.Ser18Gly,missense_variant,G3,,3) Uncertain significance,protein_substitution,,primary_accounting_only,,excluded,,excluded_uncertain_g3_or_unmapped_grade,0,,,,,,excluded,,excluded_uncertain_g3_or_unmapped_grade,,,,
159,Bedaquiline,lpqB,p.Ser21Arg,missense_variant,G3,,3) Uncertain significance,protein_substitution,,primary_accounting_only,,excluded,,excluded_uncertain_g3_or_unmapped_grade,0,,,,,,excluded,,excluded_uncertain_g3_or_unmapped_grade,,,,
160,Bedaquiline,lpqB,p.Ser394Leu,missense_variant,G3,,3) Uncertain significance,protein_substitution,,primary_accounting_only,,excluded,,excluded_uncertain_g3_or_unmapped_grade,0,,,,,,excluded,,excluded_uncertain_g3_or_unmapped_grade,,,,
161,Bedaquiline,lpqB,p.Ser491Leu,missense_variant,G3,,3) Uncertain significance,protein_substitution,,primary_accounting_only,,excluded,,excluded_uncertain_g3_or_unmapped_grade,0,,,,,,excluded,,excluded_uncertain_g3_or_unmapped_grade,,,,
162,Bedaquiline,lpqB,p.Ser557Leu,missense_variant,G3,,3) Uncertain significance,protein_substitution,,primary_accounting_only,,excluded,,excluded_uncertain_g3_or_unmapped_grade,0,,,,,,excluded,,excluded_uncertain_g3_or_unmapped_grade,,,,
163,Bedaquiline,lpqB,p.Ser562Arg,missense_variant,G3,,3) Uncertain significance,protein_substitution,,primary_accounting_only,,excluded,,excluded_uncertain_g3_or_unmapped_grade,0,,,,,,excluded,,excluded_uncertain_g3_or_unmapped_grade,,,,
164,Bedaquiline,lpqB,p.Thr347Met,missense_variant,G3,,3) Uncertain significance,protein_substitution,,primary_accounting_only,,excluded,,excluded_uncertain_g3_or_unmapped_grade,0,,,,,,excluded,,excluded_uncertain_g3_or_unmapped_grade,,,,
165,Bedaquiline,lpqB,p.Thr433Ser,missense_variant,G3,,3) Uncertain significance,protein_substitution,,primary_accounting_only,,excluded,,excluded_uncertain_g3_or_unmapped_grade,0,,,,,,excluded,,excluded_uncertain_g3_or_unmapped_grade,,,,
166,Bedaquiline,lpqB,p.Thr479Asn,missense_variant,G3,,3) Uncertain significance,protein_substitution,,primary_accounting_only,,excluded,,excluded_uncertain_g3_or_unmapped_grade,0,,,,,,excluded,,excluded_uncertain_g3_or_unmapped_grade,,,,
167,Bedaquiline,lpqB,p.Thr479Ser,missense_variant,G3,,3) Uncertain significance,protein_substitution,,primary_accounting_only,,excluded,,excluded_uncertain_g3_or_unmapped_grade,0,,,,,,excluded,,excluded_uncertain_g3_or_unmapped_grade,,,,
168,Bedaquiline,lpqB,p.Thr536Met,missense_variant,G3,,3) Uncertain significance,protein_substitution,,primary_accounting_only,,excluded,,excluded_uncertain_g3_or_unmapped_grade,0,,,,,,excluded,,excluded_uncertain_g3_or_unmapped_grade,,,,
169,Bedaquiline,lpqB,p.Val228Met,missense_variant,G3,,3) Uncertain significance,protein_substitution,,primary_accounting_only,,excluded,,excluded_uncertain_g3_or_unmapped_grade,0,,,,,,excluded,,excluded_uncertain_g3_or_unmapped_grade,,,,
170,Bedaquiline,lpqB,p.Val31Ile,missense_variant,G3,,3) Uncertain significance,protein_substitution,,primary_accounting_only,,excluded,,excluded_uncertain_g3_or_unmapped_grade,0,,,,,,excluded,,excluded_uncertain_g3_or_unmapped_grade,,,,
171,Bedaquiline,lpqB,p.Val492Ala,missense_variant,G3,,3) Uncertain significance,protein_substitution,,primary_accounting_only,,excluded,,excluded_uncertain_g3_or_unmapped_grade,0,,,,,,excluded,,excluded_uncertain_g3_or_unmapped_grade,,,,
172,Bedaquiline,lpqB,p.Val560Ile,missense_variant,G3,,3) Uncertain significance,protein_substitution,,primary_accounting_only,,excluded,,excluded_uncertain_g3_or_unmapped_grade,0,,,,,,excluded,,excluded_uncertain_g3_or_unmapped_grade,,,,
173,Bedaquiline,mmpL5,c.1032C>G,synonymous_variant,G4,S,4) Not assoc w R - Interim,snv,true,primary,S,matched_final,true,,2,COMPLETED,SYNONYMOUS_NO_PROTEIN_CHANGE,STRUCTURAL:COMPLETED:SENSITIVE:SYNONYMOUS_NO_PROTEIN_CHANGE;STRUCTURAL:COMPLETED:SENSITIVE:SYNONYMOUS_NO_PROTEIN_CHANGE,true,S,matched_final,true,,direct_record_match,,,
174,Bedaquiline,mmpL5,c.1065G>A,synonymous_variant,G4,S,4) Not assoc w R - Interim,snv,true,primary,S,matched_final,true,,2,COMPLETED,SYNONYMOUS_NO_PROTEIN_CHANGE,STRUCTURAL:COMPLETED:SENSITIVE:SYNONYMOUS_NO_PROTEIN_CHANGE;STRUCTURAL:COMPLETED:SENSITIVE:SYNONYMOUS_NO_PROTEIN_CHANGE,true,S,matched_final,true,,direct_record_match,,,
175,Bedaquiline,mmpL5,c.1065G>T,synonymous_variant,G4,S,4) Not assoc w R - Interim,snv,true,primary,S,matched_final,true,,2,COMPLETED,SYNONYMOUS_NO_PROTEIN_CHANGE,STRUCTURAL:COMPLETED:SENSITIVE:SYNONYMOUS_NO_PROTEIN_CHANGE;STRUCTURAL:COMPLETED:SENSITIVE:SYNONYMOUS_NO_PROTEIN_CHANGE,true,S,matched_final,true,,direct_record_match,,,
176,Bedaquiline,mmpL5,c.1068G>A,synonymous_variant,G4,S,4) Not assoc w R - Interim,snv,true,primary,S,matched_final,true,,2,COMPLETED,SYNONYMOUS_NO_PROTEIN_CHANGE,STRUCTURAL:COMPLETED:SENSITIVE:SYNONYMOUS_NO_PROTEIN_CHANGE;STRUCTURAL:COMPLETED:SENSITIVE:SYNONYMOUS_NO_PROTEIN_CHANGE,true,S,matched_final,true,,direct_record_match,,,
177,Bedaquiline,mmpL5,c.1110C>T,synonymous_variant,G4,S,4) Not assoc w R - Interim,snv,true,primary,S,matched_final,true,,2,COMPLETED,SYNONYMOUS_NO_PROTEIN_CHANGE,STRUCTURAL:COMPLETED:SENSITIVE:SYNONYMOUS_NO_PROTEIN_CHANGE;STRUCTURAL:COMPLETED:SENSITIVE:SYNONYMOUS_NO_PROTEIN_CHANGE,true,S,matched_final,true,,direct_record_match,,,
178,Bedaquiline,mmpL5,c.1128G>A,synonymous_variant,G4,S,4) Not assoc w R - Interim,snv,true,primary,S,matched_final,true,,2,COMPLETED,SYNONYMOUS_NO_PROTEIN_CHANGE,STRUCTURAL:COMPLETED:SENSITIVE:SYNONYMOUS_NO_PROTEIN_CHANGE;STRUCTURAL:COMPLETED:SENSITIVE:SYNONYMOUS_NO_PROTEIN_CHANGE,true,S,matched_final,true,,direct_record_match,,,
179,Bedaquiline,mmpL5,c.1128G>T,synonymous_variant,G4,S,4) Not assoc w R - Interim,snv,true,primary,S,matched_final,true,,2,COMPLETED,SYNONYMOUS_NO_PROTEIN_CHANGE,STRUCTURAL:COMPLETED:SENSITIVE:SYNONYMOUS_NO_PROTEIN_CHANGE;STRUCTURAL:COMPLETED:SENSITIVE:SYNONYMOUS_NO_PROTEIN_CHANGE,true,S,matched_final,true,,direct_record_match,,,
180,Bedaquiline,mmpL5,c.1131G>C,synonymous_variant,G4,S,4) Not assoc w R - Interim,snv,true,primary,S,matched_final,true,,2,COMPLETED,SYNONYMOUS_NO_PROTEIN_CHANGE,STRUCTURAL:COMPLETED:SENSITIVE:SYNONYMOUS_NO_PROTEIN_CHANGE;STRUCTURAL:COMPLETED:SENSITIVE:SYNONYMOUS_NO_PROTEIN_CHANGE,true,S,matched_final,true,,direct_record_match,,,
181,Bedaquiline,mmpL5,c.1143G>A,synonymous_variant,G4,S,4) Not assoc w R - Interim,snv,true,primary,S,matched_final,true,,2,COMPLETED,SYNONYMOUS_NO_PROTEIN_CHANGE,STRUCTURAL:COMPLETED:SENSITIVE:SYNONYMOUS_NO_PROTEIN_CHANGE;STRUCTURAL:COMPLETED:SENSITIVE:SYNONYMOUS_NO_PROTEIN_CHANGE,true,S,matched_final,true,,direct_record_match,,,
182,Bedaquiline,mmpL5,c.1158C>T,synonymous_variant,G4,S,4) Not assoc w R - Interim,snv,true,primary,S,matched_final,true,,2,COMPLETED,SYNONYMOUS_NO_PROTEIN_CHANGE,STRUCTURAL:COMPLETED:SENSITIVE:SYNONYMOUS_NO_PROTEIN_CHANGE;STRUCTURAL:COMPLETED:SENSITIVE:SYNONYMOUS_NO_PROTEIN_CHANGE,true,S,matched_final,true,,direct_record_match,,,
183,Bedaquiline,mmpL5,c.1161C>G,synonymous_variant,G4,S,4) Not assoc w R - Interim,snv,true,primary,S,matched_final,true,,2,COMPLETED,SYNONYMOUS_NO_PROTEIN_CHANGE,STRUCTURAL:COMPLETED:SENSITIVE:SYNONYMOUS_NO_PROTEIN_CHANGE;STRUCTURAL:COMPLETED:SENSITIVE:SYNONYMOUS_NO_PROTEIN_CHANGE,true,S,matched_final,true,,direct_record_match,,,
184,Bedaquiline,mmpL5,c.1194G>C,synonymous_variant,G4,S,4) Not assoc w R - Interim,snv,true,primary,S,matched_final,true,,2,COMPLETED,SYNONYMOUS_NO_PROTEIN_CHANGE,STRUCTURAL:COMPLETED:SENSITIVE:SYNONYMOUS_NO_PROTEIN_CHANGE;STRUCTURAL:COMPLETED:SENSITIVE:SYNONYMOUS_NO_PROTEIN_CHANGE,true,S,matched_final,true,,direct_record_match,,,
185,Bedaquiline,mmpL5,c.1230C>T,synonymous_variant,G4,S,4) Not assoc w R - Interim,snv,true,primary,S,matched_final,true,,2,COMPLETED,SYNONYMOUS_NO_PROTEIN_CHANGE,STRUCTURAL:COMPLETED:SENSITIVE:SYNONYMOUS_NO_PROTEIN_CHANGE;STRUCTURAL:COMPLETED:SENSITIVE:SYNONYMOUS_NO_PROTEIN_CHANGE,true,S,matched_final,true,,direct_record_match,,,
186,Bedaquiline,mmpL5,c.1326G>C,synonymous_variant,G4,S,4) Not assoc w R - Interim,snv,true,primary,S,matched_final,true,,2,COMPLETED,SYNONYMOUS_NO_PROTEIN_CHANGE,STRUCTURAL:COMPLETED:SENSITIVE:SYNONYMOUS_NO_PROTEIN_CHANGE;STRUCTURAL:COMPLETED:SENSITIVE:SYNONYMOUS_NO_PROTEIN_CHANGE,true,S,matched_final,true,,direct_record_match,,,
187,Bedaquiline,mmpL5,c.1335C>T,synonymous_variant,G4,S,4) Not assoc w R - Interim,snv,true,primary,S,matched_final,true,,2,COMPLETED,SYNONYMOUS_NO_PROTEIN_CHANGE,STRUCTURAL:COMPLETED:SENSITIVE:SYNONYMOUS_NO_PROTEIN_CHANGE;STRUCTURAL:COMPLETED:SENSITIVE:SYNONYMOUS_NO_PROTEIN_CHANGE,true,S,matched_final,true,,direct_record_match,,,
188,Bedaquiline,mmpL5,c.135C>T,synonymous_variant,G4,S,4) Not assoc w R - Interim,snv,true,primary,S,matched_final,true,,2,COMPLETED,SYNONYMOUS_NO_PROTEIN_CHANGE,STRUCTURAL:COMPLETED:SENSITIVE:SYNONYMOUS_NO_PROTEIN_CHANGE;STRUCTURAL:COMPLETED:SENSITIVE:SYNONYMOUS_NO_PROTEIN_CHANGE,true,S,matched_final,true,,direct_record_match,,,
189,Bedaquiline,mmpL5,c.1395C>A,synonymous_variant,G4,S,4) Not assoc w R - Interim,snv,true,primary,S,matched_final,true,,2,COMPLETED,SYNONYMOUS_NO_PROTEIN_CHANGE,STRUCTURAL:COMPLETED:SENSITIVE:SYNONYMOUS_NO_PROTEIN_CHANGE;STRUCTURAL:COMPLETED:SENSITIVE:SYNONYMOUS_NO_PROTEIN_CHANGE,true,S,matched_final,true,,direct_record_match,,,
190,Bedaquiline,mmpL5,c.1425G>C,synonymous_variant,G4,S,4) Not assoc w R - Interim,snv,true,primary,S,matched_final,true,,2,COMPLETED,SYNONYMOUS_NO_PROTEIN_CHANGE,STRUCTURAL:COMPLETED:SENSITIVE:SYNONYMOUS_NO_PROTEIN_CHANGE;STRUCTURAL:COMPLETED:SENSITIVE:SYNONYMOUS_NO_PROTEIN_CHANGE,true,S,matched_final,true,,direct_record_match,,,
191,Bedaquiline,mmpL5,c.1431G>C,synonymous_variant,G4,S,4) Not assoc w R - Interim,snv,true,primary,S,matched_final,true,,2,COMPLETED,SYNONYMOUS_NO_PROTEIN_CHANGE,STRUCTURAL:COMPLETED:SENSITIVE:SYNONYMOUS_NO_PROTEIN_CHANGE;STRUCTURAL:COMPLETED:SENSITIVE:SYNONYMOUS_NO_PROTEIN_CHANGE,true,S,matched_final,true,,direct_record_match,,,
192,Bedaquiline,mmpL5,c.1437C>T,synonymous_variant,G4,S,4) Not assoc w R - Interim,snv,true,primary,S,matched_final,true,,2,COMPLETED,SYNONYMOUS_NO_PROTEIN_CHANGE,STRUCTURAL:COMPLETED:SENSITIVE:SYNONYMOUS_NO_PROTEIN_CHANGE;STRUCTURAL:COMPLETED:SENSITIVE:SYNONYMOUS_NO_PROTEIN_CHANGE,true,S,matched_final,true,,direct_record_match,,,
193,Bedaquiline,mmpL5,c.1473G>T,synonymous_variant,G4,S,4) Not assoc w R - Interim,snv,true,primary,S,matched_final,true,,2,COMPLETED,SYNONYMOUS_NO_PROTEIN_CHANGE,STRUCTURAL:COMPLETED:SENSITIVE:SYNONYMOUS_NO_PROTEIN_CHANGE;STRUCTURAL:COMPLETED:SENSITIVE:SYNONYMOUS_NO_PROTEIN_CHANGE,true,S,matched_final,true,,direct_record_match,,,
194,Bedaquiline,mmpL5,c.1569G>A,synonymous_variant,G4,S,4) Not assoc w R - Interim,snv,true,primary,S,matched_final,true,,2,COMPLETED,SYNONYMOUS_NO_PROTEIN_CHANGE,STRUCTURAL:COMPLETED:SENSITIVE:SYNONYMOUS_NO_PROTEIN_CHANGE;STRUCTURAL:COMPLETED:SENSITIVE:SYNONYMOUS_NO_PROTEIN_CHANGE,true,S,matched_final,true,,direct_record_match,,,
195,Bedaquiline,mmpL5,c.1572G>A,synonymous_variant,G4,S,4) Not assoc w R - Interim,snv,true,primary,S,matched_final,true,,2,COMPLETED,SYNONYMOUS_NO_PROTEIN_CHANGE,STRUCTURAL:COMPLETED:SENSITIVE:SYNONYMOUS_NO_PROTEIN_CHANGE;STRUCTURAL:COMPLETED:SENSITIVE:SYNONYMOUS_NO_PROTEIN_CHANGE,true,S,matched_final,true,,direct_record_match,,,
196,Bedaquiline,mmpL5,c.1584C>T,synonymous_variant,G4,S,4) Not assoc w R - Interim,snv,true,primary,S,matched_final,true,,2,COMPLETED,SYNONYMOUS_NO_PROTEIN_CHANGE,STRUCTURAL:COMPLETED:SENSITIVE:SYNONYMOUS_NO_PROTEIN_CHANGE;STRUCTURAL:COMPLETED:SENSITIVE:SYNONYMOUS_NO_PROTEIN_CHANGE,true,S,matched_final,true,,direct_record_match,,,
197,Bedaquiline,mmpL5,c.1593C>T,synonymous_variant,G4,S,4) Not assoc w R - Interim,snv,true,primary,S,matched_final,true,,2,COMPLETED,SYNONYMOUS_NO_PROTEIN_CHANGE,STRUCTURAL:COMPLETED:SENSITIVE:SYNONYMOUS_NO_PROTEIN_CHANGE;STRUCTURAL:COMPLETED:SENSITIVE:SYNONYMOUS_NO_PROTEIN_CHANGE,true,S,matched_final,true,,direct_record_match,,,
198,Bedaquiline,mmpL5,c.1674G>A,synonymous_variant,G4,S,4) Not assoc w R - Interim,snv,true,primary,S,matched_final,true,,2,COMPLETED,SYNONYMOUS_NO_PROTEIN_CHANGE,STRUCTURAL:COMPLETED:SENSITIVE:SYNONYMOUS_NO_PROTEIN_CHANGE;STRUCTURAL:COMPLETED:SENSITIVE:SYNONYMOUS_NO_PROTEIN_CHANGE,true,S,matched_final,true,,direct_record_match,,,
199,Bedaquiline,mmpL5,c.1758C>T,synonymous_variant,G4,S,4) Not assoc w R - Interim,snv,true,primary,S,matched_final,true,,2,COMPLETED,SYNONYMOUS_NO_PROTEIN_CHANGE,STRUCTURAL:COMPLETED:SENSITIVE:SYNONYMOUS_NO_PROTEIN_CHANGE;STRUCTURAL:COMPLETED:SENSITIVE:SYNONYMOUS_NO_PROTEIN_CHANGE,true,S,matched_final,true,,direct_record_match,,,
200,Bedaquiline,mmpL5,c.1785G>A,synonymous_variant,G4,S,4) Not assoc w R - Interim,snv,true,primary,S,matched_final,true,,2,COMPLETED,SYNONYMOUS_NO_PROTEIN_CHANGE,STRUCTURAL:COMPLETED:SENSITIVE:SYNONYMOUS_NO_PROTEIN_CHANGE;STRUCTURAL:COMPLETED:SENSITIVE:SYNONYMOUS_NO_PROTEIN_CHANGE,true,S,matched_final,true,,direct_record_match,,,
201,Bedaquiline,mmpL5,c.1791C>T,synonymous_variant,G4,S,4) Not assoc w R - Interim,snv,true,primary,S,matched_final,true,,2,COMPLETED,SYNONYMOUS_NO_PROTEIN_CHANGE,STRUCTURAL:COMPLETED:SENSITIVE:SYNONYMOUS_NO_PROTEIN_CHANGE;STRUCTURAL:COMPLETED:SENSITIVE:SYNONYMOUS_NO_PROTEIN_CHANGE,true,S,matched_final,true,,direct_record_match,,,
202,Bedaquiline,mmpL5,c.183G>A,synonymous_variant,G4,S,4) Not assoc w R - Interim,snv,true,primary,S,matched_final,true,,2,COMPLETED,SYNONYMOUS_NO_PROTEIN_CHANGE,STRUCTURAL:COMPLETED:SENSITIVE:SYNONYMOUS_NO_PROTEIN_CHANGE;STRUCTURAL:COMPLETED:SENSITIVE:SYNONYMOUS_NO_PROTEIN_CHANGE,true,S,matched_final,true,,direct_record_match,,,
203,Bedaquiline,mmpL5,c.1875G>A,synonymous_variant,G4,S,4) Not assoc w R - Interim,snv,true,primary,S,matched_final,true,,2,COMPLETED,SYNONYMOUS_NO_PROTEIN_CHANGE,STRUCTURAL:COMPLETED:SENSITIVE:SYNONYMOUS_NO_PROTEIN_CHANGE;STRUCTURAL:COMPLETED:SENSITIVE:SYNONYMOUS_NO_PROTEIN_CHANGE,true,S,matched_final,true,,direct_record_match,,,
204,Bedaquiline,mmpL5,c.1896C>T,synonymous_variant,G4,S,4) Not assoc w R - Interim,snv,true,primary,S,matched_final,true,,2,COMPLETED,SYNONYMOUS_NO_PROTEIN_CHANGE,STRUCTURAL:COMPLETED:SENSITIVE:SYNONYMOUS_NO_PROTEIN_CHANGE;STRUCTURAL:COMPLETED:SENSITIVE:SYNONYMOUS_NO_PROTEIN_CHANGE,true,S,matched_final,true,,direct_record_match,,,
205,Bedaquiline,mmpL5,c.189G>A,synonymous_variant,G4,S,4) Not assoc w R - Interim,snv,true,primary,S,matched_final,true,,2,COMPLETED,SYNONYMOUS_NO_PROTEIN_CHANGE,STRUCTURAL:COMPLETED:SENSITIVE:SYNONYMOUS_NO_PROTEIN_CHANGE;STRUCTURAL:COMPLETED:SENSITIVE:SYNONYMOUS_NO_PROTEIN_CHANGE,true,S,matched_final,true,,direct_record_match,,,
206,Bedaquiline,mmpL5,c.18A>G,synonymous_variant,G4,S,4) Not assoc w R - Interim,snv,true,primary,S,matched_final,true,,2,COMPLETED,SYNONYMOUS_NO_PROTEIN_CHANGE,STRUCTURAL:COMPLETED:SENSITIVE:SYNONYMOUS_NO_PROTEIN_CHANGE;STRUCTURAL:COMPLETED:SENSITIVE:SYNONYMOUS_NO_PROTEIN_CHANGE,true,S,matched_final,true,,direct_record_match,,,
207,Bedaquiline,mmpL5,c.1926C>T,synonymous_variant,G4,S,4) Not assoc w R - Interim,snv,true,primary,S,matched_final,true,,2,COMPLETED,SYNONYMOUS_NO_PROTEIN_CHANGE,STRUCTURAL:COMPLETED:SENSITIVE:SYNONYMOUS_NO_PROTEIN_CHANGE;STRUCTURAL:COMPLETED:SENSITIVE:SYNONYMOUS_NO_PROTEIN_CHANGE,true,S,matched_final,true,,direct_record_match,,,
208,Bedaquiline,mmpL5,c.1941C>T,synonymous_variant,G4,S,4) Not assoc w R - Interim,snv,true,primary,S,matched_final,true,,2,COMPLETED,SYNONYMOUS_NO_PROTEIN_CHANGE,STRUCTURAL:COMPLETED:SENSITIVE:SYNONYMOUS_NO_PROTEIN_CHANGE;STRUCTURAL:COMPLETED:SENSITIVE:SYNONYMOUS_NO_PROTEIN_CHANGE,true,S,matched_final,true,,direct_record_match,,,
209,Bedaquiline,mmpL5,c.195C>T,synonymous_variant,G4,S,4) Not assoc w R - Interim,snv,true,primary,S,matched_final,true,,2,COMPLETED,SYNONYMOUS_NO_PROTEIN_CHANGE,STRUCTURAL:COMPLETED:SENSITIVE:SYNONYMOUS_NO_PROTEIN_CHANGE;STRUCTURAL:COMPLETED:SENSITIVE:SYNONYMOUS_NO_PROTEIN_CHANGE,true,S,matched_final,true,,direct_record_match,,,
210,Bedaquiline,mmpL5,c.1A>G,initiator_codon_variant,G4,S,4) Not assoc w R - Interim,snv,true,primary,S,matched_final,true,,2,COMPLETED|PENDING,EFFLUX_PUMP_COLLAPSE,STRUCTURAL:COMPLETED:SENSITIVE:EFFLUX_PUMP_COLLAPSE;STRUCTURAL:PENDING::,true,S,matched_final,true,,direct_record_match,,,
211,Bedaquiline,mmpL5,c.2070T>C,synonymous_variant,G4,S,4) Not assoc w R - Interim,snv,true,primary,S,matched_final,true,,2,COMPLETED,SYNONYMOUS_NO_PROTEIN_CHANGE,STRUCTURAL:COMPLETED:SENSITIVE:SYNONYMOUS_NO_PROTEIN_CHANGE;STRUCTURAL:COMPLETED:SENSITIVE:SYNONYMOUS_NO_PROTEIN_CHANGE,true,S,matched_final,true,,direct_record_match,,,
212,Bedaquiline,mmpL5,c.2079C>G,synonymous_variant,G4,S,4) Not assoc w R - Interim,snv,true,primary,S,matched_final,true,,2,COMPLETED,SYNONYMOUS_NO_PROTEIN_CHANGE,STRUCTURAL:COMPLETED:SENSITIVE:SYNONYMOUS_NO_PROTEIN_CHANGE;STRUCTURAL:COMPLETED:SENSITIVE:SYNONYMOUS_NO_PROTEIN_CHANGE,true,S,matched_final,true,,direct_record_match,,,
213,Bedaquiline,mmpL5,c.2115G>A,synonymous_variant,G4,S,4) Not assoc w R - Interim,snv,true,primary,S,matched_final,true,,2,COMPLETED,SYNONYMOUS_NO_PROTEIN_CHANGE,STRUCTURAL:COMPLETED:SENSITIVE:SYNONYMOUS_NO_PROTEIN_CHANGE;STRUCTURAL:COMPLETED:SENSITIVE:SYNONYMOUS_NO_PROTEIN_CHANGE,true,S,matched_final,true,,direct_record_match,,,
214,Bedaquiline,mmpL5,c.2145G>C,synonymous_variant,G4,S,4) Not assoc w R - Interim,snv,true,primary,S,matched_final,true,,2,COMPLETED,SYNONYMOUS_NO_PROTEIN_CHANGE,STRUCTURAL:COMPLETED:SENSITIVE:SYNONYMOUS_NO_PROTEIN_CHANGE;STRUCTURAL:COMPLETED:SENSITIVE:SYNONYMOUS_NO_PROTEIN_CHANGE,true,S,matched_final,true,,direct_record_match,,,
215,Bedaquiline,mmpL5,c.2214C>T,synonymous_variant,G4,S,4) Not assoc w R - Interim,snv,true,primary,S,matched_final,true,,2,COMPLETED,SYNONYMOUS_NO_PROTEIN_CHANGE,STRUCTURAL:COMPLETED:SENSITIVE:SYNONYMOUS_NO_PROTEIN_CHANGE;STRUCTURAL:COMPLETED:SENSITIVE:SYNONYMOUS_NO_PROTEIN_CHANGE,true,S,matched_final,true,,direct_record_match,,,
216,Bedaquiline,mmpL5,c.2241G>A,synonymous_variant,G4,S,4) Not assoc w R - Interim,snv,true,primary,S,matched_final,true,,2,COMPLETED,SYNONYMOUS_NO_PROTEIN_CHANGE,STRUCTURAL:COMPLETED:SENSITIVE:SYNONYMOUS_NO_PROTEIN_CHANGE;STRUCTURAL:COMPLETED:SENSITIVE:SYNONYMOUS_NO_PROTEIN_CHANGE,true,S,matched_final,true,,direct_record_match,,,
217,Bedaquiline,mmpL5,c.2250G>T,synonymous_variant,G4,S,4) Not assoc w R - Interim,snv,true,primary,S,matched_final,true,,2,COMPLETED,SYNONYMOUS_NO_PROTEIN_CHANGE,STRUCTURAL:COMPLETED:SENSITIVE:SYNONYMOUS_NO_PROTEIN_CHANGE;STRUCTURAL:COMPLETED:SENSITIVE:SYNONYMOUS_NO_PROTEIN_CHANGE,true,S,matched_final,true,,direct_record_match,,,
218,Bedaquiline,mmpL5,c.2265G>T,synonymous_variant,G4,S,4) Not assoc w R - Interim,snv,true,primary,S,matched_final,true,,2,COMPLETED,SYNONYMOUS_NO_PROTEIN_CHANGE,STRUCTURAL:COMPLETED:SENSITIVE:SYNONYMOUS_NO_PROTEIN_CHANGE;STRUCTURAL:COMPLETED:SENSITIVE:SYNONYMOUS_NO_PROTEIN_CHANGE,true,S,matched_final,true,,direct_record_match,,,
219,Bedaquiline,mmpL5,c.2340A>G,synonymous_variant,G4,S,4) Not assoc w R - Interim,snv,true,primary,S,matched_final,true,,2,COMPLETED,SYNONYMOUS_NO_PROTEIN_CHANGE,STRUCTURAL:COMPLETED:SENSITIVE:SYNONYMOUS_NO_PROTEIN_CHANGE;STRUCTURAL:COMPLETED:SENSITIVE:SYNONYMOUS_NO_PROTEIN_CHANGE,true,S,matched_final,true,,direct_record_match,,,
220,Bedaquiline,mmpL5,c.2400G>A,synonymous_variant,G4,S,4) Not assoc w R - Interim,snv,true,primary,S,matched_final,true,,2,COMPLETED,SYNONYMOUS_NO_PROTEIN_CHANGE,STRUCTURAL:COMPLETED:SENSITIVE:SYNONYMOUS_NO_PROTEIN_CHANGE;STRUCTURAL:COMPLETED:SENSITIVE:SYNONYMOUS_NO_PROTEIN_CHANGE,true,S,matched_final,true,,direct_record_match,,,
221,Bedaquiline,mmpL5,c.2412C>T,synonymous_variant,G4,S,4) Not assoc w R - Interim,snv,true,primary,S,matched_final,true,,2,COMPLETED,SYNONYMOUS_NO_PROTEIN_CHANGE,STRUCTURAL:COMPLETED:SENSITIVE:SYNONYMOUS_NO_PROTEIN_CHANGE;STRUCTURAL:COMPLETED:SENSITIVE:SYNONYMOUS_NO_PROTEIN_CHANGE,true,S,matched_final,true,,direct_record_match,,,
222,Bedaquiline,mmpL5,c.243G>A,synonymous_variant,G4,S,4) Not assoc w R - Interim,snv,true,primary,S,matched_final,true,,2,COMPLETED,SYNONYMOUS_NO_PROTEIN_CHANGE,STRUCTURAL:COMPLETED:SENSITIVE:SYNONYMOUS_NO_PROTEIN_CHANGE;STRUCTURAL:COMPLETED:SENSITIVE:SYNONYMOUS_NO_PROTEIN_CHANGE,true,S,matched_final,true,,direct_record_match,,,
223,Bedaquiline,mmpL5,c.2475C>T,synonymous_variant,G4,S,4) Not assoc w R - Interim,snv,true,primary,S,matched_final,true,,2,COMPLETED,SYNONYMOUS_NO_PROTEIN_CHANGE,STRUCTURAL:COMPLETED:SENSITIVE:SYNONYMOUS_NO_PROTEIN_CHANGE;STRUCTURAL:COMPLETED:SENSITIVE:SYNONYMOUS_NO_PROTEIN_CHANGE,true,S,matched_final,true,,direct_record_match,,,
224,Bedaquiline,mmpL5,c.2493G>A,synonymous_variant,G4,S,4) Not assoc w R - Interim,snv,true,primary,S,matched_final,true,,2,COMPLETED,SYNONYMOUS_NO_PROTEIN_CHANGE,STRUCTURAL:COMPLETED:SENSITIVE:SYNONYMOUS_NO_PROTEIN_CHANGE;STRUCTURAL:COMPLETED:SENSITIVE:SYNONYMOUS_NO_PROTEIN_CHANGE,true,S,matched_final,true,,direct_record_match,,,
225,Bedaquiline,mmpL5,c.24G>A,synonymous_variant,G4,S,4) Not assoc w R - Interim,snv,true,primary,S,matched_final,true,,2,COMPLETED,SYNONYMOUS_NO_PROTEIN_CHANGE,STRUCTURAL:COMPLETED:SENSITIVE:SYNONYMOUS_NO_PROTEIN_CHANGE;STRUCTURAL:COMPLETED:SENSITIVE:SYNONYMOUS_NO_PROTEIN_CHANGE,true,S,matched_final,true,,direct_record_match,,,
226,Bedaquiline,mmpL5,c.2502G>A,synonymous_variant,G4,S,4) Not assoc w R - Interim,snv,true,primary,S,matched_final,true,,2,COMPLETED,SYNONYMOUS_NO_PROTEIN_CHANGE,STRUCTURAL:COMPLETED:SENSITIVE:SYNONYMOUS_NO_PROTEIN_CHANGE;STRUCTURAL:COMPLETED:SENSITIVE:SYNONYMOUS_NO_PROTEIN_CHANGE,true,S,matched_final,true,,direct_record_match,,,
227,Bedaquiline,mmpL5,c.2527C>T,synonymous_variant,G4,S,4) Not assoc w R - Interim,snv,true,primary,S,matched_final,true,,2,COMPLETED,SYNONYMOUS_NO_PROTEIN_CHANGE,STRUCTURAL:COMPLETED:SENSITIVE:SYNONYMOUS_NO_PROTEIN_CHANGE;STRUCTURAL:COMPLETED:SENSITIVE:SYNONYMOUS_NO_PROTEIN_CHANGE,true,S,matched_final,true,,direct_record_match,,,
228,Bedaquiline,mmpL5,c.2529G>A,synonymous_variant,G4,S,4) Not assoc w R - Interim,snv,true,primary,S,matched_final,true,,2,COMPLETED,SYNONYMOUS_NO_PROTEIN_CHANGE,STRUCTURAL:COMPLETED:SENSITIVE:SYNONYMOUS_NO_PROTEIN_CHANGE;STRUCTURAL:COMPLETED:SENSITIVE:SYNONYMOUS_NO_PROTEIN_CHANGE,true,S,matched_final,true,,direct_record_match,,,
229,Bedaquiline,mmpL5,c.258C>T,synonymous_variant,G4,S,4) Not assoc w R - Interim,snv,true,primary,S,matched_final,true,,2,COMPLETED,SYNONYMOUS_NO_PROTEIN_CHANGE,STRUCTURAL:COMPLETED:SENSITIVE:SYNONYMOUS_NO_PROTEIN_CHANGE;STRUCTURAL:COMPLETED:SENSITIVE:SYNONYMOUS_NO_PROTEIN_CHANGE,true,S,matched_final,true,,direct_record_match,,,
230,Bedaquiline,mmpL5,c.2634G>T,synonymous_variant,G4,S,4) Not assoc w R - Interim,snv,true,primary,S,matched_final,true,,2,COMPLETED,SYNONYMOUS_NO_PROTEIN_CHANGE,STRUCTURAL:COMPLETED:SENSITIVE:SYNONYMOUS_NO_PROTEIN_CHANGE;STRUCTURAL:COMPLETED:SENSITIVE:SYNONYMOUS_NO_PROTEIN_CHANGE,true,S,matched_final,true,,direct_record_match,,,
231,Bedaquiline,mmpL5,c.2658G>T,synonymous_variant,G4,S,4) Not assoc w R - Interim,snv,true,primary,S,matched_final,true,,2,COMPLETED,SYNONYMOUS_NO_PROTEIN_CHANGE,STRUCTURAL:COMPLETED:SENSITIVE:SYNONYMOUS_NO_PROTEIN_CHANGE;STRUCTURAL:COMPLETED:SENSITIVE:SYNONYMOUS_NO_PROTEIN_CHANGE,true,S,matched_final,true,,direct_record_match,,,
232,Bedaquiline,mmpL5,c.2664T>C,synonymous_variant,G4,S,4) Not assoc w R - Interim,snv,true,primary,S,matched_final,true,,2,COMPLETED,SYNONYMOUS_NO_PROTEIN_CHANGE,STRUCTURAL:COMPLETED:SENSITIVE:SYNONYMOUS_NO_PROTEIN_CHANGE;STRUCTURAL:COMPLETED:SENSITIVE:SYNONYMOUS_NO_PROTEIN_CHANGE,true,S,matched_final,true,,direct_record_match,,,
233,Bedaquiline,mmpL5,c.2721C>T,synonymous_variant,G4,S,4) Not assoc w R - Interim,snv,true,primary,S,matched_final,true,,2,COMPLETED,SYNONYMOUS_NO_PROTEIN_CHANGE,STRUCTURAL:COMPLETED:SENSITIVE:SYNONYMOUS_NO_PROTEIN_CHANGE;STRUCTURAL:COMPLETED:SENSITIVE:SYNONYMOUS_NO_PROTEIN_CHANGE,true,S,matched_final,true,,direct_record_match,,,
234,Bedaquiline,mmpL5,c.2730C>A,synonymous_variant,G4,S,4) Not assoc w R - Interim,snv,true,primary,S,matched_final,true,,2,COMPLETED,SYNONYMOUS_NO_PROTEIN_CHANGE,STRUCTURAL:COMPLETED:SENSITIVE:SYNONYMOUS_NO_PROTEIN_CHANGE;STRUCTURAL:COMPLETED:SENSITIVE:SYNONYMOUS_NO_PROTEIN_CHANGE,true,S,matched_final,true,,direct_record_match,,,
235,Bedaquiline,mmpL5,c.2739C>G,synonymous_variant,G4,S,4) Not assoc w R - Interim,snv,true,primary,S,matched_final,true,,2,COMPLETED,SYNONYMOUS_NO_PROTEIN_CHANGE,STRUCTURAL:COMPLETED:SENSITIVE:SYNONYMOUS_NO_PROTEIN_CHANGE;STRUCTURAL:COMPLETED:SENSITIVE:SYNONYMOUS_NO_PROTEIN_CHANGE,true,S,matched_final,true,,direct_record_match,,,
236,Bedaquiline,mmpL5,c.273G>A,synonymous_variant,G4,S,4) Not assoc w R - Interim,snv,true,primary,S,matched_final,true,,2,COMPLETED,SYNONYMOUS_NO_PROTEIN_CHANGE,STRUCTURAL:COMPLETED:SENSITIVE:SYNONYMOUS_NO_PROTEIN_CHANGE;STRUCTURAL:COMPLETED:SENSITIVE:SYNONYMOUS_NO_PROTEIN_CHANGE,true,S,matched_final,true,,direct_record_match,,,
237,Bedaquiline,mmpL5,c.2742G>A,synonymous_variant,G4,S,4) Not assoc w R - Interim,snv,true,primary,S,matched_final,true,,2,COMPLETED,SYNONYMOUS_NO_PROTEIN_CHANGE,STRUCTURAL:COMPLETED:SENSITIVE:SYNONYMOUS_NO_PROTEIN_CHANGE;STRUCTURAL:COMPLETED:SENSITIVE:SYNONYMOUS_NO_PROTEIN_CHANGE,true,S,matched_final,true,,direct_record_match,,,
238,Bedaquiline,mmpL5,c.2751C>T,synonymous_variant,G4,S,4) Not assoc w R - Interim,snv,true,primary,S,matched_final,true,,2,COMPLETED,SYNONYMOUS_NO_PROTEIN_CHANGE,STRUCTURAL:COMPLETED:SENSITIVE:SYNONYMOUS_NO_PROTEIN_CHANGE;STRUCTURAL:COMPLETED:SENSITIVE:SYNONYMOUS_NO_PROTEIN_CHANGE,true,S,matched_final,true,,direct_record_match,,,
239,Bedaquiline,mmpL5,c.2757G>A,synonymous_variant,G4,S,4) Not assoc w R - Interim,snv,true,primary,S,matched_final,true,,2,COMPLETED,SYNONYMOUS_NO_PROTEIN_CHANGE,STRUCTURAL:COMPLETED:SENSITIVE:SYNONYMOUS_NO_PROTEIN_CHANGE;STRUCTURAL:COMPLETED:SENSITIVE:SYNONYMOUS_NO_PROTEIN_CHANGE,true,S,matched_final,true,,direct_record_match,,,
240,Bedaquiline,mmpL5,c.2760C>A,synonymous_variant,G4,S,4) Not assoc w R - Interim,snv,true,primary,S,matched_final,true,,2,COMPLETED,SYNONYMOUS_NO_PROTEIN_CHANGE,STRUCTURAL:COMPLETED:SENSITIVE:SYNONYMOUS_NO_PROTEIN_CHANGE;STRUCTURAL:COMPLETED:SENSITIVE:SYNONYMOUS_NO_PROTEIN_CHANGE,true,S,matched_final,true,,direct_record_match,,,
241,Bedaquiline,mmpL5,c.2766G>A,synonymous_variant,G4,S,4) Not assoc w R - Interim,snv,true,primary,S,matched_final,true,,2,COMPLETED,SYNONYMOUS_NO_PROTEIN_CHANGE,STRUCTURAL:COMPLETED:SENSITIVE:SYNONYMOUS_NO_PROTEIN_CHANGE;STRUCTURAL:COMPLETED:SENSITIVE:SYNONYMOUS_NO_PROTEIN_CHANGE,true,S,matched_final,true,,direct_record_match,,,
242,Bedaquiline,mmpL5,c.2781G>T,synonymous_variant,G4,S,4) Not assoc w R - Interim,snv,true,primary,S,matched_final,true,,2,COMPLETED,SYNONYMOUS_NO_PROTEIN_CHANGE,STRUCTURAL:COMPLETED:SENSITIVE:SYNONYMOUS_NO_PROTEIN_CHANGE;STRUCTURAL:COMPLETED:SENSITIVE:SYNONYMOUS_NO_PROTEIN_CHANGE,true,S,matched_final,true,,direct_record_match,,,
243,Bedaquiline,mmpL5,c.2838A>G,synonymous_variant,G4,S,4) Not assoc w R - Interim,snv,true,primary,S,matched_final,true,,2,COMPLETED,SYNONYMOUS_NO_PROTEIN_CHANGE,STRUCTURAL:COMPLETED:SENSITIVE:SYNONYMOUS_NO_PROTEIN_CHANGE;STRUCTURAL:COMPLETED:SENSITIVE:SYNONYMOUS_NO_PROTEIN_CHANGE,true,S,matched_final,true,,direct_record_match,,,
244,Bedaquiline,mmpL5,c.2871G>A,synonymous_variant,G4,S,4) Not assoc w R - Interim,snv,true,primary,S,matched_final,true,,2,COMPLETED,SYNONYMOUS_NO_PROTEIN_CHANGE,STRUCTURAL:COMPLETED:SENSITIVE:SYNONYMOUS_NO_PROTEIN_CHANGE;STRUCTURAL:COMPLETED:SENSITIVE:SYNONYMOUS_NO_PROTEIN_CHANGE,true,S,matched_final,true,,direct_record_match,,,
245,Bedaquiline,mmpL5,c.2886C>G,synonymous_variant,G4,S,4) Not assoc w R - Interim,snv,true,primary,S,matched_final,true,,2,COMPLETED,SYNONYMOUS_NO_PROTEIN_CHANGE,STRUCTURAL:COMPLETED:SENSITIVE:SYNONYMOUS_NO_PROTEIN_CHANGE;STRUCTURAL:COMPLETED:SENSITIVE:SYNONYMOUS_NO_PROTEIN_CHANGE,true,S,matched_final,true,,direct_record_match,,,
246,Bedaquiline,mmpL5,c.2889G>A,synonymous_variant,G4,S,4) Not assoc w R - Interim,snv,true,primary,S,matched_final,true,,2,COMPLETED,SYNONYMOUS_NO_PROTEIN_CHANGE,STRUCTURAL:COMPLETED:SENSITIVE:SYNONYMOUS_NO_PROTEIN_CHANGE;STRUCTURAL:COMPLETED:SENSITIVE:SYNONYMOUS_NO_PROTEIN_CHANGE,true,S,matched_final,true,,direct_record_match,,,
247,Bedaquiline,mmpL5,c.303C>T,synonymous_variant,G4,S,4) Not assoc w R - Interim,snv,true,primary,S,matched_final,true,,2,COMPLETED,SYNONYMOUS_NO_PROTEIN_CHANGE,STRUCTURAL:COMPLETED:SENSITIVE:SYNONYMOUS_NO_PROTEIN_CHANGE;STRUCTURAL:COMPLETED:SENSITIVE:SYNONYMOUS_NO_PROTEIN_CHANGE,true,S,matched_final,true,,direct_record_match,,,
248,Bedaquiline,mmpL5,c.30G>A,synonymous_variant,G4,S,4) Not assoc w R - Interim,snv,true,primary,S,matched_final,true,,2,COMPLETED,SYNONYMOUS_NO_PROTEIN_CHANGE,STRUCTURAL:COMPLETED:SENSITIVE:SYNONYMOUS_NO_PROTEIN_CHANGE;STRUCTURAL:COMPLETED:SENSITIVE:SYNONYMOUS_NO_PROTEIN_CHANGE,true,S,matched_final,true,,direct_record_match,,,
249,Bedaquiline,mmpL5,c.360C>T,synonymous_variant,G4,S,4) Not assoc w R - Interim,snv,true,primary,S,matched_final,true,,2,COMPLETED,SYNONYMOUS_NO_PROTEIN_CHANGE,STRUCTURAL:COMPLETED:SENSITIVE:SYNONYMOUS_NO_PROTEIN_CHANGE;STRUCTURAL:COMPLETED:SENSITIVE:SYNONYMOUS_NO_PROTEIN_CHANGE,true,S,matched_final,true,,direct_record_match,,,
250,Bedaquiline,mmpL5,c.375C>G,synonymous_variant,G4,S,4) Not assoc w R - Interim,snv,true,primary,S,matched_final,true,,2,COMPLETED,SYNONYMOUS_NO_PROTEIN_CHANGE,STRUCTURAL:COMPLETED:SENSITIVE:SYNONYMOUS_NO_PROTEIN_CHANGE;STRUCTURAL:COMPLETED:SENSITIVE:SYNONYMOUS_NO_PROTEIN_CHANGE,true,S,matched_final,true,,direct_record_match,,,
251,Bedaquiline,mmpL5,c.3G>A,initiator_codon_variant,G4,S,4) Not assoc w R - Interim,snv,true,primary,S,matched_final,true,,2,COMPLETED|PENDING,EFFLUX_PUMP_COLLAPSE,STRUCTURAL:COMPLETED:SENSITIVE:EFFLUX_PUMP_COLLAPSE;STRUCTURAL:PENDING::,true,S,matched_final,true,,direct_record_match,,,
252,Bedaquiline,mmpL5,c.414C>A,synonymous_variant,G4,S,4) Not assoc w R - Interim,snv,true,primary,S,matched_final,true,,2,COMPLETED,SYNONYMOUS_NO_PROTEIN_CHANGE,STRUCTURAL:COMPLETED:SENSITIVE:SYNONYMOUS_NO_PROTEIN_CHANGE;STRUCTURAL:COMPLETED:SENSITIVE:SYNONYMOUS_NO_PROTEIN_CHANGE,true,S,matched_final,true,,direct_record_match,,,
253,Bedaquiline,mmpL5,c.462G>A,synonymous_variant,G4,S,4) Not assoc w R - Interim,snv,true,primary,S,matched_final,true,,2,COMPLETED,SYNONYMOUS_NO_PROTEIN_CHANGE,STRUCTURAL:COMPLETED:SENSITIVE:SYNONYMOUS_NO_PROTEIN_CHANGE;STRUCTURAL:COMPLETED:SENSITIVE:SYNONYMOUS_NO_PROTEIN_CHANGE,true,S,matched_final,true,,direct_record_match,,,
254,Bedaquiline,mmpL5,c.465C>T,synonymous_variant,G4,S,4) Not assoc w R - Interim,snv,true,primary,S,matched_final,true,,2,COMPLETED,SYNONYMOUS_NO_PROTEIN_CHANGE,STRUCTURAL:COMPLETED:SENSITIVE:SYNONYMOUS_NO_PROTEIN_CHANGE;STRUCTURAL:COMPLETED:SENSITIVE:SYNONYMOUS_NO_PROTEIN_CHANGE,true,S,matched_final,true,,direct_record_match,,,
255,Bedaquiline,mmpL5,c.480A>C,synonymous_variant,G4,S,4) Not assoc w R - Interim,snv,true,primary,S,matched_final,true,,2,COMPLETED,SYNONYMOUS_NO_PROTEIN_CHANGE,STRUCTURAL:COMPLETED:SENSITIVE:SYNONYMOUS_NO_PROTEIN_CHANGE;STRUCTURAL:COMPLETED:SENSITIVE:SYNONYMOUS_NO_PROTEIN_CHANGE,true,S,matched_final,true,,direct_record_match,,,
256,Bedaquiline,mmpL5,c.495C>A,synonymous_variant,G4,S,4) Not assoc w R - Interim,snv,true,primary,S,matched_final,true,,2,COMPLETED,SYNONYMOUS_NO_PROTEIN_CHANGE,STRUCTURAL:COMPLETED:SENSITIVE:SYNONYMOUS_NO_PROTEIN_CHANGE;STRUCTURAL:COMPLETED:SENSITIVE:SYNONYMOUS_NO_PROTEIN_CHANGE,true,S,matched_final,true,,direct_record_match,,,
257,Bedaquiline,mmpL5,c.504G>C,synonymous_variant,G4,S,4) Not assoc w R - Interim,snv,true,primary,S,matched_final,true,,2,COMPLETED,SYNONYMOUS_NO_PROTEIN_CHANGE,STRUCTURAL:COMPLETED:SENSITIVE:SYNONYMOUS_NO_PROTEIN_CHANGE;STRUCTURAL:COMPLETED:SENSITIVE:SYNONYMOUS_NO_PROTEIN_CHANGE,true,S,matched_final,true,,direct_record_match,,,
258,Bedaquiline,mmpL5,c.507C>T,synonymous_variant,G4,S,4) Not assoc w R - Interim,snv,true,primary,S,matched_final,true,,2,COMPLETED,SYNONYMOUS_NO_PROTEIN_CHANGE,STRUCTURAL:COMPLETED:SENSITIVE:SYNONYMOUS_NO_PROTEIN_CHANGE;STRUCTURAL:COMPLETED:SENSITIVE:SYNONYMOUS_NO_PROTEIN_CHANGE,true,S,matched_final,true,,direct_record_match,,,
259,Bedaquiline,mmpL5,c.576G>A,synonymous_variant,G4,S,4) Not assoc w R - Interim,snv,true,primary,S,matched_final,true,,2,COMPLETED,SYNONYMOUS_NO_PROTEIN_CHANGE,STRUCTURAL:COMPLETED:SENSITIVE:SYNONYMOUS_NO_PROTEIN_CHANGE;STRUCTURAL:COMPLETED:SENSITIVE:SYNONYMOUS_NO_PROTEIN_CHANGE,true,S,matched_final,true,,direct_record_match,,,
260,Bedaquiline,mmpL5,c.636C>T,synonymous_variant,G4,S,4) Not assoc w R - Interim,snv,true,primary,S,matched_final,true,,2,COMPLETED,SYNONYMOUS_NO_PROTEIN_CHANGE,STRUCTURAL:COMPLETED:SENSITIVE:SYNONYMOUS_NO_PROTEIN_CHANGE;STRUCTURAL:COMPLETED:SENSITIVE:SYNONYMOUS_NO_PROTEIN_CHANGE,true,S,matched_final,true,,direct_record_match,,,
261,Bedaquiline,mmpL5,c.661C>T,synonymous_variant,G4,S,4) Not assoc w R - Interim,snv,true,primary,S,matched_final,true,,2,COMPLETED,SYNONYMOUS_NO_PROTEIN_CHANGE,STRUCTURAL:COMPLETED:SENSITIVE:SYNONYMOUS_NO_PROTEIN_CHANGE;STRUCTURAL:COMPLETED:SENSITIVE:SYNONYMOUS_NO_PROTEIN_CHANGE,true,S,matched_final,true,,direct_record_match,,,
262,Bedaquiline,mmpL5,c.678C>A,synonymous_variant,G4,S,4) Not assoc w R - Interim,snv,true,primary,S,matched_final,true,,2,COMPLETED,SYNONYMOUS_NO_PROTEIN_CHANGE,STRUCTURAL:COMPLETED:SENSITIVE:SYNONYMOUS_NO_PROTEIN_CHANGE;STRUCTURAL:COMPLETED:SENSITIVE:SYNONYMOUS_NO_PROTEIN_CHANGE,true,S,matched_final,true,,direct_record_match,,,
263,Bedaquiline,mmpL5,c.702G>A,synonymous_variant,G4,S,4) Not assoc w R - Interim,snv,true,primary,S,matched_final,true,,2,COMPLETED,SYNONYMOUS_NO_PROTEIN_CHANGE,STRUCTURAL:COMPLETED:SENSITIVE:SYNONYMOUS_NO_PROTEIN_CHANGE;STRUCTURAL:COMPLETED:SENSITIVE:SYNONYMOUS_NO_PROTEIN_CHANGE,true,S,matched_final,true,,direct_record_match,,,
264,Bedaquiline,mmpL5,c.729C>G,synonymous_variant,G4,S,4) Not assoc w R - Interim,snv,true,primary,S,matched_final,true,,2,COMPLETED,SYNONYMOUS_NO_PROTEIN_CHANGE,STRUCTURAL:COMPLETED:SENSITIVE:SYNONYMOUS_NO_PROTEIN_CHANGE;STRUCTURAL:COMPLETED:SENSITIVE:SYNONYMOUS_NO_PROTEIN_CHANGE,true,S,matched_final,true,,direct_record_match,,,
265,Bedaquiline,mmpL5,c.738C>G,synonymous_variant,G4,S,4) Not assoc w R - Interim,snv,true,primary,S,matched_final,true,,2,COMPLETED,SYNONYMOUS_NO_PROTEIN_CHANGE,STRUCTURAL:COMPLETED:SENSITIVE:SYNONYMOUS_NO_PROTEIN_CHANGE;STRUCTURAL:COMPLETED:SENSITIVE:SYNONYMOUS_NO_PROTEIN_CHANGE,true,S,matched_final,true,,direct_record_match,,,
266,Bedaquiline,mmpL5,c.750C>T,synonymous_variant,G4,S,4) Not assoc w R - Interim,snv,true,primary,S,matched_final,true,,2,COMPLETED,SYNONYMOUS_NO_PROTEIN_CHANGE,STRUCTURAL:COMPLETED:SENSITIVE:SYNONYMOUS_NO_PROTEIN_CHANGE;STRUCTURAL:COMPLETED:SENSITIVE:SYNONYMOUS_NO_PROTEIN_CHANGE,true,S,matched_final,true,,direct_record_match,,,
267,Bedaquiline,mmpL5,c.762G>A,synonymous_variant,G4,S,4) Not assoc w R - Interim,snv,true,primary,S,matched_final,true,,2,COMPLETED,SYNONYMOUS_NO_PROTEIN_CHANGE,STRUCTURAL:COMPLETED:SENSITIVE:SYNONYMOUS_NO_PROTEIN_CHANGE;STRUCTURAL:COMPLETED:SENSITIVE:SYNONYMOUS_NO_PROTEIN_CHANGE,true,S,matched_final,true,,direct_record_match,,,
268,Bedaquiline,mmpL5,c.768T>C,synonymous_variant,G4,S,4) Not assoc w R - Interim,snv,true,primary,S,matched_final,true,,2,COMPLETED,SYNONYMOUS_NO_PROTEIN_CHANGE,STRUCTURAL:COMPLETED:SENSITIVE:SYNONYMOUS_NO_PROTEIN_CHANGE;STRUCTURAL:COMPLETED:SENSITIVE:SYNONYMOUS_NO_PROTEIN_CHANGE,true,S,matched_final,true,,direct_record_match,,,
269,Bedaquiline,mmpL5,c.777G>A,synonymous_variant,G4,S,4) Not assoc w R - Interim,snv,true,primary,S,matched_final,true,,2,COMPLETED,SYNONYMOUS_NO_PROTEIN_CHANGE,STRUCTURAL:COMPLETED:SENSITIVE:SYNONYMOUS_NO_PROTEIN_CHANGE;STRUCTURAL:COMPLETED:SENSITIVE:SYNONYMOUS_NO_PROTEIN_CHANGE,true,S,matched_final,true,,direct_record_match,,,
270,Bedaquiline,mmpL5,c.798C>T,synonymous_variant,G4,S,4) Not assoc w R - Interim,snv,true,primary,S,matched_final,true,,2,COMPLETED,SYNONYMOUS_NO_PROTEIN_CHANGE,STRUCTURAL:COMPLETED:SENSITIVE:SYNONYMOUS_NO_PROTEIN_CHANGE;STRUCTURAL:COMPLETED:SENSITIVE:SYNONYMOUS_NO_PROTEIN_CHANGE,true,S,matched_final,true,,direct_record_match,,,
271,Bedaquiline,mmpL5,c.841C>T,synonymous_variant,G4,S,4) Not assoc w R - Interim,snv,true,primary,S,matched_final,true,,2,COMPLETED,SYNONYMOUS_NO_PROTEIN_CHANGE,STRUCTURAL:COMPLETED:SENSITIVE:SYNONYMOUS_NO_PROTEIN_CHANGE;STRUCTURAL:COMPLETED:SENSITIVE:SYNONYMOUS_NO_PROTEIN_CHANGE,true,S,matched_final,true,,direct_record_match,,,
272,Bedaquiline,mmpL5,c.855C>T,synonymous_variant,G4,S,4) Not assoc w R - Interim,snv,true,primary,S,matched_final,true,,2,COMPLETED,SYNONYMOUS_NO_PROTEIN_CHANGE,STRUCTURAL:COMPLETED:SENSITIVE:SYNONYMOUS_NO_PROTEIN_CHANGE;STRUCTURAL:COMPLETED:SENSITIVE:SYNONYMOUS_NO_PROTEIN_CHANGE,true,S,matched_final,true,,direct_record_match,,,
273,Bedaquiline,mmpL5,c.885G>A,synonymous_variant,G4,S,4) Not assoc w R - Interim,snv,true,primary,S,matched_final,true,,2,COMPLETED,SYNONYMOUS_NO_PROTEIN_CHANGE,STRUCTURAL:COMPLETED:SENSITIVE:SYNONYMOUS_NO_PROTEIN_CHANGE;STRUCTURAL:COMPLETED:SENSITIVE:SYNONYMOUS_NO_PROTEIN_CHANGE,true,S,matched_final,true,,direct_record_match,,,
274,Bedaquiline,mmpL5,c.891G>A,synonymous_variant,G4,S,4) Not assoc w R - Interim,snv,true,primary,S,matched_final,true,,2,COMPLETED,SYNONYMOUS_NO_PROTEIN_CHANGE,STRUCTURAL:COMPLETED:SENSITIVE:SYNONYMOUS_NO_PROTEIN_CHANGE;STRUCTURAL:COMPLETED:SENSITIVE:SYNONYMOUS_NO_PROTEIN_CHANGE,true,S,matched_final,true,,direct_record_match,,,
275,Bedaquiline,mmpL5,c.894G>A,synonymous_variant,G4,S,4) Not assoc w R - Interim,snv,true,primary,S,matched_final,true,,2,COMPLETED,SYNONYMOUS_NO_PROTEIN_CHANGE,STRUCTURAL:COMPLETED:SENSITIVE:SYNONYMOUS_NO_PROTEIN_CHANGE;STRUCTURAL:COMPLETED:SENSITIVE:SYNONYMOUS_NO_PROTEIN_CHANGE,true,S,matched_final,true,,direct_record_match,,,
276,Bedaquiline,mmpL5,c.894G>C,synonymous_variant,G4,S,4) Not assoc w R - Interim,snv,true,primary,S,matched_final,true,,2,COMPLETED,SYNONYMOUS_NO_PROTEIN_CHANGE,STRUCTURAL:COMPLETED:SENSITIVE:SYNONYMOUS_NO_PROTEIN_CHANGE;STRUCTURAL:COMPLETED:SENSITIVE:SYNONYMOUS_NO_PROTEIN_CHANGE,true,S,matched_final,true,,direct_record_match,,,
277,Bedaquiline,mmpL5,c.909C>T,synonymous_variant,G4,S,4) Not assoc w R - Interim,snv,true,primary,S,matched_final,true,,2,COMPLETED,SYNONYMOUS_NO_PROTEIN_CHANGE,STRUCTURAL:COMPLETED:SENSITIVE:SYNONYMOUS_NO_PROTEIN_CHANGE;STRUCTURAL:COMPLETED:SENSITIVE:SYNONYMOUS_NO_PROTEIN_CHANGE,true,S,matched_final,true,,direct_record_match,,,
278,Bedaquiline,mmpL5,c.931C>T,synonymous_variant,G4,S,4) Not assoc w R - Interim,snv,true,primary,S,matched_final,true,,2,COMPLETED,SYNONYMOUS_NO_PROTEIN_CHANGE,STRUCTURAL:COMPLETED:SENSITIVE:SYNONYMOUS_NO_PROTEIN_CHANGE;STRUCTURAL:COMPLETED:SENSITIVE:SYNONYMOUS_NO_PROTEIN_CHANGE,true,S,matched_final,true,,direct_record_match,,,
279,Bedaquiline,mmpL5,c.972G>A,synonymous_variant,G4,S,4) Not assoc w R - Interim,snv,true,primary,S,matched_final,true,,2,COMPLETED,SYNONYMOUS_NO_PROTEIN_CHANGE,STRUCTURAL:COMPLETED:SENSITIVE:SYNONYMOUS_NO_PROTEIN_CHANGE;STRUCTURAL:COMPLETED:SENSITIVE:SYNONYMOUS_NO_PROTEIN_CHANGE,true,S,matched_final,true,,direct_record_match,,,
280,Bedaquiline,mmpL5,c.984A>G,synonymous_variant,G4,S,4) Not assoc w R - Interim,snv,true,primary,S,matched_final,true,,2,COMPLETED,SYNONYMOUS_NO_PROTEIN_CHANGE,STRUCTURAL:COMPLETED:SENSITIVE:SYNONYMOUS_NO_PROTEIN_CHANGE;STRUCTURAL:COMPLETED:SENSITIVE:SYNONYMOUS_NO_PROTEIN_CHANGE,true,S,matched_final,true,,direct_record_match,,,
281,Bedaquiline,mmpL5,c.9G>A,synonymous_variant,G4,S,4) Not assoc w R - Interim,snv,true,primary,S,matched_final,true,,2,COMPLETED,SYNONYMOUS_NO_PROTEIN_CHANGE,STRUCTURAL:COMPLETED:SENSITIVE:SYNONYMOUS_NO_PROTEIN_CHANGE;STRUCTURAL:COMPLETED:SENSITIVE:SYNONYMOUS_NO_PROTEIN_CHANGE,true,S,matched_final,true,,direct_record_match,,,
282,Bedaquiline,mmpL5,LoF,LoF,G3,,3) Uncertain significance,generic_lof,,primary,,excluded,,excluded_uncertain_g3_or_unmapped_grade,0,,,,,,excluded,,excluded_uncertain_g3_or_unmapped_grade,,,,
283,Bedaquiline,mmpL5,p.Ala136_Ala139del,inframe_deletion,G3,,3) Uncertain significance,indel,,primary,,excluded,,excluded_uncertain_g3_or_unmapped_grade,0,,,,,,excluded,,excluded_uncertain_g3_or_unmapped_grade,,,,
284,Bedaquiline,mmpL5,p.Ala147Thr,missense_variant,G3,,3) Uncertain significance,protein_substitution,,primary,,excluded,,excluded_uncertain_g3_or_unmapped_grade,2,FAILED|PENDING,,STRUCTURAL:FAILED::;STRUCTURAL:PENDING::,,,excluded,,excluded_uncertain_g3_or_unmapped_grade,,,,
285,Bedaquiline,mmpL5,p.Ala199Thr,missense_variant,G3,,3) Uncertain significance,protein_substitution,,primary,,excluded,,excluded_uncertain_g3_or_unmapped_grade,2,FAILED|PENDING,,STRUCTURAL:FAILED::;STRUCTURAL:PENDING::,,,excluded,,excluded_uncertain_g3_or_unmapped_grade,,,,
286,Bedaquiline,mmpL5,p.Ala209Thr,missense_variant,G3,,3) Uncertain significance,protein_substitution,,primary,,excluded,,excluded_uncertain_g3_or_unmapped_grade,2,FAILED|PENDING,,STRUCTURAL:FAILED::;STRUCTURAL:PENDING::,,,excluded,,excluded_uncertain_g3_or_unmapped_grade,,,,
287,Bedaquiline,mmpL5,p.Ala20Thr,missense_variant,G3,,3) Uncertain significance,protein_substitution,,primary,,excluded,,excluded_uncertain_g3_or_unmapped_grade,2,FAILED|PENDING,,STRUCTURAL:FAILED::;STRUCTURAL:PENDING::,,,excluded,,excluded_uncertain_g3_or_unmapped_grade,,,,
288,Bedaquiline,mmpL5,p.Ala230Thr,missense_variant,G3,,3) Uncertain significance,protein_substitution,,primary,,excluded,,excluded_uncertain_g3_or_unmapped_grade,2,FAILED|PENDING,,STRUCTURAL:FAILED::;STRUCTURAL:PENDING::,,,excluded,,excluded_uncertain_g3_or_unmapped_grade,,,,
289,Bedaquiline,mmpL5,p.Ala230Val,missense_variant,G3,,3) Uncertain significance,protein_substitution,,primary,,excluded,,excluded_uncertain_g3_or_unmapped_grade,2,FAILED|PENDING,,STRUCTURAL:FAILED::;STRUCTURAL:PENDING::,,,excluded,,excluded_uncertain_g3_or_unmapped_grade,,,,
290,Bedaquiline,mmpL5,p.Ala273Gly,missense_variant,G3,,3) Uncertain significance,protein_substitution,,primary,S,excluded,,excluded_uncertain_g3_or_unmapped_grade,2,LOSS_OF_FUNCTION|PENDING,EFFLUX_PUMP_COLLAPSE,STRUCTURAL:LOSS_OF_FUNCTION:SENSITIVE:EFFLUX_PUMP_COLLAPSE;STRUCTURAL:PENDING::,,S,excluded,,excluded_uncertain_g3_or_unmapped_grade,,,,
291,Bedaquiline,mmpL5,p.Ala273Thr,missense_variant,G3,,3) Uncertain significance,protein_substitution,,primary,,excluded,,excluded_uncertain_g3_or_unmapped_grade,2,FAILED|PENDING,ANALYSIS_FAILED,STRUCTURAL:FAILED:UNKNOWN:ANALYSIS_FAILED;STRUCTURAL:PENDING::,,,excluded,,excluded_uncertain_g3_or_unmapped_grade,,,,
292,Bedaquiline,mmpL5,p.Ala288Pro,missense_variant,G3,,3) Uncertain significance,protein_substitution,,primary,S,excluded,,excluded_uncertain_g3_or_unmapped_grade,2,LETHAL_SKIP|PENDING,EFFLUX_PUMP_COLLAPSE,STRUCTURAL:LETHAL_SKIP:SENSITIVE:EFFLUX_PUMP_COLLAPSE;STRUCTURAL:PENDING::,,S,excluded,,excluded_uncertain_g3_or_unmapped_grade,,,,
293,Bedaquiline,mmpL5,p.Ala350del,inframe_deletion,G3,,3) Uncertain significance,indel,,primary,,excluded,,excluded_uncertain_g3_or_unmapped_grade,0,,,,,,excluded,,excluded_uncertain_g3_or_unmapped_grade,,,,
294,Bedaquiline,mmpL5,p.Ala359Thr,missense_variant,G3,,3) Uncertain significance,protein_substitution,,primary,,excluded,,excluded_uncertain_g3_or_unmapped_grade,2,FAILED|PENDING,,STRUCTURAL:FAILED::;STRUCTURAL:PENDING::,,,excluded,,excluded_uncertain_g3_or_unmapped_grade,,,,
295,Bedaquiline,mmpL5,p.Ala385Thr,missense_variant,G3,,3) Uncertain significance,protein_substitution,,primary,,excluded,,excluded_uncertain_g3_or_unmapped_grade,2,FAILED|PENDING,,STRUCTURAL:FAILED::;STRUCTURAL:PENDING::,,,excluded,,excluded_uncertain_g3_or_unmapped_grade,,,,
296,Bedaquiline,mmpL5,p.Ala397Ser,missense_variant,G3,,3) Uncertain significance,protein_substitution,,primary,,excluded,,excluded_uncertain_g3_or_unmapped_grade,2,FAILED|PENDING,,STRUCTURAL:FAILED::;STRUCTURAL:PENDING::,,,excluded,,excluded_uncertain_g3_or_unmapped_grade,,,,
297,Bedaquiline,mmpL5,p.Ala401Val,missense_variant,G3,,3) Uncertain significance,protein_substitution,,primary,,excluded,,excluded_uncertain_g3_or_unmapped_grade,2,FAILED|PENDING,ANALYSIS_FAILED,STRUCTURAL:FAILED:UNKNOWN:ANALYSIS_FAILED;STRUCTURAL:PENDING::,,,excluded,,excluded_uncertain_g3_or_unmapped_grade,,,,
298,Bedaquiline,mmpL5,p.Ala434Thr,missense_variant,G3,,3) Uncertain significance,protein_substitution,,primary,,excluded,,excluded_uncertain_g3_or_unmapped_grade,2,FAILED|PENDING,,STRUCTURAL:FAILED::;STRUCTURAL:PENDING::,,,excluded,,excluded_uncertain_g3_or_unmapped_grade,,,,
299,Bedaquiline,mmpL5,p.Ala44Gly,missense_variant,G3,,3) Uncertain significance,protein_substitution,,primary,,excluded,,excluded_uncertain_g3_or_unmapped_grade,2,FAILED|PENDING,,STRUCTURAL:FAILED::;STRUCTURAL:PENDING::,,,excluded,,excluded_uncertain_g3_or_unmapped_grade,,,,
300,Bedaquiline,mmpL5,p.Ala572Val,missense_variant,G3,,3) Uncertain significance,protein_substitution,,primary,,excluded,,excluded_uncertain_g3_or_unmapped_grade,2,FAILED|PENDING,,STRUCTURAL:FAILED::;STRUCTURAL:PENDING::,,,excluded,,excluded_uncertain_g3_or_unmapped_grade,,,,
301,Bedaquiline,mmpL5,p.Ala667Ser,missense_variant,G3,,3) Uncertain significance,protein_substitution,,primary,,excluded,,excluded_uncertain_g3_or_unmapped_grade,2,FAILED|PENDING,,STRUCTURAL:FAILED::;STRUCTURAL:PENDING::,,,excluded,,excluded_uncertain_g3_or_unmapped_grade,,,,
302,Bedaquiline,mmpL5,p.Ala679Asp,missense_variant,G3,,3) Uncertain significance,protein_substitution,,primary,S,excluded,,excluded_uncertain_g3_or_unmapped_grade,2,LOSS_OF_FUNCTION|PENDING,EFFLUX_PUMP_COLLAPSE,STRUCTURAL:LOSS_OF_FUNCTION:SENSITIVE:EFFLUX_PUMP_COLLAPSE;STRUCTURAL:PENDING::,,S,excluded,,excluded_uncertain_g3_or_unmapped_grade,,,,
303,Bedaquiline,mmpL5,p.Ala69Val,missense_variant,G3,,3) Uncertain significance,protein_substitution,,primary,S,excluded,,excluded_uncertain_g3_or_unmapped_grade,2,LETHAL_SKIP|PENDING,EFFLUX_PUMP_COLLAPSE,STRUCTURAL:LETHAL_SKIP:SENSITIVE:EFFLUX_PUMP_COLLAPSE;STRUCTURAL:PENDING::,,S,excluded,,excluded_uncertain_g3_or_unmapped_grade,,,,
304,Bedaquiline,mmpL5,p.Ala800Ser,missense_variant,G3,,3) Uncertain significance,protein_substitution,,primary,,excluded,,excluded_uncertain_g3_or_unmapped_grade,2,FAILED|PENDING,,STRUCTURAL:FAILED::;STRUCTURAL:PENDING::,,,excluded,,excluded_uncertain_g3_or_unmapped_grade,,,,
305,Bedaquiline,mmpL5,p.Ala801Val,missense_variant,G3,,3) Uncertain significance,protein_substitution,,primary,S,excluded,,excluded_uncertain_g3_or_unmapped_grade,2,LETHAL_SKIP|PENDING,EFFLUX_PUMP_COLLAPSE,STRUCTURAL:LETHAL_SKIP:SENSITIVE:EFFLUX_PUMP_COLLAPSE;STRUCTURAL:PENDING::,,S,excluded,,excluded_uncertain_g3_or_unmapped_grade,,,,
306,Bedaquiline,mmpL5,p.Ala896Thr,missense_variant,G3,,3) Uncertain significance,protein_substitution,,primary,,excluded,,excluded_uncertain_g3_or_unmapped_grade,2,FAILED|PENDING,,STRUCTURAL:FAILED::;STRUCTURAL:PENDING::,,,excluded,,excluded_uncertain_g3_or_unmapped_grade,,,,
307,Bedaquiline,mmpL5,p.Ala8fs,frameshift,G3,,3) Uncertain significance,frameshift,,primary,,excluded,,excluded_uncertain_g3_or_unmapped_grade,0,,,,,,excluded,,excluded_uncertain_g3_or_unmapped_grade,,,,
308,Bedaquiline,mmpL5,p.Ala956fs,frameshift,G3,,3) Uncertain significance,frameshift,,primary,,excluded,,excluded_uncertain_g3_or_unmapped_grade,0,,,,,,excluded,,excluded_uncertain_g3_or_unmapped_grade,,,,
309,Bedaquiline,mmpL5,p.Arg115fs,frameshift,G3,,3) Uncertain significance,frameshift,,primary,,excluded,,excluded_uncertain_g3_or_unmapped_grade,0,,,,,,excluded,,excluded_uncertain_g3_or_unmapped_grade,,,,
310,Bedaquiline,mmpL5,p.Arg202fs,frameshift,G3,,3) Uncertain significance,frameshift,,primary,,excluded,,excluded_uncertain_g3_or_unmapped_grade,0,,,,,,excluded,,excluded_uncertain_g3_or_unmapped_grade,,,,
311,Bedaquiline,mmpL5,p.Arg244Leu,missense_variant,G3,,3) Uncertain significance,protein_substitution,,primary,S,excluded,,excluded_uncertain_g3_or_unmapped_grade,2,LETHAL_SKIP|PENDING,EFFLUX_PUMP_COLLAPSE,STRUCTURAL:LETHAL_SKIP:SENSITIVE:EFFLUX_PUMP_COLLAPSE;STRUCTURAL:PENDING::,,S,excluded,,excluded_uncertain_g3_or_unmapped_grade,,,,
312,Bedaquiline,mmpL5,p.Arg254Gln,missense_variant,G3,,3) Uncertain significance,protein_substitution,,primary,,excluded,,excluded_uncertain_g3_or_unmapped_grade,2,FAILED|PENDING,,STRUCTURAL:FAILED::;STRUCTURAL:PENDING::,,,excluded,,excluded_uncertain_g3_or_unmapped_grade,,,,
313,Bedaquiline,mmpL5,p.Arg284fs,frameshift,G3,,3) Uncertain significance,frameshift,,primary,,excluded,,excluded_uncertain_g3_or_unmapped_grade,0,,,,,,excluded,,excluded_uncertain_g3_or_unmapped_grade,,,,
314,Bedaquiline,mmpL5,p.Arg289His,missense_variant,G3,,3) Uncertain significance,protein_substitution,,primary,,excluded,,excluded_uncertain_g3_or_unmapped_grade,2,FAILED|PENDING,ANALYSIS_FAILED,STRUCTURAL:FAILED:UNKNOWN:ANALYSIS_FAILED;STRUCTURAL:PENDING::,,,excluded,,excluded_uncertain_g3_or_unmapped_grade,,,,
315,Bedaquiline,mmpL5,p.Arg328Gly,missense_variant,G3,,3) Uncertain significance,protein_substitution,,primary,,excluded,,excluded_uncertain_g3_or_unmapped_grade,2,FAILED|PENDING,,STRUCTURAL:FAILED::;STRUCTURAL:PENDING::,,,excluded,,excluded_uncertain_g3_or_unmapped_grade,,,,
316,Bedaquiline,mmpL5,p.Arg380His,missense_variant,G3,,3) Uncertain significance,protein_substitution,,primary,,excluded,,excluded_uncertain_g3_or_unmapped_grade,2,FAILED|PENDING,,STRUCTURAL:FAILED::;STRUCTURAL:PENDING::,,,excluded,,excluded_uncertain_g3_or_unmapped_grade,,,,
317,Bedaquiline,mmpL5,p.Arg717Gln,missense_variant,G3,,3) Uncertain significance,protein_substitution,,primary,,excluded,,excluded_uncertain_g3_or_unmapped_grade,2,FAILED|PENDING,ANALYSIS_FAILED,STRUCTURAL:FAILED:UNKNOWN:ANALYSIS_FAILED;STRUCTURAL:PENDING::,,,excluded,,excluded_uncertain_g3_or_unmapped_grade,,,,
318,Bedaquiline,mmpL5,p.Arg944Gln,missense_variant,G3,,3) Uncertain significance,protein_substitution,,primary,,excluded,,excluded_uncertain_g3_or_unmapped_grade,2,FAILED|PENDING,ANALYSIS_FAILED,STRUCTURAL:FAILED:UNKNOWN:ANALYSIS_FAILED;STRUCTURAL:PENDING::,,,excluded,,excluded_uncertain_g3_or_unmapped_grade,,,,
319,Bedaquiline,mmpL5,p.Asn458Asp,missense_variant,G3,,3) Uncertain significance,protein_substitution,,primary,,excluded,,excluded_uncertain_g3_or_unmapped_grade,2,FAILED|PENDING,,STRUCTURAL:FAILED::;STRUCTURAL:PENDING::,,,excluded,,excluded_uncertain_g3_or_unmapped_grade,,,,
320,Bedaquiline,mmpL5,p.Asn466Ser,missense_variant,G3,,3) Uncertain significance,protein_substitution,,primary,,excluded,,excluded_uncertain_g3_or_unmapped_grade,2,FAILED|PENDING,,STRUCTURAL:FAILED::;STRUCTURAL:PENDING::,,,excluded,,excluded_uncertain_g3_or_unmapped_grade,,,,
321,Bedaquiline,mmpL5,p.Asn685Asp,missense_variant,G3,,3) Uncertain significance,protein_substitution,,primary,,excluded,,excluded_uncertain_g3_or_unmapped_grade,2,FAILED|PENDING,,STRUCTURAL:FAILED::;STRUCTURAL:PENDING::,,,excluded,,excluded_uncertain_g3_or_unmapped_grade,,,,
322,Bedaquiline,mmpL5,p.Asn772Ser,missense_variant,G3,,3) Uncertain significance,protein_substitution,,primary,,excluded,,excluded_uncertain_g3_or_unmapped_grade,2,FAILED|PENDING,,STRUCTURAL:FAILED::;STRUCTURAL:PENDING::,,,excluded,,excluded_uncertain_g3_or_unmapped_grade,,,,
323,Bedaquiline,mmpL5,p.Asp110Gly,missense_variant,G3,,3) Uncertain significance,protein_substitution,,primary,,excluded,,excluded_uncertain_g3_or_unmapped_grade,2,FAILED|PENDING,,STRUCTURAL:FAILED::;STRUCTURAL:PENDING::,,,excluded,,excluded_uncertain_g3_or_unmapped_grade,,,,
324,Bedaquiline,mmpL5,p.Asp128Ala,missense_variant,G3,,3) Uncertain significance,protein_substitution,,primary,,excluded,,excluded_uncertain_g3_or_unmapped_grade,2,FAILED|PENDING,ANALYSIS_FAILED,STRUCTURAL:FAILED:UNKNOWN:ANALYSIS_FAILED;STRUCTURAL:PENDING::,,,excluded,,excluded_uncertain_g3_or_unmapped_grade,,,,
325,Bedaquiline,mmpL5,p.Asp128Asn,missense_variant,G3,,3) Uncertain significance,protein_substitution,,primary,,excluded,,excluded_uncertain_g3_or_unmapped_grade,2,FAILED|PENDING,,STRUCTURAL:FAILED::;STRUCTURAL:PENDING::,,,excluded,,excluded_uncertain_g3_or_unmapped_grade,,,,
326,Bedaquiline,mmpL5,p.Asp128His,missense_variant,G3,,3) Uncertain significance,protein_substitution,,primary,,excluded,,excluded_uncertain_g3_or_unmapped_grade,2,FAILED|PENDING,,STRUCTURAL:FAILED::;STRUCTURAL:PENDING::,,,excluded,,excluded_uncertain_g3_or_unmapped_grade,,,,
327,Bedaquiline,mmpL5,p.Asp132fs,frameshift,G3,,3) Uncertain significance,frameshift,,primary,,excluded,,excluded_uncertain_g3_or_unmapped_grade,0,,,,,,excluded,,excluded_uncertain_g3_or_unmapped_grade,,,,
328,Bedaquiline,mmpL5,p.Asp143Gly,missense_variant,G3,,3) Uncertain significance,protein_substitution,,primary,S,excluded,,excluded_uncertain_g3_or_unmapped_grade,2,LOSS_OF_FUNCTION|PENDING,EFFLUX_PUMP_COLLAPSE,STRUCTURAL:LOSS_OF_FUNCTION:SENSITIVE:EFFLUX_PUMP_COLLAPSE;STRUCTURAL:PENDING::,,S,excluded,,excluded_uncertain_g3_or_unmapped_grade,,,,
329,Bedaquiline,mmpL5,p.Asp424Asn,missense_variant,G3,,3) Uncertain significance,protein_substitution,,primary,,excluded,,excluded_uncertain_g3_or_unmapped_grade,2,FAILED|PENDING,,STRUCTURAL:FAILED::;STRUCTURAL:PENDING::,,,excluded,,excluded_uncertain_g3_or_unmapped_grade,,,,
330,Bedaquiline,mmpL5,p.Asp455Gly,missense_variant,G3,,3) Uncertain significance,protein_substitution,,primary,S,excluded,,excluded_uncertain_g3_or_unmapped_grade,2,LOSS_OF_FUNCTION|PENDING,EFFLUX_PUMP_COLLAPSE,STRUCTURAL:LOSS_OF_FUNCTION:SENSITIVE:EFFLUX_PUMP_COLLAPSE;STRUCTURAL:PENDING::,,S,excluded,,excluded_uncertain_g3_or_unmapped_grade,,,,
331,Bedaquiline,mmpL5,p.Asp608Asn,missense_variant,G3,,3) Uncertain significance,protein_substitution,,primary,S,excluded,,excluded_uncertain_g3_or_unmapped_grade,2,LOSS_OF_FUNCTION|PENDING,EFFLUX_PUMP_COLLAPSE,STRUCTURAL:LOSS_OF_FUNCTION:SENSITIVE:EFFLUX_PUMP_COLLAPSE;STRUCTURAL:PENDING::,,S,excluded,,excluded_uncertain_g3_or_unmapped_grade,,,,
332,Bedaquiline,mmpL5,p.Asp608Tyr,missense_variant,G3,,3) Uncertain significance,protein_substitution,,primary,S,excluded,,excluded_uncertain_g3_or_unmapped_grade,2,LETHAL_SKIP|PENDING,EFFLUX_PUMP_COLLAPSE,STRUCTURAL:LETHAL_SKIP:SENSITIVE:EFFLUX_PUMP_COLLAPSE;STRUCTURAL:PENDING::,,S,excluded,,excluded_uncertain_g3_or_unmapped_grade,,,,
333,Bedaquiline,mmpL5,p.Asp681Glu,missense_variant,G3,,3) Uncertain significance,protein_substitution,,primary,,excluded,,excluded_uncertain_g3_or_unmapped_grade,4,FAILED|PENDING,,STRUCTURAL:FAILED::;STRUCTURAL:FAILED::;STRUCTURAL:PENDING::;+1_more,,,excluded,,excluded_uncertain_g3_or_unmapped_grade,,,,
334,Bedaquiline,mmpL5,p.Asp767Ala,missense_variant,G3,,3) Uncertain significance,protein_substitution,,primary,S,excluded,,excluded_uncertain_g3_or_unmapped_grade,2,LETHAL_SKIP|PENDING,EFFLUX_PUMP_COLLAPSE,STRUCTURAL:LETHAL_SKIP:SENSITIVE:EFFLUX_PUMP_COLLAPSE;STRUCTURAL:PENDING::,,S,excluded,,excluded_uncertain_g3_or_unmapped_grade,,,,
335,Bedaquiline,mmpL5,p.Asp767Asn,missense_variant,G5,S,5) Not assoc w R,protein_substitution,true,primary,S,matched_final,true,,2,COMPLETED|PENDING,EFFLUX_PUMP_COLLAPSE,STRUCTURAL:COMPLETED:SENSITIVE:EFFLUX_PUMP_COLLAPSE;STRUCTURAL:PENDING::,true,S,matched_final,true,,direct_record_match,,,
336,Bedaquiline,mmpL5,p.Gln140His,missense_variant,G3,,3) Uncertain significance,protein_substitution,,primary,S,excluded,,excluded_uncertain_g3_or_unmapped_grade,4,LOSS_OF_FUNCTION|PENDING,EFFLUX_PUMP_COLLAPSE,STRUCTURAL:LOSS_OF_FUNCTION:SENSITIVE:EFFLUX_PUMP_COLLAPSE;STRUCTURAL:LOSS_OF_FUNCTION:SENSITIVE:EFFLUX_PUMP_COLLAPSE;STRUCTURAL:PENDING::;+1_more,,S,excluded,,excluded_uncertain_g3_or_unmapped_grade,,,,
337,Bedaquiline,mmpL5,p.Gln333Glu,missense_variant,G3,,3) Uncertain significance,protein_substitution,,primary,,excluded,,excluded_uncertain_g3_or_unmapped_grade,2,FAILED|PENDING,ANALYSIS_FAILED,STRUCTURAL:FAILED:UNKNOWN:ANALYSIS_FAILED;STRUCTURAL:PENDING::,,,excluded,,excluded_uncertain_g3_or_unmapped_grade,,,,
338,Bedaquiline,mmpL5,p.Gln504*,stop_gained,G3,,3) Uncertain significance,nonsense,,primary,S,excluded,,excluded_uncertain_g3_or_unmapped_grade,2,LETHAL_SKIP|PENDING,EFFLUX_PUMP_COLLAPSE,STRUCTURAL:LETHAL_SKIP:SENSITIVE:EFFLUX_PUMP_COLLAPSE;STRUCTURAL:PENDING::,,S,excluded,,excluded_uncertain_g3_or_unmapped_grade,,,,
339,Bedaquiline,mmpL5,p.Gln60*,stop_gained,G3,,3) Uncertain significance,nonsense,,primary,S,excluded,,excluded_uncertain_g3_or_unmapped_grade,2,LETHAL_SKIP|PENDING,EFFLUX_PUMP_COLLAPSE,STRUCTURAL:LETHAL_SKIP:SENSITIVE:EFFLUX_PUMP_COLLAPSE;STRUCTURAL:PENDING::,,S,excluded,,excluded_uncertain_g3_or_unmapped_grade,,,,
340,Bedaquiline,mmpL5,p.Gln702*,stop_gained,G3,,3) Uncertain significance,nonsense,,primary,S,excluded,,excluded_uncertain_g3_or_unmapped_grade,2,LETHAL_SKIP|PENDING,EFFLUX_PUMP_COLLAPSE,STRUCTURAL:LETHAL_SKIP:SENSITIVE:EFFLUX_PUMP_COLLAPSE;STRUCTURAL:PENDING::,,S,excluded,,excluded_uncertain_g3_or_unmapped_grade,,,,
341,Bedaquiline,mmpL5,p.Gln707Lys,missense_variant,G3,,3) Uncertain significance,protein_substitution,,primary,,excluded,,excluded_uncertain_g3_or_unmapped_grade,2,FAILED|PENDING,,STRUCTURAL:FAILED::;STRUCTURAL:PENDING::,,,excluded,,excluded_uncertain_g3_or_unmapped_grade,,,,
342,Bedaquiline,mmpL5,p.Glu159Ala,missense_variant,G3,,3) Uncertain significance,protein_substitution,,primary,,excluded,,excluded_uncertain_g3_or_unmapped_grade,2,FAILED|PENDING,,STRUCTURAL:FAILED::;STRUCTURAL:PENDING::,,,excluded,,excluded_uncertain_g3_or_unmapped_grade,,,,
343,Bedaquiline,mmpL5,p.Glu174Gln,missense_variant,G3,,3) Uncertain significance,protein_substitution,,primary,,excluded,,excluded_uncertain_g3_or_unmapped_grade,2,FAILED|PENDING,,STRUCTURAL:FAILED::;STRUCTURAL:PENDING::,,,excluded,,excluded_uncertain_g3_or_unmapped_grade,,,,
344,Bedaquiline,mmpL5,p.Glu512Ala,missense_variant,G3,,3) Uncertain significance,protein_substitution,,primary,,excluded,,excluded_uncertain_g3_or_unmapped_grade,2,FAILED|PENDING,,STRUCTURAL:FAILED::;STRUCTURAL:PENDING::,,,excluded,,excluded_uncertain_g3_or_unmapped_grade,,,,
345,Bedaquiline,mmpL5,p.Glu512Gln,missense_variant,G3,,3) Uncertain significance,protein_substitution,,primary,,excluded,,excluded_uncertain_g3_or_unmapped_grade,2,FAILED|PENDING,,STRUCTURAL:FAILED::;STRUCTURAL:PENDING::,,,excluded,,excluded_uncertain_g3_or_unmapped_grade,,,,
346,Bedaquiline,mmpL5,p.Glu524Gly,missense_variant,G3,,3) Uncertain significance,protein_substitution,,primary,,excluded,,excluded_uncertain_g3_or_unmapped_grade,2,FAILED|PENDING,,STRUCTURAL:FAILED::;STRUCTURAL:PENDING::,,,excluded,,excluded_uncertain_g3_or_unmapped_grade,,,,
347,Bedaquiline,mmpL5,p.Glu552Gly,missense_variant,G3,,3) Uncertain significance,protein_substitution,,primary,,excluded,,excluded_uncertain_g3_or_unmapped_grade,2,FAILED|PENDING,,STRUCTURAL:FAILED::;STRUCTURAL:PENDING::,,,excluded,,excluded_uncertain_g3_or_unmapped_grade,,,,
348,Bedaquiline,mmpL5,p.Glu566Asp,missense_variant,G3,,3) Uncertain significance,protein_substitution,,primary,,excluded,,excluded_uncertain_g3_or_unmapped_grade,4,FAILED|PENDING,,STRUCTURAL:FAILED::;STRUCTURAL:FAILED::;STRUCTURAL:PENDING::;+1_more,,,excluded,,excluded_uncertain_g3_or_unmapped_grade,,,,
349,Bedaquiline,mmpL5,p.Glu723Asp,missense_variant,G3,,3) Uncertain significance,protein_substitution,,primary,,excluded,,excluded_uncertain_g3_or_unmapped_grade,4,FAILED|PENDING,,STRUCTURAL:FAILED::;STRUCTURAL:FAILED::;STRUCTURAL:PENDING::;+1_more,,,excluded,,excluded_uncertain_g3_or_unmapped_grade,,,,
350,Bedaquiline,mmpL5,p.Glu744Gln,missense_variant,G3,,3) Uncertain significance,protein_substitution,,primary,,excluded,,excluded_uncertain_g3_or_unmapped_grade,2,FAILED|PENDING,ANALYSIS_FAILED,STRUCTURAL:FAILED:UNKNOWN:ANALYSIS_FAILED;STRUCTURAL:PENDING::,,,excluded,,excluded_uncertain_g3_or_unmapped_grade,,,,
351,Bedaquiline,mmpL5,p.Glu830Asp,missense_variant,G3,,3) Uncertain significance,protein_substitution,,primary,,excluded,,excluded_uncertain_g3_or_unmapped_grade,4,FAILED|PENDING,,STRUCTURAL:FAILED::;STRUCTURAL:FAILED::;STRUCTURAL:PENDING::;+1_more,,,excluded,,excluded_uncertain_g3_or_unmapped_grade,,,,
352,Bedaquiline,mmpL5,p.Glu83Lys,missense_variant,G3,,3) Uncertain significance,protein_substitution,,primary,,excluded,,excluded_uncertain_g3_or_unmapped_grade,2,FAILED|PENDING,,STRUCTURAL:FAILED::;STRUCTURAL:PENDING::,,,excluded,,excluded_uncertain_g3_or_unmapped_grade,,,,
353,Bedaquiline,mmpL5,p.Gly102Asp,missense_variant,G3,,3) Uncertain significance,protein_substitution,,primary,,excluded,,excluded_uncertain_g3_or_unmapped_grade,2,FAILED|PENDING,,STRUCTURAL:FAILED::;STRUCTURAL:PENDING::,,,excluded,,excluded_uncertain_g3_or_unmapped_grade,,,,
354,Bedaquiline,mmpL5,p.Gly114Arg,missense_variant,G3,,3) Uncertain significance,protein_substitution,,primary,,excluded,,excluded_uncertain_g3_or_unmapped_grade,2,FAILED|PENDING,,STRUCTURAL:FAILED::;STRUCTURAL:PENDING::,,,excluded,,excluded_uncertain_g3_or_unmapped_grade,,,,
355,Bedaquiline,mmpL5,p.Gly131Arg,missense_variant,G3,,3) Uncertain significance,protein_substitution,,primary,,excluded,,excluded_uncertain_g3_or_unmapped_grade,4,FAILED|PENDING,,STRUCTURAL:FAILED::;STRUCTURAL:FAILED::;STRUCTURAL:PENDING::;+1_more,,,excluded,,excluded_uncertain_g3_or_unmapped_grade,,,,
356,Bedaquiline,mmpL5,p.Gly138Asp,missense_variant,G3,,3) Uncertain significance,protein_substitution,,primary,,excluded,,excluded_uncertain_g3_or_unmapped_grade,2,FAILED|PENDING,ANALYSIS_FAILED,STRUCTURAL:FAILED:UNKNOWN:ANALYSIS_FAILED;STRUCTURAL:PENDING::,,,excluded,,excluded_uncertain_g3_or_unmapped_grade,,,,
357,Bedaquiline,mmpL5,p.Gly181Asp,missense_variant,G3,,3) Uncertain significance,protein_substitution,,primary,,excluded,,excluded_uncertain_g3_or_unmapped_grade,2,FAILED|PENDING,,STRUCTURAL:FAILED::;STRUCTURAL:PENDING::,,,excluded,,excluded_uncertain_g3_or_unmapped_grade,,,,
358,Bedaquiline,mmpL5,p.Gly246Ser,missense_variant,G3,,3) Uncertain significance,protein_substitution,,primary,,excluded,,excluded_uncertain_g3_or_unmapped_grade,2,FAILED|PENDING,,STRUCTURAL:FAILED::;STRUCTURAL:PENDING::,,,excluded,,excluded_uncertain_g3_or_unmapped_grade,,,,
359,Bedaquiline,mmpL5,p.Gly257Arg,missense_variant,G3,,3) Uncertain significance,protein_substitution,,primary,S,excluded,,excluded_uncertain_g3_or_unmapped_grade,4,LETHAL_SKIP|PENDING,EFFLUX_PUMP_COLLAPSE,STRUCTURAL:LETHAL_SKIP:SENSITIVE:EFFLUX_PUMP_COLLAPSE;STRUCTURAL:LETHAL_SKIP:SENSITIVE:EFFLUX_PUMP_COLLAPSE;STRUCTURAL:PENDING::;+1_more,,S,excluded,,excluded_uncertain_g3_or_unmapped_grade,,,,
360,Bedaquiline,mmpL5,p.Gly305Ser,missense_variant,G3,,3) Uncertain significance,protein_substitution,,primary,,excluded,,excluded_uncertain_g3_or_unmapped_grade,2,FAILED|PENDING,,STRUCTURAL:FAILED::;STRUCTURAL:PENDING::,,,excluded,,excluded_uncertain_g3_or_unmapped_grade,,,,
361,Bedaquiline,mmpL5,p.Gly336Ser,missense_variant,G3,,3) Uncertain significance,protein_substitution,,primary,S,excluded,,excluded_uncertain_g3_or_unmapped_grade,2,LOSS_OF_FUNCTION|PENDING,EFFLUX_PUMP_COLLAPSE,STRUCTURAL:LOSS_OF_FUNCTION:SENSITIVE:EFFLUX_PUMP_COLLAPSE;STRUCTURAL:PENDING::,,S,excluded,,excluded_uncertain_g3_or_unmapped_grade,,,,
362,Bedaquiline,mmpL5,p.Gly391Ser,missense_variant,G3,,3) Uncertain significance,protein_substitution,,primary,,excluded,,excluded_uncertain_g3_or_unmapped_grade,2,FAILED|PENDING,,STRUCTURAL:FAILED::;STRUCTURAL:PENDING::,,,excluded,,excluded_uncertain_g3_or_unmapped_grade,,,,
363,Bedaquiline,mmpL5,p.Gly396Cys,missense_variant,G3,,3) Uncertain significance,protein_substitution,,primary,,excluded,,excluded_uncertain_g3_or_unmapped_grade,2,FAILED|PENDING,,STRUCTURAL:FAILED::;STRUCTURAL:PENDING::,,,excluded,,excluded_uncertain_g3_or_unmapped_grade,,,,
364,Bedaquiline,mmpL5,p.Gly477Arg,missense_variant,G3,,3) Uncertain significance,protein_substitution,,primary,S,excluded,,excluded_uncertain_g3_or_unmapped_grade,4,LETHAL_SKIP|PENDING,EFFLUX_PUMP_COLLAPSE,STRUCTURAL:LETHAL_SKIP:SENSITIVE:EFFLUX_PUMP_COLLAPSE;STRUCTURAL:LETHAL_SKIP:SENSITIVE:EFFLUX_PUMP_COLLAPSE;STRUCTURAL:PENDING::;+1_more,,S,excluded,,excluded_uncertain_g3_or_unmapped_grade,,,,
365,Bedaquiline,mmpL5,p.Gly559Ala,missense_variant,G3,,3) Uncertain significance,protein_substitution,,primary,,excluded,,excluded_uncertain_g3_or_unmapped_grade,2,FAILED|PENDING,,STRUCTURAL:FAILED::;STRUCTURAL:PENDING::,,,excluded,,excluded_uncertain_g3_or_unmapped_grade,,,,
366,Bedaquiline,mmpL5,p.Gly609Arg,missense_variant,G3,,3) Uncertain significance,protein_substitution,,primary,S,excluded,,excluded_uncertain_g3_or_unmapped_grade,4,LETHAL_SKIP|PENDING,EFFLUX_PUMP_COLLAPSE,STRUCTURAL:LETHAL_SKIP:SENSITIVE:EFFLUX_PUMP_COLLAPSE;STRUCTURAL:LETHAL_SKIP:SENSITIVE:EFFLUX_PUMP_COLLAPSE;STRUCTURAL:PENDING::;+1_more,,S,excluded,,excluded_uncertain_g3_or_unmapped_grade,,,,
367,Bedaquiline,mmpL5,p.Gly661Arg,missense_variant,G3,,3) Uncertain significance,protein_substitution,,primary,,excluded,,excluded_uncertain_g3_or_unmapped_grade,4,FAILED|PENDING,ANALYSIS_FAILED,STRUCTURAL:FAILED:UNKNOWN:ANALYSIS_FAILED;STRUCTURAL:FAILED:UNKNOWN:ANALYSIS_FAILED;STRUCTURAL:PENDING::;+1_more,,,excluded,,excluded_uncertain_g3_or_unmapped_grade,,,,
368,Bedaquiline,mmpL5,p.Gly704Cys,missense_variant,G3,,3) Uncertain significance,protein_substitution,,primary,S,excluded,,excluded_uncertain_g3_or_unmapped_grade,2,LETHAL_SKIP|PENDING,EFFLUX_PUMP_COLLAPSE,STRUCTURAL:LETHAL_SKIP:SENSITIVE:EFFLUX_PUMP_COLLAPSE;STRUCTURAL:PENDING::,,S,excluded,,excluded_uncertain_g3_or_unmapped_grade,,,,
369,Bedaquiline,mmpL5,p.Gly748Asp,missense_variant,G3,,3) Uncertain significance,protein_substitution,,primary,,excluded,,excluded_uncertain_g3_or_unmapped_grade,2,FAILED|PENDING,ANALYSIS_FAILED,STRUCTURAL:FAILED:UNKNOWN:ANALYSIS_FAILED;STRUCTURAL:PENDING::,,,excluded,,excluded_uncertain_g3_or_unmapped_grade,,,,
370,Bedaquiline,mmpL5,p.Gly759Ser,missense_variant,G3,,3) Uncertain significance,protein_substitution,,primary,S,excluded,,excluded_uncertain_g3_or_unmapped_grade,2,LOSS_OF_FUNCTION|PENDING,EFFLUX_PUMP_COLLAPSE,STRUCTURAL:LOSS_OF_FUNCTION:SENSITIVE:EFFLUX_PUMP_COLLAPSE;STRUCTURAL:PENDING::,,S,excluded,,excluded_uncertain_g3_or_unmapped_grade,,,,
371,Bedaquiline,mmpL5,p.Gly79Ser,missense_variant,G3,,3) Uncertain significance,protein_substitution,,primary,,excluded,,excluded_uncertain_g3_or_unmapped_grade,2,FAILED|PENDING,ANALYSIS_FAILED,STRUCTURAL:FAILED:UNKNOWN:ANALYSIS_FAILED;STRUCTURAL:PENDING::,,,excluded,,excluded_uncertain_g3_or_unmapped_grade,,,,
372,Bedaquiline,mmpL5,p.Gly865Arg,missense_variant,G3,,3) Uncertain significance,protein_substitution,,primary,S,excluded,,excluded_uncertain_g3_or_unmapped_grade,4,LETHAL_SKIP|PENDING,EFFLUX_PUMP_COLLAPSE,STRUCTURAL:LETHAL_SKIP:SENSITIVE:EFFLUX_PUMP_COLLAPSE;STRUCTURAL:LETHAL_SKIP:SENSITIVE:EFFLUX_PUMP_COLLAPSE;STRUCTURAL:PENDING::;+1_more,,S,excluded,,excluded_uncertain_g3_or_unmapped_grade,,,,
373,Bedaquiline,mmpL5,p.Gly875Arg,missense_variant,G3,,3) Uncertain significance,protein_substitution,,primary,S,excluded,,excluded_uncertain_g3_or_unmapped_grade,2,LETHAL_SKIP|PENDING,EFFLUX_PUMP_COLLAPSE,STRUCTURAL:LETHAL_SKIP:SENSITIVE:EFFLUX_PUMP_COLLAPSE;STRUCTURAL:PENDING::,,S,excluded,,excluded_uncertain_g3_or_unmapped_grade,,,,
374,Bedaquiline,mmpL5,p.Gly876Asp,missense_variant,G3,,3) Uncertain significance,protein_substitution,,primary,S,excluded,,excluded_uncertain_g3_or_unmapped_grade,2,LETHAL_SKIP|PENDING,EFFLUX_PUMP_COLLAPSE,STRUCTURAL:LETHAL_SKIP:SENSITIVE:EFFLUX_PUMP_COLLAPSE;STRUCTURAL:PENDING::,,S,excluded,,excluded_uncertain_g3_or_unmapped_grade,,,,
375,Bedaquiline,mmpL5,p.His122Arg,missense_variant,G3,,3) Uncertain significance,protein_substitution,,primary,,excluded,,excluded_uncertain_g3_or_unmapped_grade,2,FAILED|PENDING,ANALYSIS_FAILED,STRUCTURAL:FAILED:UNKNOWN:ANALYSIS_FAILED;STRUCTURAL:PENDING::,,,excluded,,excluded_uncertain_g3_or_unmapped_grade,,,,
376,Bedaquiline,mmpL5,p.His437Arg,missense_variant,G3,,3) Uncertain significance,protein_substitution,,primary,S,excluded,,excluded_uncertain_g3_or_unmapped_grade,2,LOSS_OF_FUNCTION|PENDING,EFFLUX_PUMP_COLLAPSE,STRUCTURAL:LOSS_OF_FUNCTION:SENSITIVE:EFFLUX_PUMP_COLLAPSE;STRUCTURAL:PENDING::,,S,excluded,,excluded_uncertain_g3_or_unmapped_grade,,,,
377,Bedaquiline,mmpL5,p.His454Gln,missense_variant,G3,,3) Uncertain significance,protein_substitution,,primary,S,excluded,,excluded_uncertain_g3_or_unmapped_grade,4,LETHAL_SKIP|LOSS_OF_FUNCTION|PENDING,EFFLUX_PUMP_COLLAPSE,STRUCTURAL:LETHAL_SKIP:SENSITIVE:EFFLUX_PUMP_COLLAPSE;STRUCTURAL:LOSS_OF_FUNCTION:SENSITIVE:EFFLUX_PUMP_COLLAPSE;STRUCTURAL:PENDING::;+1_more,,S,excluded,,excluded_uncertain_g3_or_unmapped_grade,,,,
378,Bedaquiline,mmpL5,p.His494Tyr,missense_variant,G3,,3) Uncertain significance,protein_substitution,,primary,S,excluded,,excluded_uncertain_g3_or_unmapped_grade,2,LOSS_OF_FUNCTION|PENDING,EFFLUX_PUMP_COLLAPSE,STRUCTURAL:LOSS_OF_FUNCTION:SENSITIVE:EFFLUX_PUMP_COLLAPSE;STRUCTURAL:PENDING::,,S,excluded,,excluded_uncertain_g3_or_unmapped_grade,,,,
379,Bedaquiline,mmpL5,p.His540Arg,missense_variant,G3,,3) Uncertain significance,protein_substitution,,primary,,excluded,,excluded_uncertain_g3_or_unmapped_grade,2,FAILED|PENDING,,STRUCTURAL:FAILED::;STRUCTURAL:PENDING::,,,excluded,,excluded_uncertain_g3_or_unmapped_grade,,,,
380,Bedaquiline,mmpL5,p.His590Pro,missense_variant,G3,,3) Uncertain significance,protein_substitution,,primary,S,excluded,,excluded_uncertain_g3_or_unmapped_grade,2,LOSS_OF_FUNCTION|PENDING,EFFLUX_PUMP_COLLAPSE,STRUCTURAL:LOSS_OF_FUNCTION:SENSITIVE:EFFLUX_PUMP_COLLAPSE;STRUCTURAL:PENDING::,,S,excluded,,excluded_uncertain_g3_or_unmapped_grade,,,,
381,Bedaquiline,mmpL5,p.His656Tyr,missense_variant,G3,,3) Uncertain significance,protein_substitution,,primary,,excluded,,excluded_uncertain_g3_or_unmapped_grade,2,FAILED|PENDING,,STRUCTURAL:FAILED::;STRUCTURAL:PENDING::,,,excluded,,excluded_uncertain_g3_or_unmapped_grade,,,,
382,Bedaquiline,mmpL5,p.His77Asn,missense_variant,G3,,3) Uncertain significance,protein_substitution,,primary,,excluded,,excluded_uncertain_g3_or_unmapped_grade,2,FAILED|PENDING,,STRUCTURAL:FAILED::;STRUCTURAL:PENDING::,,,excluded,,excluded_uncertain_g3_or_unmapped_grade,,,,
383,Bedaquiline,mmpL5,p.His825fs,frameshift,G3,,3) Uncertain significance,frameshift,,primary,,excluded,,excluded_uncertain_g3_or_unmapped_grade,0,,,,,,excluded,,excluded_uncertain_g3_or_unmapped_grade,,,,
384,Bedaquiline,mmpL5,p.Ile113Thr,missense_variant,G3,,3) Uncertain significance,protein_substitution,,primary,S,excluded,,excluded_uncertain_g3_or_unmapped_grade,2,LOSS_OF_FUNCTION|PENDING,EFFLUX_PUMP_COLLAPSE,STRUCTURAL:LOSS_OF_FUNCTION:SENSITIVE:EFFLUX_PUMP_COLLAPSE;STRUCTURAL:PENDING::,,S,excluded,,excluded_uncertain_g3_or_unmapped_grade,,,,
385,Bedaquiline,mmpL5,p.Ile215Val,missense_variant,G3,,3) Uncertain significance,protein_substitution,,primary,,excluded,,excluded_uncertain_g3_or_unmapped_grade,2,FAILED|PENDING,ANALYSIS_FAILED,STRUCTURAL:FAILED:UNKNOWN:ANALYSIS_FAILED;STRUCTURAL:PENDING::,,,excluded,,excluded_uncertain_g3_or_unmapped_grade,,,,
386,Bedaquiline,mmpL5,p.Ile282Leu,missense_variant,G3,,3) Uncertain significance,protein_substitution,,primary,,excluded,,excluded_uncertain_g3_or_unmapped_grade,2,FAILED|PENDING,,STRUCTURAL:FAILED::;STRUCTURAL:PENDING::,,,excluded,,excluded_uncertain_g3_or_unmapped_grade,,,,
387,Bedaquiline,mmpL5,p.Ile484Thr,missense_variant,G3,,3) Uncertain significance,protein_substitution,,primary,S,excluded,,excluded_uncertain_g3_or_unmapped_grade,2,LOSS_OF_FUNCTION|PENDING,EFFLUX_PUMP_COLLAPSE,STRUCTURAL:LOSS_OF_FUNCTION:SENSITIVE:EFFLUX_PUMP_COLLAPSE;STRUCTURAL:PENDING::,,S,excluded,,excluded_uncertain_g3_or_unmapped_grade,,,,
388,Bedaquiline,mmpL5,p.Ile529Met,missense_variant,G3,,3) Uncertain significance,protein_substitution,,primary,,excluded,,excluded_uncertain_g3_or_unmapped_grade,2,FAILED|PENDING,,STRUCTURAL:FAILED::;STRUCTURAL:PENDING::,,,excluded,,excluded_uncertain_g3_or_unmapped_grade,,,,
389,Bedaquiline,mmpL5,p.Ile555_Gly559del,inframe_deletion,G3,,3) Uncertain significance,indel,,primary,,excluded,,excluded_uncertain_g3_or_unmapped_grade,0,,,,,,excluded,,excluded_uncertain_g3_or_unmapped_grade,,,,
390,Bedaquiline,mmpL5,p.Ile59Thr,missense_variant,G3,,3) Uncertain significance,protein_substitution,,primary,,excluded,,excluded_uncertain_g3_or_unmapped_grade,2,FAILED|PENDING,,STRUCTURAL:FAILED::;STRUCTURAL:PENDING::,,,excluded,,excluded_uncertain_g3_or_unmapped_grade,,,,
391,Bedaquiline,mmpL5,p.Ile732Val,missense_variant,G3,,3) Uncertain significance,protein_substitution,,primary,,excluded,,excluded_uncertain_g3_or_unmapped_grade,2,FAILED|PENDING,,STRUCTURAL:FAILED::;STRUCTURAL:PENDING::,,,excluded,,excluded_uncertain_g3_or_unmapped_grade,,,,
392,Bedaquiline,mmpL5,p.Ile735fs,frameshift,G3,,3) Uncertain significance,frameshift,,primary,,excluded,,excluded_uncertain_g3_or_unmapped_grade,0,,,,,,excluded,,excluded_uncertain_g3_or_unmapped_grade,,,,
393,Bedaquiline,mmpL5,p.Ile787Met,missense_variant,G3,,3) Uncertain significance,protein_substitution,,primary,,excluded,,excluded_uncertain_g3_or_unmapped_grade,2,FAILED|PENDING,,STRUCTURAL:FAILED::;STRUCTURAL:PENDING::,,,excluded,,excluded_uncertain_g3_or_unmapped_grade,,,,
394,Bedaquiline,mmpL5,p.Ile829Val,missense_variant,G3,,3) Uncertain significance,protein_substitution,,primary,,excluded,,excluded_uncertain_g3_or_unmapped_grade,2,FAILED|PENDING,,STRUCTURAL:FAILED::;STRUCTURAL:PENDING::,,,excluded,,excluded_uncertain_g3_or_unmapped_grade,,,,
395,Bedaquiline,mmpL5,p.Ile841Val,missense_variant,G3,,3) Uncertain significance,protein_substitution,,primary,,excluded,,excluded_uncertain_g3_or_unmapped_grade,2,FAILED|PENDING,ANALYSIS_FAILED,STRUCTURAL:FAILED:UNKNOWN:ANALYSIS_FAILED;STRUCTURAL:PENDING::,,,excluded,,excluded_uncertain_g3_or_unmapped_grade,,,,
396,Bedaquiline,mmpL5,p.Ile910Val,missense_variant,G3,,3) Uncertain significance,protein_substitution,,primary,,excluded,,excluded_uncertain_g3_or_unmapped_grade,2,FAILED|PENDING,ANALYSIS_FAILED,STRUCTURAL:FAILED:UNKNOWN:ANALYSIS_FAILED;STRUCTURAL:PENDING::,,,excluded,,excluded_uncertain_g3_or_unmapped_grade,,,,
397,Bedaquiline,mmpL5,p.Ile948Ala,missense_variant,G3,,3) Uncertain significance,protein_substitution,,primary,,excluded,,excluded_uncertain_g3_or_unmapped_grade,0,,,,,,excluded,,excluded_uncertain_g3_or_unmapped_grade,,,,
398,Bedaquiline,mmpL5,p.Ile948Val,missense_variant,G4,S,4) Not assoc w R - Interim,protein_substitution,true,primary,S,matched_final,true,,2,COMPLETED|PENDING,EFFLUX_PUMP_COLLAPSE,STRUCTURAL:COMPLETED:SENSITIVE:EFFLUX_PUMP_COLLAPSE;STRUCTURAL:PENDING::,true,S,matched_final,true,,direct_record_match,,,
399,Bedaquiline,mmpL5,p.Leu116Val,missense_variant,G3,,3) Uncertain significance,protein_substitution,,primary,S,excluded,,excluded_uncertain_g3_or_unmapped_grade,2,LOSS_OF_FUNCTION|PENDING,EFFLUX_PUMP_COLLAPSE,STRUCTURAL:LOSS_OF_FUNCTION:SENSITIVE:EFFLUX_PUMP_COLLAPSE;STRUCTURAL:PENDING::,,S,excluded,,excluded_uncertain_g3_or_unmapped_grade,,,,
400,Bedaquiline,mmpL5,p.Leu219Phe,missense_variant,G3,,3) Uncertain significance,protein_substitution,,primary,S,excluded,,excluded_uncertain_g3_or_unmapped_grade,4,LOSS_OF_FUNCTION|PENDING,EFFLUX_PUMP_COLLAPSE,STRUCTURAL:LOSS_OF_FUNCTION:SENSITIVE:EFFLUX_PUMP_COLLAPSE;STRUCTURAL:LOSS_OF_FUNCTION:SENSITIVE:EFFLUX_PUMP_COLLAPSE;STRUCTURAL:PENDING::;+1_more,,S,excluded,,excluded_uncertain_g3_or_unmapped_grade,,,,
401,Bedaquiline,mmpL5,p.Leu329Arg,missense_variant,G3,,3) Uncertain significance,protein_substitution,,primary,S,excluded,,excluded_uncertain_g3_or_unmapped_grade,2,LETHAL_SKIP|PENDING,EFFLUX_PUMP_COLLAPSE,STRUCTURAL:LETHAL_SKIP:SENSITIVE:EFFLUX_PUMP_COLLAPSE;STRUCTURAL:PENDING::,,S,excluded,,excluded_uncertain_g3_or_unmapped_grade,,,,
402,Bedaquiline,mmpL5,p.Leu335Val,missense_variant,G3,,3) Uncertain significance,protein_substitution,,primary,S,excluded,,excluded_uncertain_g3_or_unmapped_grade,2,LOSS_OF_FUNCTION|PENDING,EFFLUX_PUMP_COLLAPSE,STRUCTURAL:LOSS_OF_FUNCTION:SENSITIVE:EFFLUX_PUMP_COLLAPSE;STRUCTURAL:PENDING::,,S,excluded,,excluded_uncertain_g3_or_unmapped_grade,,,,
403,Bedaquiline,mmpL5,p.Leu523Pro,missense_variant,G3,,3) Uncertain significance,protein_substitution,,primary,S,excluded,,excluded_uncertain_g3_or_unmapped_grade,2,LETHAL_SKIP|PENDING,EFFLUX_PUMP_COLLAPSE,STRUCTURAL:LETHAL_SKIP:SENSITIVE:EFFLUX_PUMP_COLLAPSE;STRUCTURAL:PENDING::,,S,excluded,,excluded_uncertain_g3_or_unmapped_grade,,,,
404,Bedaquiline,mmpL5,p.Leu600Arg,missense_variant,G3,,3) Uncertain significance,protein_substitution,,primary,S,excluded,,excluded_uncertain_g3_or_unmapped_grade,2,LETHAL_SKIP|PENDING,EFFLUX_PUMP_COLLAPSE,STRUCTURAL:LETHAL_SKIP:SENSITIVE:EFFLUX_PUMP_COLLAPSE;STRUCTURAL:PENDING::,,S,excluded,,excluded_uncertain_g3_or_unmapped_grade,,,,
405,Bedaquiline,mmpL5,p.Leu630fs,frameshift,G3,,3) Uncertain significance,frameshift,,primary,,excluded,,excluded_uncertain_g3_or_unmapped_grade,0,,,,,,excluded,,excluded_uncertain_g3_or_unmapped_grade,,,,
406,Bedaquiline,mmpL5,p.Leu653Met,missense_variant,G3,,3) Uncertain significance,protein_substitution,,primary,,excluded,,excluded_uncertain_g3_or_unmapped_grade,2,FAILED|PENDING,,STRUCTURAL:FAILED::;STRUCTURAL:PENDING::,,,excluded,,excluded_uncertain_g3_or_unmapped_grade,,,,
407,Bedaquiline,mmpL5,p.Leu691Arg,missense_variant,G3,,3) Uncertain significance,protein_substitution,,primary,S,excluded,,excluded_uncertain_g3_or_unmapped_grade,2,LETHAL_SKIP|PENDING,EFFLUX_PUMP_COLLAPSE,STRUCTURAL:LETHAL_SKIP:SENSITIVE:EFFLUX_PUMP_COLLAPSE;STRUCTURAL:PENDING::,,S,excluded,,excluded_uncertain_g3_or_unmapped_grade,,,,
408,Bedaquiline,mmpL5,p.Leu709Ile,missense_variant,G3,,3) Uncertain significance,protein_substitution,,primary,,excluded,,excluded_uncertain_g3_or_unmapped_grade,2,FAILED|PENDING,,STRUCTURAL:FAILED::;STRUCTURAL:PENDING::,,,excluded,,excluded_uncertain_g3_or_unmapped_grade,,,,
409,Bedaquiline,mmpL5,p.Leu751Phe,missense_variant,G3,,3) Uncertain significance,protein_substitution,,primary,,excluded,,excluded_uncertain_g3_or_unmapped_grade,4,FAILED|PENDING,,STRUCTURAL:FAILED::;STRUCTURAL:FAILED::;STRUCTURAL:PENDING::;+1_more,,,excluded,,excluded_uncertain_g3_or_unmapped_grade,,,,
410,Bedaquiline,mmpL5,p.Leu810Phe,missense_variant,G3,,3) Uncertain significance,protein_substitution,,primary,,excluded,,excluded_uncertain_g3_or_unmapped_grade,4,FAILED|PENDING,,STRUCTURAL:FAILED::;STRUCTURAL:FAILED::;STRUCTURAL:PENDING::;+1_more,,,excluded,,excluded_uncertain_g3_or_unmapped_grade,,,,
411,Bedaquiline,mmpL5,p.Leu818Met,missense_variant,G3,,3) Uncertain significance,protein_substitution,,primary,,excluded,,excluded_uncertain_g3_or_unmapped_grade,2,FAILED|PENDING,,STRUCTURAL:FAILED::;STRUCTURAL:PENDING::,,,excluded,,excluded_uncertain_g3_or_unmapped_grade,,,,
412,Bedaquiline,mmpL5,p.Leu836Phe,missense_variant,G3,,3) Uncertain significance,protein_substitution,,primary,,excluded,,excluded_uncertain_g3_or_unmapped_grade,4,FAILED|PENDING,,STRUCTURAL:FAILED::;STRUCTURAL:FAILED::;STRUCTURAL:PENDING::;+1_more,,,excluded,,excluded_uncertain_g3_or_unmapped_grade,,,,
413,Bedaquiline,mmpL5,p.Leu95Arg,missense_variant,G3,,3) Uncertain significance,protein_substitution,,primary,S,excluded,,excluded_uncertain_g3_or_unmapped_grade,2,LETHAL_SKIP|PENDING,EFFLUX_PUMP_COLLAPSE,STRUCTURAL:LETHAL_SKIP:SENSITIVE:EFFLUX_PUMP_COLLAPSE;STRUCTURAL:PENDING::,,S,excluded,,excluded_uncertain_g3_or_unmapped_grade,,,,
414,Bedaquiline,mmpL5,p.Lys467Arg,missense_variant,G3,,3) Uncertain significance,protein_substitution,,primary,,excluded,,excluded_uncertain_g3_or_unmapped_grade,2,FAILED|PENDING,,STRUCTURAL:FAILED::;STRUCTURAL:PENDING::,,,excluded,,excluded_uncertain_g3_or_unmapped_grade,,,,
415,Bedaquiline,mmpL5,p.Lys467fs,frameshift,G3,,3) Uncertain significance,frameshift,,primary,,excluded,,excluded_uncertain_g3_or_unmapped_grade,0,,,,,,excluded,,excluded_uncertain_g3_or_unmapped_grade,,,,
416,Bedaquiline,mmpL5,p.Lys589fs,frameshift,G3,,3) Uncertain significance,frameshift,,primary,,excluded,,excluded_uncertain_g3_or_unmapped_grade,0,,,,,,excluded,,excluded_uncertain_g3_or_unmapped_grade,,,,
417,Bedaquiline,mmpL5,p.Lys646Gln,missense_variant,G3,,3) Uncertain significance,protein_substitution,,primary,,excluded,,excluded_uncertain_g3_or_unmapped_grade,2,FAILED|PENDING,,STRUCTURAL:FAILED::;STRUCTURAL:PENDING::,,,excluded,,excluded_uncertain_g3_or_unmapped_grade,,,,
418,Bedaquiline,mmpL5,p.Lys649Thr,missense_variant,G3,,3) Uncertain significance,protein_substitution,,primary,,excluded,,excluded_uncertain_g3_or_unmapped_grade,2,FAILED|PENDING,,STRUCTURAL:FAILED::;STRUCTURAL:PENDING::,,,excluded,,excluded_uncertain_g3_or_unmapped_grade,,,,
419,Bedaquiline,mmpL5,p.Lys766_Asp770delinsAsn,inframe_deletion,G3,,3) Uncertain significance,indel,,primary,,excluded,,excluded_uncertain_g3_or_unmapped_grade,0,,,,,,excluded,,excluded_uncertain_g3_or_unmapped_grade,,,,
420,Bedaquiline,mmpL5,p.Lys80Gln,missense_variant,G3,,3) Uncertain significance,protein_substitution,,primary,,excluded,,excluded_uncertain_g3_or_unmapped_grade,2,FAILED|PENDING,,STRUCTURAL:FAILED::;STRUCTURAL:PENDING::,,,excluded,,excluded_uncertain_g3_or_unmapped_grade,,,,
421,Bedaquiline,mmpL5,p.Met218Val,missense_variant,G3,,3) Uncertain significance,protein_substitution,,primary,,excluded,,excluded_uncertain_g3_or_unmapped_grade,2,FAILED|PENDING,ANALYSIS_FAILED,STRUCTURAL:FAILED:UNKNOWN:ANALYSIS_FAILED;STRUCTURAL:PENDING::,,,excluded,,excluded_uncertain_g3_or_unmapped_grade,,,,
422,Bedaquiline,mmpL5,p.Met443Thr,missense_variant,G3,,3) Uncertain significance,protein_substitution,,primary,S,excluded,,excluded_uncertain_g3_or_unmapped_grade,2,LOSS_OF_FUNCTION|PENDING,EFFLUX_PUMP_COLLAPSE,STRUCTURAL:LOSS_OF_FUNCTION:SENSITIVE:EFFLUX_PUMP_COLLAPSE;STRUCTURAL:PENDING::,,S,excluded,,excluded_uncertain_g3_or_unmapped_grade,,,,
423,Bedaquiline,mmpL5,p.Met503Arg,missense_variant,G3,,3) Uncertain significance,protein_substitution,,primary,,excluded,,excluded_uncertain_g3_or_unmapped_grade,2,FAILED|PENDING,,STRUCTURAL:FAILED::;STRUCTURAL:PENDING::,,,excluded,,excluded_uncertain_g3_or_unmapped_grade,,,,
424,Bedaquiline,mmpL5,p.Met503Ile,missense_variant,G3,,3) Uncertain significance,protein_substitution,,primary,,excluded,,excluded_uncertain_g3_or_unmapped_grade,6,FAILED|PENDING,ANALYSIS_FAILED,STRUCTURAL:FAILED:UNKNOWN:ANALYSIS_FAILED;STRUCTURAL:FAILED::;STRUCTURAL:FAILED::;+3_more,,,excluded,,excluded_uncertain_g3_or_unmapped_grade,,,,
425,Bedaquiline,mmpL5,p.Met560Leu,missense_variant,G3,,3) Uncertain significance,protein_substitution,,primary,,excluded,,excluded_uncertain_g3_or_unmapped_grade,4,FAILED|PENDING,,STRUCTURAL:FAILED::;STRUCTURAL:FAILED::;STRUCTURAL:PENDING::;+1_more,,,excluded,,excluded_uncertain_g3_or_unmapped_grade,,,,
426,Bedaquiline,mmpL5,p.Met560Thr,missense_variant,G3,,3) Uncertain significance,protein_substitution,,primary,,excluded,,excluded_uncertain_g3_or_unmapped_grade,2,FAILED|PENDING,,STRUCTURAL:FAILED::;STRUCTURAL:PENDING::,,,excluded,,excluded_uncertain_g3_or_unmapped_grade,,,,
427,Bedaquiline,mmpL5,p.Met638_Met641del,inframe_deletion,G3,,3) Uncertain significance,indel,,primary,,excluded,,excluded_uncertain_g3_or_unmapped_grade,0,,,,,,excluded,,excluded_uncertain_g3_or_unmapped_grade,,,,
428,Bedaquiline,mmpL5,p.Met638Leu,missense_variant,G3,,3) Uncertain significance,protein_substitution,,primary,,excluded,,excluded_uncertain_g3_or_unmapped_grade,4,FAILED|PENDING,,STRUCTURAL:FAILED::;STRUCTURAL:FAILED::;STRUCTURAL:PENDING::;+1_more,,,excluded,,excluded_uncertain_g3_or_unmapped_grade,,,,
429,Bedaquiline,mmpL5,p.Met645Ile,missense_variant,G3,,3) Uncertain significance,protein_substitution,,primary,,excluded,,excluded_uncertain_g3_or_unmapped_grade,6,FAILED|PENDING,ANALYSIS_FAILED,STRUCTURAL:FAILED:UNKNOWN:ANALYSIS_FAILED;STRUCTURAL:FAILED:UNKNOWN:ANALYSIS_FAILED;STRUCTURAL:FAILED::;+3_more,,,excluded,,excluded_uncertain_g3_or_unmapped_grade,,,,
430,Bedaquiline,mmpL5,p.Met655Thr,missense_variant,G3,,3) Uncertain significance,protein_substitution,,primary,,excluded,,excluded_uncertain_g3_or_unmapped_grade,2,FAILED|PENDING,ANALYSIS_FAILED,STRUCTURAL:FAILED:UNKNOWN:ANALYSIS_FAILED;STRUCTURAL:PENDING::,,,excluded,,excluded_uncertain_g3_or_unmapped_grade,,,,
431,Bedaquiline,mmpL5,p.Met666Ile,missense_variant,G3,,3) Uncertain significance,protein_substitution,,primary,,excluded,,excluded_uncertain_g3_or_unmapped_grade,6,FAILED|PENDING,ANALYSIS_FAILED,STRUCTURAL:FAILED:UNKNOWN:ANALYSIS_FAILED;STRUCTURAL:FAILED::;STRUCTURAL:FAILED::;+3_more,,,excluded,,excluded_uncertain_g3_or_unmapped_grade,,,,
432,Bedaquiline,mmpL5,p.Met676Val,missense_variant,G3,,3) Uncertain significance,protein_substitution,,primary,,excluded,,excluded_uncertain_g3_or_unmapped_grade,2,FAILED|PENDING,ANALYSIS_FAILED,STRUCTURAL:FAILED:UNKNOWN:ANALYSIS_FAILED;STRUCTURAL:PENDING::,,,excluded,,excluded_uncertain_g3_or_unmapped_grade,,,,
433,Bedaquiline,mmpL5,p.Met72Thr,missense_variant,G3,,3) Uncertain significance,protein_substitution,,primary,,excluded,,excluded_uncertain_g3_or_unmapped_grade,2,FAILED|PENDING,,STRUCTURAL:FAILED::;STRUCTURAL:PENDING::,,,excluded,,excluded_uncertain_g3_or_unmapped_grade,,,,
434,Bedaquiline,mmpL5,p.Met892Ile,missense_variant,G3,,3) Uncertain significance,protein_substitution,,primary,S,excluded,,excluded_uncertain_g3_or_unmapped_grade,6,LETHAL_SKIP|LOSS_OF_FUNCTION|PENDING,EFFLUX_PUMP_COLLAPSE,STRUCTURAL:LETHAL_SKIP:SENSITIVE:EFFLUX_PUMP_COLLAPSE;STRUCTURAL:LOSS_OF_FUNCTION:SENSITIVE:EFFLUX_PUMP_COLLAPSE;STRUCTURAL:LETHAL_SKIP:SENSITIVE:EFFLUX_PUMP_COLLAPSE;+3_more,,S,excluded,,excluded_uncertain_g3_or_unmapped_grade,,,,
435,Bedaquiline,mmpL5,p.Met892Thr,missense_variant,G3,,3) Uncertain significance,protein_substitution,,primary,,excluded,,excluded_uncertain_g3_or_unmapped_grade,2,FAILED|PENDING,,STRUCTURAL:FAILED::;STRUCTURAL:PENDING::,,,excluded,,excluded_uncertain_g3_or_unmapped_grade,,,,
436,Bedaquiline,mmpL5,p.Met892Val,missense_variant,G3,,3) Uncertain significance,protein_substitution,,primary,S,excluded,,excluded_uncertain_g3_or_unmapped_grade,2,LOSS_OF_FUNCTION|PENDING,EFFLUX_PUMP_COLLAPSE,STRUCTURAL:LOSS_OF_FUNCTION:SENSITIVE:EFFLUX_PUMP_COLLAPSE;STRUCTURAL:PENDING::,,S,excluded,,excluded_uncertain_g3_or_unmapped_grade,,,,
437,Bedaquiline,mmpL5,p.Met903Ile,missense_variant,G3,,3) Uncertain significance,protein_substitution,,primary,,excluded,,excluded_uncertain_g3_or_unmapped_grade,6,FAILED|PENDING,,STRUCTURAL:FAILED::;STRUCTURAL:FAILED::;STRUCTURAL:FAILED::;+3_more,,,excluded,,excluded_uncertain_g3_or_unmapped_grade,,,,
438,Bedaquiline,mmpL5,p.Met912Thr,missense_variant,G3,,3) Uncertain significance,protein_substitution,,primary,,excluded,,excluded_uncertain_g3_or_unmapped_grade,2,FAILED|PENDING,,STRUCTURAL:FAILED::;STRUCTURAL:PENDING::,,,excluded,,excluded_uncertain_g3_or_unmapped_grade,,,,
439,Bedaquiline,mmpL5,p.Phe129Ser,missense_variant,G3,,3) Uncertain significance,protein_substitution,,primary,S,excluded,,excluded_uncertain_g3_or_unmapped_grade,2,LOSS_OF_FUNCTION|PENDING,EFFLUX_PUMP_COLLAPSE,STRUCTURAL:LOSS_OF_FUNCTION:SENSITIVE:EFFLUX_PUMP_COLLAPSE;STRUCTURAL:PENDING::,,S,excluded,,excluded_uncertain_g3_or_unmapped_grade,,,,
440,Bedaquiline,mmpL5,p.Phe696Leu,missense_variant,G3,,3) Uncertain significance,protein_substitution,,primary,S,excluded,,excluded_uncertain_g3_or_unmapped_grade,6,FAILED|LETHAL_SKIP|PENDING,ANALYSIS_FAILED|EFFLUX_PUMP_COLLAPSE,STRUCTURAL:FAILED:UNKNOWN:ANALYSIS_FAILED;STRUCTURAL:LETHAL_SKIP:SENSITIVE:EFFLUX_PUMP_COLLAPSE;STRUCTURAL:FAILED::;+3_more,,S,excluded,,excluded_uncertain_g3_or_unmapped_grade,,,,
441,Bedaquiline,mmpL5,p.Phe816Leu,missense_variant,G3,,3) Uncertain significance,protein_substitution,,primary,S,excluded,,excluded_uncertain_g3_or_unmapped_grade,6,FAILED|LETHAL_SKIP|LOSS_OF_FUNCTION|PENDING,ANALYSIS_FAILED|EFFLUX_PUMP_COLLAPSE,STRUCTURAL:FAILED:UNKNOWN:ANALYSIS_FAILED;STRUCTURAL:LETHAL_SKIP:SENSITIVE:EFFLUX_PUMP_COLLAPSE;STRUCTURAL:LOSS_OF_FUNCTION:SENSITIVE:EFFLUX_PUMP_COLLAPSE;+3_more,,S,excluded,,excluded_uncertain_g3_or_unmapped_grade,,,,
442,Bedaquiline,mmpL5,p.Phe82fs,frameshift,G3,,3) Uncertain significance,frameshift,,primary,,excluded,,excluded_uncertain_g3_or_unmapped_grade,0,,,,,,excluded,,excluded_uncertain_g3_or_unmapped_grade,,,,
443,Bedaquiline,mmpL5,p.Phe82Leu,missense_variant,G3,,3) Uncertain significance,protein_substitution,,primary,S,excluded,,excluded_uncertain_g3_or_unmapped_grade,6,LETHAL_SKIP|PENDING,EFFLUX_PUMP_COLLAPSE,STRUCTURAL:LETHAL_SKIP:SENSITIVE:EFFLUX_PUMP_COLLAPSE;STRUCTURAL:LETHAL_SKIP:SENSITIVE:EFFLUX_PUMP_COLLAPSE;STRUCTURAL:LETHAL_SKIP:SENSITIVE:EFFLUX_PUMP_COLLAPSE;+3_more,,S,excluded,,excluded_uncertain_g3_or_unmapped_grade,,,,
444,Bedaquiline,mmpL5,p.Phe890Ser,missense_variant,G3,,3) Uncertain significance,protein_substitution,,primary,S,excluded,,excluded_uncertain_g3_or_unmapped_grade,2,LETHAL_SKIP|PENDING,EFFLUX_PUMP_COLLAPSE,STRUCTURAL:LETHAL_SKIP:SENSITIVE:EFFLUX_PUMP_COLLAPSE;STRUCTURAL:PENDING::,,S,excluded,,excluded_uncertain_g3_or_unmapped_grade,,,,
445,Bedaquiline,mmpL5,p.Phe916Ser,missense_variant,G3,,3) Uncertain significance,protein_substitution,,primary,S,excluded,,excluded_uncertain_g3_or_unmapped_grade,2,LETHAL_SKIP|PENDING,EFFLUX_PUMP_COLLAPSE,STRUCTURAL:LETHAL_SKIP:SENSITIVE:EFFLUX_PUMP_COLLAPSE;STRUCTURAL:PENDING::,,S,excluded,,excluded_uncertain_g3_or_unmapped_grade,,,,
446,Bedaquiline,mmpL5,p.Pro179Thr,missense_variant,G3,,3) Uncertain significance,protein_substitution,,primary,,excluded,,excluded_uncertain_g3_or_unmapped_grade,2,FAILED|PENDING,,STRUCTURAL:FAILED::;STRUCTURAL:PENDING::,,,excluded,,excluded_uncertain_g3_or_unmapped_grade,,,,
447,Bedaquiline,mmpL5,p.Pro180Leu,missense_variant,G3,,3) Uncertain significance,protein_substitution,,primary,,excluded,,excluded_uncertain_g3_or_unmapped_grade,2,FAILED|PENDING,ANALYSIS_FAILED,STRUCTURAL:FAILED:UNKNOWN:ANALYSIS_FAILED;STRUCTURAL:PENDING::,,,excluded,,excluded_uncertain_g3_or_unmapped_grade,,,,
448,Bedaquiline,mmpL5,p.Pro390fs,frameshift,G3,,3) Uncertain significance,frameshift,,primary,,excluded,,excluded_uncertain_g3_or_unmapped_grade,0,,,,,,excluded,,excluded_uncertain_g3_or_unmapped_grade,,,,
449,Bedaquiline,mmpL5,p.Pro390Ser,missense_variant,G3,,3) Uncertain significance,protein_substitution,,primary,S,excluded,,excluded_uncertain_g3_or_unmapped_grade,2,LETHAL_SKIP|PENDING,EFFLUX_PUMP_COLLAPSE,STRUCTURAL:LETHAL_SKIP:SENSITIVE:EFFLUX_PUMP_COLLAPSE;STRUCTURAL:PENDING::,,S,excluded,,excluded_uncertain_g3_or_unmapped_grade,,,,
450,Bedaquiline,mmpL5,p.Pro445Leu,missense_variant,G3,,3) Uncertain significance,protein_substitution,,primary,S,excluded,,excluded_uncertain_g3_or_unmapped_grade,2,LETHAL_SKIP|PENDING,EFFLUX_PUMP_COLLAPSE,STRUCTURAL:LETHAL_SKIP:SENSITIVE:EFFLUX_PUMP_COLLAPSE;STRUCTURAL:PENDING::,,S,excluded,,excluded_uncertain_g3_or_unmapped_grade,,,,
451,Bedaquiline,mmpL5,p.Pro498fs,frameshift,G3,,3) Uncertain significance,frameshift,,primary,,excluded,,excluded_uncertain_g3_or_unmapped_grade,0,,,,,,excluded,,excluded_uncertain_g3_or_unmapped_grade,,,,
452,Bedaquiline,mmpL5,p.Pro927Arg,missense_variant,G3,,3) Uncertain significance,protein_substitution,,primary,S,excluded,,excluded_uncertain_g3_or_unmapped_grade,2,LETHAL_SKIP|PENDING,EFFLUX_PUMP_COLLAPSE,STRUCTURAL:LETHAL_SKIP:SENSITIVE:EFFLUX_PUMP_COLLAPSE;STRUCTURAL:PENDING::,,S,excluded,,excluded_uncertain_g3_or_unmapped_grade,,,,
453,Bedaquiline,mmpL5,p.Pro947Ser,missense_variant,G3,,3) Uncertain significance,protein_substitution,,primary,S,excluded,,excluded_uncertain_g3_or_unmapped_grade,2,LOSS_OF_FUNCTION|PENDING,EFFLUX_PUMP_COLLAPSE,STRUCTURAL:LOSS_OF_FUNCTION:SENSITIVE:EFFLUX_PUMP_COLLAPSE;STRUCTURAL:PENDING::,,S,excluded,,excluded_uncertain_g3_or_unmapped_grade,,,,
454,Bedaquiline,mmpL5,p.Pro953Ser,missense_variant,G3,,3) Uncertain significance,protein_substitution,,primary,,excluded,,excluded_uncertain_g3_or_unmapped_grade,2,FAILED|PENDING,,STRUCTURAL:FAILED::;STRUCTURAL:PENDING::,,,excluded,,excluded_uncertain_g3_or_unmapped_grade,,,,
455,Bedaquiline,mmpL5,p.Ser125Cys,missense_variant,G3,,3) Uncertain significance,protein_substitution,,primary,S,excluded,,excluded_uncertain_g3_or_unmapped_grade,2,LETHAL_SKIP|PENDING,EFFLUX_PUMP_COLLAPSE,STRUCTURAL:LETHAL_SKIP:SENSITIVE:EFFLUX_PUMP_COLLAPSE;STRUCTURAL:PENDING::,,S,excluded,,excluded_uncertain_g3_or_unmapped_grade,,,,
456,Bedaquiline,mmpL5,p.Ser439Ala,missense_variant,G3,,3) Uncertain significance,protein_substitution,,primary,,excluded,,excluded_uncertain_g3_or_unmapped_grade,2,FAILED|PENDING,,STRUCTURAL:FAILED::;STRUCTURAL:PENDING::,,,excluded,,excluded_uncertain_g3_or_unmapped_grade,,,,
457,Bedaquiline,mmpL5,p.Ser439Pro,missense_variant,G3,,3) Uncertain significance,protein_substitution,,primary,,excluded,,excluded_uncertain_g3_or_unmapped_grade,2,FAILED|PENDING,,STRUCTURAL:FAILED::;STRUCTURAL:PENDING::,,,excluded,,excluded_uncertain_g3_or_unmapped_grade,,,,
458,Bedaquiline,mmpL5,p.Ser452Asn,missense_variant,G3,,3) Uncertain significance,protein_substitution,,primary,,excluded,,excluded_uncertain_g3_or_unmapped_grade,2,FAILED|PENDING,ANALYSIS_FAILED,STRUCTURAL:FAILED:UNKNOWN:ANALYSIS_FAILED;STRUCTURAL:PENDING::,,,excluded,,excluded_uncertain_g3_or_unmapped_grade,,,,
459,Bedaquiline,mmpL5,p.Ser479fs,frameshift,G3,,3) Uncertain significance,frameshift,,primary,,excluded,,excluded_uncertain_g3_or_unmapped_grade,0,,,,,,excluded,,excluded_uncertain_g3_or_unmapped_grade,,,,
460,Bedaquiline,mmpL5,p.Ser507Asn,missense_variant,G3,,3) Uncertain significance,protein_substitution,,primary,,excluded,,excluded_uncertain_g3_or_unmapped_grade,2,FAILED|PENDING,,STRUCTURAL:FAILED::;STRUCTURAL:PENDING::,,,excluded,,excluded_uncertain_g3_or_unmapped_grade,,,,
461,Bedaquiline,mmpL5,p.Ser541Arg,missense_variant,G3,,3) Uncertain significance,protein_substitution,,primary,,excluded,,excluded_uncertain_g3_or_unmapped_grade,6,FAILED|PENDING,,STRUCTURAL:FAILED::;STRUCTURAL:FAILED::;STRUCTURAL:FAILED::;+3_more,,,excluded,,excluded_uncertain_g3_or_unmapped_grade,,,,
462,Bedaquiline,mmpL5,p.Ser583Asn,missense_variant,G3,,3) Uncertain significance,protein_substitution,,primary,,excluded,,excluded_uncertain_g3_or_unmapped_grade,2,FAILED|PENDING,,STRUCTURAL:FAILED::;STRUCTURAL:PENDING::,,,excluded,,excluded_uncertain_g3_or_unmapped_grade,,,,
463,Bedaquiline,mmpL5,p.Ser599Leu,missense_variant,G3,,3) Uncertain significance,protein_substitution,,primary,S,excluded,,excluded_uncertain_g3_or_unmapped_grade,2,LOSS_OF_FUNCTION|PENDING,EFFLUX_PUMP_COLLAPSE,STRUCTURAL:LOSS_OF_FUNCTION:SENSITIVE:EFFLUX_PUMP_COLLAPSE;STRUCTURAL:PENDING::,,S,excluded,,excluded_uncertain_g3_or_unmapped_grade,,,,
464,Bedaquiline,mmpL5,p.Ser654Thr,missense_variant,G3,,3) Uncertain significance,protein_substitution,,primary,,excluded,,excluded_uncertain_g3_or_unmapped_grade,2,FAILED|PENDING,,STRUCTURAL:FAILED::;STRUCTURAL:PENDING::,,,excluded,,excluded_uncertain_g3_or_unmapped_grade,,,,
465,Bedaquiline,mmpL5,p.Ser65Arg,missense_variant,G3,,3) Uncertain significance,protein_substitution,,primary,S,excluded,,excluded_uncertain_g3_or_unmapped_grade,6,LOSS_OF_FUNCTION|PENDING,EFFLUX_PUMP_COLLAPSE,STRUCTURAL:LOSS_OF_FUNCTION:SENSITIVE:EFFLUX_PUMP_COLLAPSE;STRUCTURAL:LOSS_OF_FUNCTION:SENSITIVE:EFFLUX_PUMP_COLLAPSE;STRUCTURAL:LOSS_OF_FUNCTION:SENSITIVE:EFFLUX_PUMP_COLLAPSE;+3_more,,S,excluded,,excluded_uncertain_g3_or_unmapped_grade,,,,
466,Bedaquiline,mmpL5,p.Ser71Pro,missense_variant,G3,,3) Uncertain significance,protein_substitution,,primary,S,excluded,,excluded_uncertain_g3_or_unmapped_grade,2,LETHAL_SKIP|PENDING,EFFLUX_PUMP_COLLAPSE,STRUCTURAL:LETHAL_SKIP:SENSITIVE:EFFLUX_PUMP_COLLAPSE;STRUCTURAL:PENDING::,,S,excluded,,excluded_uncertain_g3_or_unmapped_grade,,,,
467,Bedaquiline,mmpL5,p.Ser728fs,frameshift,G3,,3) Uncertain significance,frameshift,,primary,,excluded,,excluded_uncertain_g3_or_unmapped_grade,0,,,,,,excluded,,excluded_uncertain_g3_or_unmapped_grade,,,,
468,Bedaquiline,mmpL5,p.Ser782Ala,missense_variant,G3,,3) Uncertain significance,protein_substitution,,primary,,excluded,,excluded_uncertain_g3_or_unmapped_grade,2,FAILED|PENDING,,STRUCTURAL:FAILED::;STRUCTURAL:PENDING::,,,excluded,,excluded_uncertain_g3_or_unmapped_grade,,,,
469,Bedaquiline,mmpL5,p.Ser879Leu,missense_variant,G3,,3) Uncertain significance,protein_substitution,,primary,S,excluded,,excluded_uncertain_g3_or_unmapped_grade,2,LOSS_OF_FUNCTION|PENDING,EFFLUX_PUMP_COLLAPSE,STRUCTURAL:LOSS_OF_FUNCTION:SENSITIVE:EFFLUX_PUMP_COLLAPSE;STRUCTURAL:PENDING::,,S,excluded,,excluded_uncertain_g3_or_unmapped_grade,,,,
470,Bedaquiline,mmpL5,p.Ser894*,stop_gained,G3,,3) Uncertain significance,nonsense,,primary,S,excluded,,excluded_uncertain_g3_or_unmapped_grade,2,LETHAL_SKIP|PENDING,EFFLUX_PUMP_COLLAPSE,STRUCTURAL:LETHAL_SKIP:SENSITIVE:EFFLUX_PUMP_COLLAPSE;STRUCTURAL:PENDING::,,S,excluded,,excluded_uncertain_g3_or_unmapped_grade,,,,
471,Bedaquiline,mmpL5,p.Thr10Ala,missense_variant,G3,,3) Uncertain significance,protein_substitution,,primary,,excluded,,excluded_uncertain_g3_or_unmapped_grade,2,FAILED|PENDING,,STRUCTURAL:FAILED::;STRUCTURAL:PENDING::,,,excluded,,excluded_uncertain_g3_or_unmapped_grade,,,,
472,Bedaquiline,mmpL5,p.Thr120Ala,missense_variant,G3,,3) Uncertain significance,protein_substitution,,primary,,excluded,,excluded_uncertain_g3_or_unmapped_grade,2,FAILED|PENDING,,STRUCTURAL:FAILED::;STRUCTURAL:PENDING::,,,excluded,,excluded_uncertain_g3_or_unmapped_grade,,,,
473,Bedaquiline,mmpL5,p.Thr234Met,missense_variant,G3,,3) Uncertain significance,protein_substitution,,primary,,excluded,,excluded_uncertain_g3_or_unmapped_grade,2,FAILED|PENDING,,STRUCTURAL:FAILED::;STRUCTURAL:PENDING::,,,excluded,,excluded_uncertain_g3_or_unmapped_grade,,,,
474,Bedaquiline,mmpL5,p.Thr327Ile,missense_variant,G3,,3) Uncertain significance,protein_substitution,,primary,S,excluded,,excluded_uncertain_g3_or_unmapped_grade,2,LOSS_OF_FUNCTION|PENDING,EFFLUX_PUMP_COLLAPSE,STRUCTURAL:LOSS_OF_FUNCTION:SENSITIVE:EFFLUX_PUMP_COLLAPSE;STRUCTURAL:PENDING::,,S,excluded,,excluded_uncertain_g3_or_unmapped_grade,,,,
475,Bedaquiline,mmpL5,p.Thr334fs,frameshift,G3,,3) Uncertain significance,frameshift,,primary,,excluded,,excluded_uncertain_g3_or_unmapped_grade,0,,,,,,excluded,,excluded_uncertain_g3_or_unmapped_grade,,,,
476,Bedaquiline,mmpL5,p.Thr519Ala,missense_variant,G3,,3) Uncertain significance,protein_substitution,,primary,,excluded,,excluded_uncertain_g3_or_unmapped_grade,2,FAILED|PENDING,,STRUCTURAL:FAILED::;STRUCTURAL:PENDING::,,,excluded,,excluded_uncertain_g3_or_unmapped_grade,,,,
477,Bedaquiline,mmpL5,p.Thr606Ala,missense_variant,G3,,3) Uncertain significance,protein_substitution,,primary,,excluded,,excluded_uncertain_g3_or_unmapped_grade,2,FAILED|PENDING,,STRUCTURAL:FAILED::;STRUCTURAL:PENDING::,,,excluded,,excluded_uncertain_g3_or_unmapped_grade,,,,
478,Bedaquiline,mmpL5,p.Thr6Ala,missense_variant,G3,,3) Uncertain significance,protein_substitution,,primary,,excluded,,excluded_uncertain_g3_or_unmapped_grade,2,FAILED|PENDING,,STRUCTURAL:FAILED::;STRUCTURAL:PENDING::,,,excluded,,excluded_uncertain_g3_or_unmapped_grade,,,,
479,Bedaquiline,mmpL5,p.Thr794Ile,missense_variant,G4,S,4) Not assoc w R - Interim,protein_substitution,true,primary,S,matched_final,true,,2,LOSS_OF_FUNCTION|PENDING,EFFLUX_PUMP_COLLAPSE,STRUCTURAL:LOSS_OF_FUNCTION:SENSITIVE:EFFLUX_PUMP_COLLAPSE;STRUCTURAL:PENDING::,true,S,matched_final,true,,direct_record_match,,,
480,Bedaquiline,mmpL5,p.Thr918fs,frameshift,G3,,3) Uncertain significance,frameshift,,primary,,excluded,,excluded_uncertain_g3_or_unmapped_grade,0,,,,,,excluded,,excluded_uncertain_g3_or_unmapped_grade,,,,
481,Bedaquiline,mmpL5,p.Trp130fs,frameshift,G3,,3) Uncertain significance,frameshift,,primary,,excluded,,excluded_uncertain_g3_or_unmapped_grade,0,,,,,,excluded,,excluded_uncertain_g3_or_unmapped_grade,,,,
482,Bedaquiline,mmpL5,p.Trp39*,stop_gained,G3,,3) Uncertain significance,nonsense,,primary,S,excluded,,excluded_uncertain_g3_or_unmapped_grade,4,LETHAL_SKIP|PENDING,EFFLUX_PUMP_COLLAPSE,STRUCTURAL:LETHAL_SKIP:SENSITIVE:EFFLUX_PUMP_COLLAPSE;STRUCTURAL:LETHAL_SKIP:SENSITIVE:EFFLUX_PUMP_COLLAPSE;STRUCTURAL:PENDING::;+1_more,,S,excluded,,excluded_uncertain_g3_or_unmapped_grade,,,,
483,Bedaquiline,mmpL5,p.Trp598Arg,missense_variant,G3,,3) Uncertain significance,protein_substitution,,primary,S,excluded,,excluded_uncertain_g3_or_unmapped_grade,4,LETHAL_SKIP|PENDING,EFFLUX_PUMP_COLLAPSE,STRUCTURAL:LETHAL_SKIP:SENSITIVE:EFFLUX_PUMP_COLLAPSE;STRUCTURAL:LETHAL_SKIP:SENSITIVE:EFFLUX_PUMP_COLLAPSE;STRUCTURAL:PENDING::;+1_more,,S,excluded,,excluded_uncertain_g3_or_unmapped_grade,,,,
484,Bedaquiline,mmpL5,p.Trp598Cys,missense_variant,G3,,3) Uncertain significance,protein_substitution,,primary,S,excluded,,excluded_uncertain_g3_or_unmapped_grade,4,LETHAL_SKIP|PENDING,EFFLUX_PUMP_COLLAPSE,STRUCTURAL:LETHAL_SKIP:SENSITIVE:EFFLUX_PUMP_COLLAPSE;STRUCTURAL:LETHAL_SKIP:SENSITIVE:EFFLUX_PUMP_COLLAPSE;STRUCTURAL:PENDING::;+1_more,,S,excluded,,excluded_uncertain_g3_or_unmapped_grade,,,,
485,Bedaquiline,mmpL5,p.Trp598Gly,missense_variant,G3,,3) Uncertain significance,protein_substitution,,primary,S,excluded,,excluded_uncertain_g3_or_unmapped_grade,2,LETHAL_SKIP|PENDING,EFFLUX_PUMP_COLLAPSE,STRUCTURAL:LETHAL_SKIP:SENSITIVE:EFFLUX_PUMP_COLLAPSE;STRUCTURAL:PENDING::,,S,excluded,,excluded_uncertain_g3_or_unmapped_grade,,,,
486,Bedaquiline,mmpL5,p.Trp823Arg,missense_variant,G3,,3) Uncertain significance,protein_substitution,,primary,S,excluded,,excluded_uncertain_g3_or_unmapped_grade,4,LETHAL_SKIP|PENDING,EFFLUX_PUMP_COLLAPSE,STRUCTURAL:LETHAL_SKIP:SENSITIVE:EFFLUX_PUMP_COLLAPSE;STRUCTURAL:LETHAL_SKIP:SENSITIVE:EFFLUX_PUMP_COLLAPSE;STRUCTURAL:PENDING::;+1_more,,S,excluded,,excluded_uncertain_g3_or_unmapped_grade,,,,
487,Bedaquiline,mmpL5,p.Trp833*,stop_gained,G3,,3) Uncertain significance,nonsense,,primary,S,excluded,,excluded_uncertain_g3_or_unmapped_grade,4,LETHAL_SKIP|PENDING,EFFLUX_PUMP_COLLAPSE,STRUCTURAL:LETHAL_SKIP:SENSITIVE:EFFLUX_PUMP_COLLAPSE;STRUCTURAL:LETHAL_SKIP:SENSITIVE:EFFLUX_PUMP_COLLAPSE;STRUCTURAL:PENDING::;+1_more,,S,excluded,,excluded_uncertain_g3_or_unmapped_grade,,,,
488,Bedaquiline,mmpL5,p.Trp936Arg,missense_variant,G3,,3) Uncertain significance,protein_substitution,,primary,S,excluded,,excluded_uncertain_g3_or_unmapped_grade,4,FAILED|LOSS_OF_FUNCTION|PENDING,ANALYSIS_FAILED|EFFLUX_PUMP_COLLAPSE,STRUCTURAL:LOSS_OF_FUNCTION:SENSITIVE:EFFLUX_PUMP_COLLAPSE;STRUCTURAL:FAILED:UNKNOWN:ANALYSIS_FAILED;STRUCTURAL:PENDING::;+1_more,,S,excluded,,excluded_uncertain_g3_or_unmapped_grade,,,,
489,Bedaquiline,mmpL5,p.Trp938Arg,missense_variant,G3,,3) Uncertain significance,protein_substitution,,primary,S,excluded,,excluded_uncertain_g3_or_unmapped_grade,4,LETHAL_SKIP|LOSS_OF_FUNCTION|PENDING,EFFLUX_PUMP_COLLAPSE,STRUCTURAL:LETHAL_SKIP:SENSITIVE:EFFLUX_PUMP_COLLAPSE;STRUCTURAL:LOSS_OF_FUNCTION:SENSITIVE:EFFLUX_PUMP_COLLAPSE;STRUCTURAL:PENDING::;+1_more,,S,excluded,,excluded_uncertain_g3_or_unmapped_grade,,,,
490,Bedaquiline,mmpL5,p.Trp952Leu,missense_variant,G3,,3) Uncertain significance,protein_substitution,,primary,,excluded,,excluded_uncertain_g3_or_unmapped_grade,2,FAILED|PENDING,,STRUCTURAL:FAILED::;STRUCTURAL:PENDING::,,,excluded,,excluded_uncertain_g3_or_unmapped_grade,,,,
491,Bedaquiline,mmpL5,p.Tyr185*,stop_gained,G3,,3) Uncertain significance,nonsense,,primary,S,excluded,,excluded_uncertain_g3_or_unmapped_grade,4,LETHAL_SKIP|PENDING,EFFLUX_PUMP_COLLAPSE,STRUCTURAL:LETHAL_SKIP:SENSITIVE:EFFLUX_PUMP_COLLAPSE;STRUCTURAL:LETHAL_SKIP:SENSITIVE:EFFLUX_PUMP_COLLAPSE;STRUCTURAL:PENDING::;+1_more,,S,excluded,,excluded_uncertain_g3_or_unmapped_grade,,,,
492,Bedaquiline,mmpL5,p.Tyr299Cys,missense_variant,G3,,3) Uncertain significance,protein_substitution,,primary,S,excluded,,excluded_uncertain_g3_or_unmapped_grade,2,LETHAL_SKIP|PENDING,EFFLUX_PUMP_COLLAPSE,STRUCTURAL:LETHAL_SKIP:SENSITIVE:EFFLUX_PUMP_COLLAPSE;STRUCTURAL:PENDING::,,S,excluded,,excluded_uncertain_g3_or_unmapped_grade,,,,
493,Bedaquiline,mmpL5,p.Tyr300*,stop_gained,G3,,3) Uncertain significance,nonsense,,primary,S,excluded,,excluded_uncertain_g3_or_unmapped_grade,4,LETHAL_SKIP|PENDING,EFFLUX_PUMP_COLLAPSE,STRUCTURAL:LETHAL_SKIP:SENSITIVE:EFFLUX_PUMP_COLLAPSE;STRUCTURAL:LETHAL_SKIP:SENSITIVE:EFFLUX_PUMP_COLLAPSE;STRUCTURAL:PENDING::;+1_more,,S,excluded,,excluded_uncertain_g3_or_unmapped_grade,,,,
494,Bedaquiline,mmpL5,p.Tyr411Asp,missense_variant,G3,,3) Uncertain significance,protein_substitution,,primary,S,excluded,,excluded_uncertain_g3_or_unmapped_grade,2,LETHAL_SKIP|PENDING,EFFLUX_PUMP_COLLAPSE,STRUCTURAL:LETHAL_SKIP:SENSITIVE:EFFLUX_PUMP_COLLAPSE;STRUCTURAL:PENDING::,,S,excluded,,excluded_uncertain_g3_or_unmapped_grade,,,,
495,Bedaquiline,mmpL5,p.Tyr415Cys,missense_variant,G3,,3) Uncertain significance,protein_substitution,,primary,S,excluded,,excluded_uncertain_g3_or_unmapped_grade,2,LETHAL_SKIP|PENDING,EFFLUX_PUMP_COLLAPSE,STRUCTURAL:LETHAL_SKIP:SENSITIVE:EFFLUX_PUMP_COLLAPSE;STRUCTURAL:PENDING::,,S,excluded,,excluded_uncertain_g3_or_unmapped_grade,,,,
496,Bedaquiline,mmpL5,p.Tyr514Cys,missense_variant,G3,,3) Uncertain significance,protein_substitution,,primary,S,excluded,,excluded_uncertain_g3_or_unmapped_grade,2,LETHAL_SKIP|PENDING,EFFLUX_PUMP_COLLAPSE,STRUCTURAL:LETHAL_SKIP:SENSITIVE:EFFLUX_PUMP_COLLAPSE;STRUCTURAL:PENDING::,,S,excluded,,excluded_uncertain_g3_or_unmapped_grade,,,,
497,Bedaquiline,mmpL5,p.Tyr586*,stop_gained,G3,,3) Uncertain significance,nonsense,,primary,S,excluded,,excluded_uncertain_g3_or_unmapped_grade,4,LETHAL_SKIP|PENDING,EFFLUX_PUMP_COLLAPSE,STRUCTURAL:LETHAL_SKIP:SENSITIVE:EFFLUX_PUMP_COLLAPSE;STRUCTURAL:LETHAL_SKIP:SENSITIVE:EFFLUX_PUMP_COLLAPSE;STRUCTURAL:PENDING::;+1_more,,S,excluded,,excluded_uncertain_g3_or_unmapped_grade,,,,
498,Bedaquiline,mmpL5,p.Val123Ile,missense_variant,G3,,3) Uncertain significance,protein_substitution,,primary,,excluded,,excluded_uncertain_g3_or_unmapped_grade,2,FAILED|PENDING,,STRUCTURAL:FAILED::;STRUCTURAL:PENDING::,,,excluded,,excluded_uncertain_g3_or_unmapped_grade,,,,
499,Bedaquiline,mmpL5,p.Val149Ile,missense_variant,G3,,3) Uncertain significance,protein_substitution,,primary,,excluded,,excluded_uncertain_g3_or_unmapped_grade,2,FAILED|PENDING,,STRUCTURAL:FAILED::;STRUCTURAL:PENDING::,,,excluded,,excluded_uncertain_g3_or_unmapped_grade,,,,
500,Bedaquiline,mmpL5,p.Val151Gly,missense_variant,G3,,3) Uncertain significance,protein_substitution,,primary,S,excluded,,excluded_uncertain_g3_or_unmapped_grade,2,LETHAL_SKIP|PENDING,EFFLUX_PUMP_COLLAPSE,STRUCTURAL:LETHAL_SKIP:SENSITIVE:EFFLUX_PUMP_COLLAPSE;STRUCTURAL:PENDING::,,S,excluded,,excluded_uncertain_g3_or_unmapped_grade,,,,
501,Bedaquiline,mmpL5,p.Val182Ile,missense_variant,G3,,3) Uncertain significance,protein_substitution,,primary,,excluded,,excluded_uncertain_g3_or_unmapped_grade,2,FAILED|PENDING,,STRUCTURAL:FAILED::;STRUCTURAL:PENDING::,,,excluded,,excluded_uncertain_g3_or_unmapped_grade,,,,
502,Bedaquiline,mmpL5,p.Val186Ile,missense_variant,G3,,3) Uncertain significance,protein_substitution,,primary,,excluded,,excluded_uncertain_g3_or_unmapped_grade,2,FAILED|PENDING,,STRUCTURAL:FAILED::;STRUCTURAL:PENDING::,,,excluded,,excluded_uncertain_g3_or_unmapped_grade,,,,
503,Bedaquiline,mmpL5,p.Val214Leu,missense_variant,G3,,3) Uncertain significance,protein_substitution,,primary,S,excluded,,excluded_uncertain_g3_or_unmapped_grade,4,FAILED|LOSS_OF_FUNCTION|PENDING,EFFLUX_PUMP_COLLAPSE,STRUCTURAL:FAILED::;STRUCTURAL:LOSS_OF_FUNCTION:SENSITIVE:EFFLUX_PUMP_COLLAPSE;STRUCTURAL:PENDING::;+1_more,,S,excluded,,excluded_uncertain_g3_or_unmapped_grade,,,,
504,Bedaquiline,mmpL5,p.Val222Gly,missense_variant,G3,,3) Uncertain significance,protein_substitution,,primary,S,excluded,,excluded_uncertain_g3_or_unmapped_grade,2,LETHAL_SKIP|PENDING,EFFLUX_PUMP_COLLAPSE,STRUCTURAL:LETHAL_SKIP:SENSITIVE:EFFLUX_PUMP_COLLAPSE;STRUCTURAL:PENDING::,,S,excluded,,excluded_uncertain_g3_or_unmapped_grade,,,,
505,Bedaquiline,mmpL5,p.Val247Ala,missense_variant,G3,,3) Uncertain significance,protein_substitution,,primary,,excluded,,excluded_uncertain_g3_or_unmapped_grade,2,FAILED|PENDING,,STRUCTURAL:FAILED::;STRUCTURAL:PENDING::,,,excluded,,excluded_uncertain_g3_or_unmapped_grade,,,,
506,Bedaquiline,mmpL5,p.Val247fs,frameshift,G3,,3) Uncertain significance,frameshift,,primary,,excluded,,excluded_uncertain_g3_or_unmapped_grade,0,,,,,,excluded,,excluded_uncertain_g3_or_unmapped_grade,,,,
507,Bedaquiline,mmpL5,p.Val267Gly,missense_variant,G3,,3) Uncertain significance,protein_substitution,,primary,,excluded,,excluded_uncertain_g3_or_unmapped_grade,2,FAILED|PENDING,ANALYSIS_FAILED,STRUCTURAL:FAILED:UNKNOWN:ANALYSIS_FAILED;STRUCTURAL:PENDING::,,,excluded,,excluded_uncertain_g3_or_unmapped_grade,,,,
508,Bedaquiline,mmpL5,p.Val268Met,missense_variant,G3,,3) Uncertain significance,protein_substitution,,primary,,excluded,,excluded_uncertain_g3_or_unmapped_grade,2,FAILED|PENDING,,STRUCTURAL:FAILED::;STRUCTURAL:PENDING::,,,excluded,,excluded_uncertain_g3_or_unmapped_grade,,,,
509,Bedaquiline,mmpL5,p.Val337Met,missense_variant,G3,,3) Uncertain significance,protein_substitution,,primary,,excluded,,excluded_uncertain_g3_or_unmapped_grade,2,FAILED|PENDING,,STRUCTURAL:FAILED::;STRUCTURAL:PENDING::,,,excluded,,excluded_uncertain_g3_or_unmapped_grade,,,,
510,Bedaquiline,mmpL5,p.Val344Leu,missense_variant,G3,,3) Uncertain significance,protein_substitution,,primary,,excluded,,excluded_uncertain_g3_or_unmapped_grade,2,FAILED|PENDING,,STRUCTURAL:FAILED::;STRUCTURAL:PENDING::,,,excluded,,excluded_uncertain_g3_or_unmapped_grade,,,,
511,Bedaquiline,mmpL5,p.Val346Ala,missense_variant,G3,,3) Uncertain significance,protein_substitution,,primary,,excluded,,excluded_uncertain_g3_or_unmapped_grade,2,FAILED|PENDING,,STRUCTURAL:FAILED::;STRUCTURAL:PENDING::,,,excluded,,excluded_uncertain_g3_or_unmapped_grade,,,,
512,Bedaquiline,mmpL5,p.Val360Met,missense_variant,G3,,3) Uncertain significance,protein_substitution,,primary,,excluded,,excluded_uncertain_g3_or_unmapped_grade,2,FAILED|PENDING,,STRUCTURAL:FAILED::;STRUCTURAL:PENDING::,,,excluded,,excluded_uncertain_g3_or_unmapped_grade,,,,
513,Bedaquiline,mmpL5,p.Val376Ala,missense_variant,G3,,3) Uncertain significance,protein_substitution,,primary,,excluded,,excluded_uncertain_g3_or_unmapped_grade,2,FAILED|PENDING,,STRUCTURAL:FAILED::;STRUCTURAL:PENDING::,,,excluded,,excluded_uncertain_g3_or_unmapped_grade,,,,
514,Bedaquiline,mmpL5,p.Val382Ala,missense_variant,G3,,3) Uncertain significance,protein_substitution,,primary,,excluded,,excluded_uncertain_g3_or_unmapped_grade,2,FAILED|PENDING,ANALYSIS_FAILED,STRUCTURAL:FAILED:UNKNOWN:ANALYSIS_FAILED;STRUCTURAL:PENDING::,,,excluded,,excluded_uncertain_g3_or_unmapped_grade,,,,
515,Bedaquiline,mmpL5,p.Val41Ile,missense_variant,G3,,3) Uncertain significance,protein_substitution,,primary,,excluded,,excluded_uncertain_g3_or_unmapped_grade,2,FAILED|PENDING,,STRUCTURAL:FAILED::;STRUCTURAL:PENDING::,,,excluded,,excluded_uncertain_g3_or_unmapped_grade,,,,
516,Bedaquiline,mmpL5,p.Val481Met,missense_variant,G3,,3) Uncertain significance,protein_substitution,,primary,S,excluded,,excluded_uncertain_g3_or_unmapped_grade,2,LOSS_OF_FUNCTION|PENDING,EFFLUX_PUMP_COLLAPSE,STRUCTURAL:LOSS_OF_FUNCTION:SENSITIVE:EFFLUX_PUMP_COLLAPSE;STRUCTURAL:PENDING::,,S,excluded,,excluded_uncertain_g3_or_unmapped_grade,,,,
517,Bedaquiline,mmpL5,p.Val612Gly,missense_variant,G3,,3) Uncertain significance,protein_substitution,,primary,,excluded,,excluded_uncertain_g3_or_unmapped_grade,2,FAILED|PENDING,ANALYSIS_FAILED,STRUCTURAL:FAILED:UNKNOWN:ANALYSIS_FAILED;STRUCTURAL:PENDING::,,,excluded,,excluded_uncertain_g3_or_unmapped_grade,,,,
518,Bedaquiline,mmpL5,p.Val612Ile,missense_variant,G3,,3) Uncertain significance,protein_substitution,,primary,,excluded,,excluded_uncertain_g3_or_unmapped_grade,2,FAILED|PENDING,,STRUCTURAL:FAILED::;STRUCTURAL:PENDING::,,,excluded,,excluded_uncertain_g3_or_unmapped_grade,,,,
519,Bedaquiline,mmpL5,p.Val695Ile,missense_variant,G3,,3) Uncertain significance,protein_substitution,,primary,,excluded,,excluded_uncertain_g3_or_unmapped_grade,2,FAILED|PENDING,,STRUCTURAL:FAILED::;STRUCTURAL:PENDING::,,,excluded,,excluded_uncertain_g3_or_unmapped_grade,,,,
520,Bedaquiline,mmpL5,p.Val820Leu,missense_variant,G3,,3) Uncertain significance,protein_substitution,,primary,,excluded,,excluded_uncertain_g3_or_unmapped_grade,4,FAILED|PENDING,ANALYSIS_FAILED,STRUCTURAL:FAILED:UNKNOWN:ANALYSIS_FAILED;STRUCTURAL:FAILED:UNKNOWN:ANALYSIS_FAILED;STRUCTURAL:PENDING::;+1_more,,,excluded,,excluded_uncertain_g3_or_unmapped_grade,,,,
521,Bedaquiline,mmpL5,p.Val840Ile,missense_variant,G3,,3) Uncertain significance,protein_substitution,,primary,,excluded,,excluded_uncertain_g3_or_unmapped_grade,2,FAILED|PENDING,,STRUCTURAL:FAILED::;STRUCTURAL:PENDING::,,,excluded,,excluded_uncertain_g3_or_unmapped_grade,,,,
522,Bedaquiline,mmpL5,p.Val846Ile,missense_variant,G3,,3) Uncertain significance,protein_substitution,,primary,,excluded,,excluded_uncertain_g3_or_unmapped_grade,2,FAILED|PENDING,,STRUCTURAL:FAILED::;STRUCTURAL:PENDING::,,,excluded,,excluded_uncertain_g3_or_unmapped_grade,,,,
523,Bedaquiline,mmpL5,p.Val942Ile,missense_variant,G3,,3) Uncertain significance,protein_substitution,,primary,,excluded,,excluded_uncertain_g3_or_unmapped_grade,2,FAILED|PENDING,,STRUCTURAL:FAILED::;STRUCTURAL:PENDING::,,,excluded,,excluded_uncertain_g3_or_unmapped_grade,,,,
524,Bedaquiline,mmpL5,p.Val964Leu,missense_variant,G3,,3) Uncertain significance,protein_substitution,,primary,,excluded,,excluded_uncertain_g3_or_unmapped_grade,2,FAILED|PENDING,,STRUCTURAL:FAILED::;STRUCTURAL:PENDING::,,,excluded,,excluded_uncertain_g3_or_unmapped_grade,,,,
525,Bedaquiline,mmpS5,c.102C>T,synonymous_variant,G4,S,4) Not assoc w R - Interim,snv,true,primary,S,matched_final,true,,2,COMPLETED,SYNONYMOUS_NO_PROTEIN_CHANGE,STRUCTURAL:COMPLETED:SENSITIVE:SYNONYMOUS_NO_PROTEIN_CHANGE;STRUCTURAL:COMPLETED:SENSITIVE:SYNONYMOUS_NO_PROTEIN_CHANGE,true,S,matched_final,true,,direct_record_match,,,
526,Bedaquiline,mmpS5,c.126G>A,synonymous_variant,G4,S,4) Not assoc w R - Interim,snv,true,primary,S,matched_final,true,,2,COMPLETED,SYNONYMOUS_NO_PROTEIN_CHANGE,STRUCTURAL:COMPLETED:SENSITIVE:SYNONYMOUS_NO_PROTEIN_CHANGE;STRUCTURAL:COMPLETED:SENSITIVE:SYNONYMOUS_NO_PROTEIN_CHANGE,true,S,matched_final,true,,direct_record_match,,,
527,Bedaquiline,mmpS5,c.-14A>C,upstream_gene_variant,G3,,3) Uncertain significance,regulatory,,primary,S,excluded,,excluded_uncertain_g3_or_unmapped_grade,8,COMPLETED|PENDING,EFFLUX_PUMP_COLLAPSE,STRUCTURAL:COMPLETED:SENSITIVE:EFFLUX_PUMP_COLLAPSE;STRUCTURAL:PENDING::;STRUCTURAL:COMPLETED:SENSITIVE:EFFLUX_PUMP_COLLAPSE;+5_more,,S,excluded,,excluded_uncertain_g3_or_unmapped_grade,,,,
528,Bedaquiline,mmpS5,c.168G>C,synonymous_variant,G4,S,4) Not assoc w R - Interim,snv,true,primary,S,matched_final,true,,2,COMPLETED,SYNONYMOUS_NO_PROTEIN_CHANGE,STRUCTURAL:COMPLETED:SENSITIVE:SYNONYMOUS_NO_PROTEIN_CHANGE;STRUCTURAL:COMPLETED:SENSITIVE:SYNONYMOUS_NO_PROTEIN_CHANGE,true,S,matched_final,true,,direct_record_match,,,
529,Bedaquiline,mmpS5,c.189C>T,synonymous_variant,G4,S,4) Not assoc w R - Interim,snv,true,primary,S,matched_final,true,,2,COMPLETED,SYNONYMOUS_NO_PROTEIN_CHANGE,STRUCTURAL:COMPLETED:SENSITIVE:SYNONYMOUS_NO_PROTEIN_CHANGE;STRUCTURAL:COMPLETED:SENSITIVE:SYNONYMOUS_NO_PROTEIN_CHANGE,true,S,matched_final,true,,direct_record_match,,,
530,Bedaquiline,mmpS5,c.-19G>A,upstream_gene_variant,G3,,3) Uncertain significance,regulatory,,primary,S,excluded,,excluded_uncertain_g3_or_unmapped_grade,8,COMPLETED|PENDING,EFFLUX_PUMP_COLLAPSE,STRUCTURAL:COMPLETED:SENSITIVE:EFFLUX_PUMP_COLLAPSE;STRUCTURAL:PENDING::;STRUCTURAL:COMPLETED:SENSITIVE:EFFLUX_PUMP_COLLAPSE;+5_more,,S,excluded,,excluded_uncertain_g3_or_unmapped_grade,,,,
531,Bedaquiline,mmpS5,c.204C>T,synonymous_variant,G4,S,4) Not assoc w R - Interim,snv,true,primary,S,matched_final,true,,2,COMPLETED,SYNONYMOUS_NO_PROTEIN_CHANGE,STRUCTURAL:COMPLETED:SENSITIVE:SYNONYMOUS_NO_PROTEIN_CHANGE;STRUCTURAL:COMPLETED:SENSITIVE:SYNONYMOUS_NO_PROTEIN_CHANGE,true,S,matched_final,true,,direct_record_match,,,
532,Bedaquiline,mmpS5,c.-20T>C,upstream_gene_variant,G3,,3) Uncertain significance,regulatory,,primary,S,excluded,,excluded_uncertain_g3_or_unmapped_grade,8,COMPLETED|PENDING,EFFLUX_PUMP_COLLAPSE,STRUCTURAL:COMPLETED:SENSITIVE:EFFLUX_PUMP_COLLAPSE;STRUCTURAL:PENDING::;STRUCTURAL:COMPLETED:SENSITIVE:EFFLUX_PUMP_COLLAPSE;+5_more,,S,excluded,,excluded_uncertain_g3_or_unmapped_grade,,,,
533,Bedaquiline,mmpS5,c.216G>A,synonymous_variant,G4,S,4) Not assoc w R - Interim,snv,true,primary,S,matched_final,true,,2,COMPLETED,SYNONYMOUS_NO_PROTEIN_CHANGE,STRUCTURAL:COMPLETED:SENSITIVE:SYNONYMOUS_NO_PROTEIN_CHANGE;STRUCTURAL:COMPLETED:SENSITIVE:SYNONYMOUS_NO_PROTEIN_CHANGE,true,S,matched_final,true,,direct_record_match,,,
534,Bedaquiline,mmpS5,c.-22C>T,upstream_gene_variant,G3,,3) Uncertain significance,regulatory,,primary,S,excluded,,excluded_uncertain_g3_or_unmapped_grade,8,COMPLETED|PENDING,EFFLUX_PUMP_COLLAPSE,STRUCTURAL:COMPLETED:SENSITIVE:EFFLUX_PUMP_COLLAPSE;STRUCTURAL:PENDING::;STRUCTURAL:COMPLETED:SENSITIVE:EFFLUX_PUMP_COLLAPSE;+5_more,,S,excluded,,excluded_uncertain_g3_or_unmapped_grade,,,,
535,Bedaquiline,mmpS5,c.306C>T,synonymous_variant,G4,S,4) Not assoc w R - Interim,snv,true,primary,S,matched_final,true,,2,COMPLETED,SYNONYMOUS_NO_PROTEIN_CHANGE,STRUCTURAL:COMPLETED:SENSITIVE:SYNONYMOUS_NO_PROTEIN_CHANGE;STRUCTURAL:COMPLETED:SENSITIVE:SYNONYMOUS_NO_PROTEIN_CHANGE,true,S,matched_final,true,,direct_record_match,,,
536,Bedaquiline,mmpS5,c.315G>C,synonymous_variant,G4,S,4) Not assoc w R - Interim,snv,true,primary,S,matched_final,true,,2,COMPLETED,SYNONYMOUS_NO_PROTEIN_CHANGE,STRUCTURAL:COMPLETED:SENSITIVE:SYNONYMOUS_NO_PROTEIN_CHANGE;STRUCTURAL:COMPLETED:SENSITIVE:SYNONYMOUS_NO_PROTEIN_CHANGE,true,S,matched_final,true,,direct_record_match,,,
537,Bedaquiline,mmpS5,c.-31C>G,upstream_gene_variant,G3,,3) Uncertain significance,regulatory,,primary,S,excluded,,excluded_uncertain_g3_or_unmapped_grade,8,COMPLETED|PENDING,EFFLUX_PUMP_COLLAPSE,STRUCTURAL:COMPLETED:SENSITIVE:EFFLUX_PUMP_COLLAPSE;STRUCTURAL:PENDING::;STRUCTURAL:COMPLETED:SENSITIVE:EFFLUX_PUMP_COLLAPSE;+5_more,,S,excluded,,excluded_uncertain_g3_or_unmapped_grade,,,,
538,Bedaquiline,mmpS5,c.321C>A,synonymous_variant,G4,S,4) Not assoc w R - Interim,snv,true,primary,S,matched_final,true,,2,COMPLETED,SYNONYMOUS_NO_PROTEIN_CHANGE,STRUCTURAL:COMPLETED:SENSITIVE:SYNONYMOUS_NO_PROTEIN_CHANGE;STRUCTURAL:COMPLETED:SENSITIVE:SYNONYMOUS_NO_PROTEIN_CHANGE,true,S,matched_final,true,,direct_record_match,,,
539,Bedaquiline,mmpS5,c.333C>A,synonymous_variant,G4,S,4) Not assoc w R - Interim,snv,true,primary,S,matched_final,true,,2,COMPLETED,SYNONYMOUS_NO_PROTEIN_CHANGE,STRUCTURAL:COMPLETED:SENSITIVE:SYNONYMOUS_NO_PROTEIN_CHANGE;STRUCTURAL:COMPLETED:SENSITIVE:SYNONYMOUS_NO_PROTEIN_CHANGE,true,S,matched_final,true,,direct_record_match,,,
540,Bedaquiline,mmpS5,c.34C>T,synonymous_variant,G4,S,4) Not assoc w R - Interim,snv,true,primary,S,matched_final,true,,2,COMPLETED,SYNONYMOUS_NO_PROTEIN_CHANGE,STRUCTURAL:COMPLETED:SENSITIVE:SYNONYMOUS_NO_PROTEIN_CHANGE;STRUCTURAL:COMPLETED:SENSITIVE:SYNONYMOUS_NO_PROTEIN_CHANGE,true,S,matched_final,true,,direct_record_match,,,
541,Bedaquiline,mmpS5,c.-34C>T,upstream_gene_variant,G3,,3) Uncertain significance,regulatory,,primary,S,excluded,,excluded_uncertain_g3_or_unmapped_grade,8,COMPLETED|PENDING,EFFLUX_PUMP_COLLAPSE,STRUCTURAL:COMPLETED:SENSITIVE:EFFLUX_PUMP_COLLAPSE;STRUCTURAL:PENDING::;STRUCTURAL:COMPLETED:SENSITIVE:EFFLUX_PUMP_COLLAPSE;+5_more,,S,excluded,,excluded_uncertain_g3_or_unmapped_grade,,,,
542,Bedaquiline,mmpS5,c.-36A>G,upstream_gene_variant,G3,,3) Uncertain significance,regulatory,,primary,S,excluded,,excluded_uncertain_g3_or_unmapped_grade,8,COMPLETED|PENDING,EFFLUX_PUMP_COLLAPSE,STRUCTURAL:COMPLETED:SENSITIVE:EFFLUX_PUMP_COLLAPSE;STRUCTURAL:PENDING::;STRUCTURAL:COMPLETED:SENSITIVE:EFFLUX_PUMP_COLLAPSE;+5_more,,S,excluded,,excluded_uncertain_g3_or_unmapped_grade,,,,
543,Bedaquiline,mmpS5,c.387C>T,synonymous_variant,G4,S,4) Not assoc w R - Interim,snv,true,primary,S,matched_final,true,,2,COMPLETED,SYNONYMOUS_NO_PROTEIN_CHANGE,STRUCTURAL:COMPLETED:SENSITIVE:SYNONYMOUS_NO_PROTEIN_CHANGE;STRUCTURAL:COMPLETED:SENSITIVE:SYNONYMOUS_NO_PROTEIN_CHANGE,true,S,matched_final,true,,direct_record_match,,,
544,Bedaquiline,mmpS5,c.393G>T,synonymous_variant,G4,S,4) Not assoc w R - Interim,snv,true,primary,S,matched_final,true,,2,COMPLETED,SYNONYMOUS_NO_PROTEIN_CHANGE,STRUCTURAL:COMPLETED:SENSITIVE:SYNONYMOUS_NO_PROTEIN_CHANGE;STRUCTURAL:COMPLETED:SENSITIVE:SYNONYMOUS_NO_PROTEIN_CHANGE,true,S,matched_final,true,,direct_record_match,,,
545,Bedaquiline,mmpS5,c.399C>T,synonymous_variant,G4,S,4) Not assoc w R - Interim,snv,true,primary,S,matched_final,true,,2,COMPLETED,SYNONYMOUS_NO_PROTEIN_CHANGE,STRUCTURAL:COMPLETED:SENSITIVE:SYNONYMOUS_NO_PROTEIN_CHANGE;STRUCTURAL:COMPLETED:SENSITIVE:SYNONYMOUS_NO_PROTEIN_CHANGE,true,S,matched_final,true,,direct_record_match,,,
546,Bedaquiline,mmpS5,c.39C>G,synonymous_variant,G4,S,4) Not assoc w R - Interim,snv,true,primary,S,matched_final,true,,2,COMPLETED,SYNONYMOUS_NO_PROTEIN_CHANGE,STRUCTURAL:COMPLETED:SENSITIVE:SYNONYMOUS_NO_PROTEIN_CHANGE;STRUCTURAL:COMPLETED:SENSITIVE:SYNONYMOUS_NO_PROTEIN_CHANGE,true,S,matched_final,true,,direct_record_match,,,
547,Bedaquiline,mmpS5,c.-39C>T,upstream_gene_variant,G3,,3) Uncertain significance,regulatory,,primary,S,excluded,,excluded_uncertain_g3_or_unmapped_grade,8,COMPLETED|PENDING,EFFLUX_PUMP_COLLAPSE,STRUCTURAL:COMPLETED:SENSITIVE:EFFLUX_PUMP_COLLAPSE;STRUCTURAL:PENDING::;STRUCTURAL:COMPLETED:SENSITIVE:EFFLUX_PUMP_COLLAPSE;+5_more,,S,excluded,,excluded_uncertain_g3_or_unmapped_grade,,,,
548,Bedaquiline,mmpS5,c.400C>T,synonymous_variant,G4,S,4) Not assoc w R - Interim,snv,true,primary,S,matched_final,true,,2,COMPLETED,SYNONYMOUS_NO_PROTEIN_CHANGE,STRUCTURAL:COMPLETED:SENSITIVE:SYNONYMOUS_NO_PROTEIN_CHANGE;STRUCTURAL:COMPLETED:SENSITIVE:SYNONYMOUS_NO_PROTEIN_CHANGE,true,S,matched_final,true,,direct_record_match,,,
549,Bedaquiline,mmpS5,c.402G>A,synonymous_variant,G4,S,4) Not assoc w R - Interim,snv,true,primary,S,matched_final,true,,2,COMPLETED,SYNONYMOUS_NO_PROTEIN_CHANGE,STRUCTURAL:COMPLETED:SENSITIVE:SYNONYMOUS_NO_PROTEIN_CHANGE;STRUCTURAL:COMPLETED:SENSITIVE:SYNONYMOUS_NO_PROTEIN_CHANGE,true,S,matched_final,true,,direct_record_match,,,
550,Bedaquiline,mmpS5,c.42C>A,synonymous_variant,G4,S,4) Not assoc w R - Interim,snv,true,primary,S,matched_final,true,,2,COMPLETED,SYNONYMOUS_NO_PROTEIN_CHANGE,STRUCTURAL:COMPLETED:SENSITIVE:SYNONYMOUS_NO_PROTEIN_CHANGE;STRUCTURAL:COMPLETED:SENSITIVE:SYNONYMOUS_NO_PROTEIN_CHANGE,true,S,matched_final,true,,direct_record_match,,,
551,Bedaquiline,mmpS5,c.42C>T,synonymous_variant,G4,S,4) Not assoc w R - Interim,snv,true,primary,S,matched_final,true,,2,COMPLETED,SYNONYMOUS_NO_PROTEIN_CHANGE,STRUCTURAL:COMPLETED:SENSITIVE:SYNONYMOUS_NO_PROTEIN_CHANGE;STRUCTURAL:COMPLETED:SENSITIVE:SYNONYMOUS_NO_PROTEIN_CHANGE,true,S,matched_final,true,,direct_record_match,,,
552,Bedaquiline,mmpS5,c.-519_-82del,upstream_gene_variant,G3,,3) Uncertain significance,regulatory,,primary,,excluded,,excluded_uncertain_g3_or_unmapped_grade,0,,,,,,excluded,,excluded_uncertain_g3_or_unmapped_grade,,,,
553,Bedaquiline,mmpS5,c.-51G>A,upstream_gene_variant,G3,,3) Uncertain significance,regulatory,,primary,S,excluded,,excluded_uncertain_g3_or_unmapped_grade,8,COMPLETED|PENDING,EFFLUX_PUMP_COLLAPSE,STRUCTURAL:COMPLETED:SENSITIVE:EFFLUX_PUMP_COLLAPSE;STRUCTURAL:PENDING::;STRUCTURAL:COMPLETED:SENSITIVE:EFFLUX_PUMP_COLLAPSE;+5_more,,S,excluded,,excluded_uncertain_g3_or_unmapped_grade,,,,
554,Bedaquiline,mmpS5,c.-55G>C,upstream_gene_variant,G3,,3) Uncertain significance,regulatory,,primary,S,excluded,,excluded_uncertain_g3_or_unmapped_grade,8,COMPLETED|PENDING,EFFLUX_PUMP_COLLAPSE,STRUCTURAL:COMPLETED:SENSITIVE:EFFLUX_PUMP_COLLAPSE;STRUCTURAL:PENDING::;STRUCTURAL:COMPLETED:SENSITIVE:EFFLUX_PUMP_COLLAPSE;+5_more,,S,excluded,,excluded_uncertain_g3_or_unmapped_grade,,,,
555,Bedaquiline,mmpS5,c.-56C>T,upstream_gene_variant,G3,,3) Uncertain significance,regulatory,,primary,S,excluded,,excluded_uncertain_g3_or_unmapped_grade,8,COMPLETED|PENDING,EFFLUX_PUMP_COLLAPSE,STRUCTURAL:COMPLETED:SENSITIVE:EFFLUX_PUMP_COLLAPSE;STRUCTURAL:PENDING::;STRUCTURAL:COMPLETED:SENSITIVE:EFFLUX_PUMP_COLLAPSE;+5_more,,S,excluded,,excluded_uncertain_g3_or_unmapped_grade,,,,
556,Bedaquiline,mmpS5,c.-60G>A,upstream_gene_variant,G3,,3) Uncertain significance,regulatory,,primary,S,excluded,,excluded_uncertain_g3_or_unmapped_grade,8,COMPLETED|PENDING,EFFLUX_PUMP_COLLAPSE,STRUCTURAL:COMPLETED:SENSITIVE:EFFLUX_PUMP_COLLAPSE;STRUCTURAL:PENDING::;STRUCTURAL:COMPLETED:SENSITIVE:EFFLUX_PUMP_COLLAPSE;+5_more,,S,excluded,,excluded_uncertain_g3_or_unmapped_grade,,,,
557,Bedaquiline,mmpS5,c.-63T>G,upstream_gene_variant,G3,,3) Uncertain significance,regulatory,,primary,S,excluded,,excluded_uncertain_g3_or_unmapped_grade,8,COMPLETED|PENDING,EFFLUX_PUMP_COLLAPSE,STRUCTURAL:COMPLETED:SENSITIVE:EFFLUX_PUMP_COLLAPSE;STRUCTURAL:PENDING::;STRUCTURAL:COMPLETED:SENSITIVE:EFFLUX_PUMP_COLLAPSE;+5_more,,S,excluded,,excluded_uncertain_g3_or_unmapped_grade,,,,
558,Bedaquiline,mmpS5,c.-65_-64insGAA,upstream_gene_variant,G3,,3) Uncertain significance,regulatory,,primary,,excluded,,excluded_uncertain_g3_or_unmapped_grade,0,,,,,,excluded,,excluded_uncertain_g3_or_unmapped_grade,,,,
559,Bedaquiline,mmpS5,c.-65A>G,upstream_gene_variant,G3,,3) Uncertain significance,regulatory,,primary,S,excluded,,excluded_uncertain_g3_or_unmapped_grade,8,COMPLETED|PENDING,EFFLUX_PUMP_COLLAPSE,STRUCTURAL:COMPLETED:SENSITIVE:EFFLUX_PUMP_COLLAPSE;STRUCTURAL:PENDING::;STRUCTURAL:COMPLETED:SENSITIVE:EFFLUX_PUMP_COLLAPSE;+5_more,,S,excluded,,excluded_uncertain_g3_or_unmapped_grade,,,,
560,Bedaquiline,mmpS5,c.66C>T,synonymous_variant,G4,S,4) Not assoc w R - Interim,snv,true,primary,S,matched_final,true,,2,COMPLETED,SYNONYMOUS_NO_PROTEIN_CHANGE,STRUCTURAL:COMPLETED:SENSITIVE:SYNONYMOUS_NO_PROTEIN_CHANGE;STRUCTURAL:COMPLETED:SENSITIVE:SYNONYMOUS_NO_PROTEIN_CHANGE,true,S,matched_final,true,,direct_record_match,,,
561,Bedaquiline,mmpS5,c.6T>C,synonymous_variant,G4,S,4) Not assoc w R - Interim,snv,true,primary,S,matched_final,true,,2,COMPLETED,SYNONYMOUS_NO_PROTEIN_CHANGE,STRUCTURAL:COMPLETED:SENSITIVE:SYNONYMOUS_NO_PROTEIN_CHANGE;STRUCTURAL:COMPLETED:SENSITIVE:SYNONYMOUS_NO_PROTEIN_CHANGE,true,S,matched_final,true,,direct_record_match,,,
562,Bedaquiline,mmpS5,c.-71C>A,upstream_gene_variant,G3,,3) Uncertain significance,regulatory,,primary,S,excluded,,excluded_uncertain_g3_or_unmapped_grade,8,COMPLETED|PENDING,EFFLUX_PUMP_COLLAPSE,STRUCTURAL:COMPLETED:SENSITIVE:EFFLUX_PUMP_COLLAPSE;STRUCTURAL:PENDING::;STRUCTURAL:COMPLETED:SENSITIVE:EFFLUX_PUMP_COLLAPSE;+5_more,,S,excluded,,excluded_uncertain_g3_or_unmapped_grade,,,,
563,Bedaquiline,mmpS5,c.-71C>T,upstream_gene_variant,G3,,3) Uncertain significance,regulatory,,primary,S,excluded,,excluded_uncertain_g3_or_unmapped_grade,8,COMPLETED|PENDING,EFFLUX_PUMP_COLLAPSE,STRUCTURAL:COMPLETED:SENSITIVE:EFFLUX_PUMP_COLLAPSE;STRUCTURAL:PENDING::;STRUCTURAL:COMPLETED:SENSITIVE:EFFLUX_PUMP_COLLAPSE;+5_more,,S,excluded,,excluded_uncertain_g3_or_unmapped_grade,,,,
564,Bedaquiline,mmpS5,c.-74G>T,upstream_gene_variant,G4,S,4) Not assoc w R - Interim,regulatory,true,primary,S,matched_final,true,,8,COMPLETED|PENDING,EFFLUX_PUMP_COLLAPSE,STRUCTURAL:COMPLETED:SENSITIVE:EFFLUX_PUMP_COLLAPSE;STRUCTURAL:PENDING::;STRUCTURAL:COMPLETED:SENSITIVE:EFFLUX_PUMP_COLLAPSE;+5_more,true,S,matched_final,true,,direct_record_match,,,
565,Bedaquiline,mmpS5,c.-75T>G,upstream_gene_variant,G3,,3) Uncertain significance,regulatory,,primary,S,excluded,,excluded_uncertain_g3_or_unmapped_grade,8,COMPLETED|PENDING,EFFLUX_PUMP_COLLAPSE,STRUCTURAL:COMPLETED:SENSITIVE:EFFLUX_PUMP_COLLAPSE;STRUCTURAL:PENDING::;STRUCTURAL:COMPLETED:SENSITIVE:EFFLUX_PUMP_COLLAPSE;+5_more,,S,excluded,,excluded_uncertain_g3_or_unmapped_grade,,,,
566,Bedaquiline,mmpS5,c.-77A>G,upstream_gene_variant,G3,,3) Uncertain significance,regulatory,,primary,S,excluded,,excluded_uncertain_g3_or_unmapped_grade,8,COMPLETED|PENDING,EFFLUX_PUMP_COLLAPSE,STRUCTURAL:COMPLETED:SENSITIVE:EFFLUX_PUMP_COLLAPSE;STRUCTURAL:PENDING::;STRUCTURAL:COMPLETED:SENSITIVE:EFFLUX_PUMP_COLLAPSE;+5_more,,S,excluded,,excluded_uncertain_g3_or_unmapped_grade,,,,
567,Bedaquiline,mmpS5,c.-79_-78insT,upstream_gene_variant,G3,,3) Uncertain significance,regulatory,,primary,,excluded,,excluded_uncertain_g3_or_unmapped_grade,0,,,,,,excluded,,excluded_uncertain_g3_or_unmapped_grade,,,,
568,Bedaquiline,mmpS5,c.81G>A,synonymous_variant,G4,S,4) Not assoc w R - Interim,snv,true,primary,S,matched_final,true,,2,COMPLETED,SYNONYMOUS_NO_PROTEIN_CHANGE,STRUCTURAL:COMPLETED:SENSITIVE:SYNONYMOUS_NO_PROTEIN_CHANGE;STRUCTURAL:COMPLETED:SENSITIVE:SYNONYMOUS_NO_PROTEIN_CHANGE,true,S,matched_final,true,,direct_record_match,,,
569,Bedaquiline,mmpS5,c.-82G>T,upstream_gene_variant,G3,,3) Uncertain significance,regulatory,,primary,S,excluded,,excluded_uncertain_g3_or_unmapped_grade,4,COMPLETED|PENDING,EFFLUX_PUMP_COLLAPSE,STRUCTURAL:COMPLETED:SENSITIVE:EFFLUX_PUMP_COLLAPSE;STRUCTURAL:PENDING::;STRUCTURAL:COMPLETED:SENSITIVE:EFFLUX_PUMP_COLLAPSE;+1_more,,S,excluded,,excluded_uncertain_g3_or_unmapped_grade,,,,
570,Bedaquiline,mmpS5,c.-83_-82insA,upstream_gene_variant,G3,,3) Uncertain significance,regulatory,,primary,,excluded,,excluded_uncertain_g3_or_unmapped_grade,0,,,,,,excluded,,excluded_uncertain_g3_or_unmapped_grade,,,,
571,Bedaquiline,mmpS5,c.-84A>C,upstream_gene_variant,G3,,3) Uncertain significance,regulatory,,primary,S,excluded,,excluded_uncertain_g3_or_unmapped_grade,4,COMPLETED|PENDING,EFFLUX_PUMP_COLLAPSE,STRUCTURAL:COMPLETED:SENSITIVE:EFFLUX_PUMP_COLLAPSE;STRUCTURAL:PENDING::;STRUCTURAL:COMPLETED:SENSITIVE:EFFLUX_PUMP_COLLAPSE;+1_more,,S,excluded,,excluded_uncertain_g3_or_unmapped_grade,,,,
572,Bedaquiline,mmpS5,c.-9_-8delCG,upstream_gene_variant,G3,,3) Uncertain significance,regulatory,,primary,,excluded,,excluded_uncertain_g3_or_unmapped_grade,0,,,,,,excluded,,excluded_uncertain_g3_or_unmapped_grade,,,,
573,Bedaquiline,mmpS5,c.90T>C,synonymous_variant,G4,S,4) Not assoc w R - Interim,snv,true,primary,S,matched_final,true,,2,COMPLETED,SYNONYMOUS_NO_PROTEIN_CHANGE,STRUCTURAL:COMPLETED:SENSITIVE:SYNONYMOUS_NO_PROTEIN_CHANGE;STRUCTURAL:COMPLETED:SENSITIVE:SYNONYMOUS_NO_PROTEIN_CHANGE,true,S,matched_final,true,,direct_record_match,,,
574,Bedaquiline,mmpS5,c.9A>G,synonymous_variant,G4,S,4) Not assoc w R - Interim,snv,true,primary,S,matched_final,true,,2,COMPLETED,SYNONYMOUS_NO_PROTEIN_CHANGE,STRUCTURAL:COMPLETED:SENSITIVE:SYNONYMOUS_NO_PROTEIN_CHANGE;STRUCTURAL:COMPLETED:SENSITIVE:SYNONYMOUS_NO_PROTEIN_CHANGE,true,S,matched_final,true,,direct_record_match,,,
575,Bedaquiline,mmpS5,c.-9C>T,upstream_gene_variant,G3,,3) Uncertain significance,regulatory,,primary,S,excluded,,excluded_uncertain_g3_or_unmapped_grade,8,COMPLETED|PENDING,EFFLUX_PUMP_COLLAPSE,STRUCTURAL:COMPLETED:SENSITIVE:EFFLUX_PUMP_COLLAPSE;STRUCTURAL:PENDING::;STRUCTURAL:COMPLETED:SENSITIVE:EFFLUX_PUMP_COLLAPSE;+5_more,,S,excluded,,excluded_uncertain_g3_or_unmapped_grade,,,,
576,Bedaquiline,mmpS5,LoF,LoF,G3,,3) Uncertain significance,generic_lof,,primary,,excluded,,excluded_uncertain_g3_or_unmapped_grade,0,,,,,,excluded,,excluded_uncertain_g3_or_unmapped_grade,,,,
577,Bedaquiline,mmpS5,p.Ala133Thr,missense_variant,G3,,3) Uncertain significance,protein_substitution,,primary,,excluded,,excluded_uncertain_g3_or_unmapped_grade,2,FAILED|PENDING,,STRUCTURAL:FAILED::;STRUCTURAL:PENDING::,,,excluded,,excluded_uncertain_g3_or_unmapped_grade,,,,
578,Bedaquiline,mmpS5,p.Ala142Ser,missense_variant,G3,,3) Uncertain significance,protein_substitution,,primary,,excluded,,excluded_uncertain_g3_or_unmapped_grade,2,FAILED|PENDING,,STRUCTURAL:FAILED::;STRUCTURAL:PENDING::,,,excluded,,excluded_uncertain_g3_or_unmapped_grade,,,,
579,Bedaquiline,mmpS5,p.Ala45fs,frameshift,G3,,3) Uncertain significance,frameshift,,primary,,excluded,,excluded_uncertain_g3_or_unmapped_grade,0,,,,,,excluded,,excluded_uncertain_g3_or_unmapped_grade,,,,
580,Bedaquiline,mmpS5,p.Ala8Ser,missense_variant,G3,,3) Uncertain significance,protein_substitution,,primary,S,excluded,,excluded_uncertain_g3_or_unmapped_grade,2,LETHAL_SKIP|PENDING,EFFLUX_PUMP_COLLAPSE,STRUCTURAL:LETHAL_SKIP:SENSITIVE:EFFLUX_PUMP_COLLAPSE;STRUCTURAL:PENDING::,,S,excluded,,excluded_uncertain_g3_or_unmapped_grade,,,,
581,Bedaquiline,mmpS5,p.Ala8Val,missense_variant,G3,,3) Uncertain significance,protein_substitution,,primary,,excluded,,excluded_uncertain_g3_or_unmapped_grade,2,FAILED|PENDING,,STRUCTURAL:FAILED::;STRUCTURAL:PENDING::,,,excluded,,excluded_uncertain_g3_or_unmapped_grade,,,,
582,Bedaquiline,mmpS5,p.Arg29Cys,missense_variant,G3,,3) Uncertain significance,protein_substitution,,primary,S,excluded,,excluded_uncertain_g3_or_unmapped_grade,2,LETHAL_SKIP|PENDING,EFFLUX_PUMP_COLLAPSE,STRUCTURAL:LETHAL_SKIP:SENSITIVE:EFFLUX_PUMP_COLLAPSE;STRUCTURAL:PENDING::,,S,excluded,,excluded_uncertain_g3_or_unmapped_grade,,,,
583,Bedaquiline,mmpS5,p.Arg29Leu,missense_variant,G3,,3) Uncertain significance,protein_substitution,,primary,S,excluded,,excluded_uncertain_g3_or_unmapped_grade,2,LETHAL_SKIP|PENDING,EFFLUX_PUMP_COLLAPSE,STRUCTURAL:LETHAL_SKIP:SENSITIVE:EFFLUX_PUMP_COLLAPSE;STRUCTURAL:PENDING::,,S,excluded,,excluded_uncertain_g3_or_unmapped_grade,,,,
584,Bedaquiline,mmpS5,p.Asp119fs,frameshift,G3,,3) Uncertain significance,frameshift,,primary,,excluded,,excluded_uncertain_g3_or_unmapped_grade,0,,,,,,excluded,,excluded_uncertain_g3_or_unmapped_grade,,,,
585,Bedaquiline,mmpS5,p.Asp82Glu,missense_variant,G3,,3) Uncertain significance,protein_substitution,,primary,,excluded,,excluded_uncertain_g3_or_unmapped_grade,4,FAILED|PENDING,,STRUCTURAL:FAILED::;STRUCTURAL:FAILED::;STRUCTURAL:PENDING::;+1_more,,,excluded,,excluded_uncertain_g3_or_unmapped_grade,,,,
586,Bedaquiline,mmpS5,p.Cys114Ser,missense_variant,G3,,3) Uncertain significance,protein_substitution,,primary,S,excluded,,excluded_uncertain_g3_or_unmapped_grade,4,LETHAL_SKIP|PENDING,EFFLUX_PUMP_COLLAPSE,STRUCTURAL:LETHAL_SKIP:SENSITIVE:EFFLUX_PUMP_COLLAPSE;STRUCTURAL:LETHAL_SKIP:SENSITIVE:EFFLUX_PUMP_COLLAPSE;STRUCTURAL:PENDING::;+1_more,,S,excluded,,excluded_uncertain_g3_or_unmapped_grade,,,,
587,Bedaquiline,mmpS5,p.Glu59Lys,missense_variant,G3,,3) Uncertain significance,protein_substitution,,primary,,excluded,,excluded_uncertain_g3_or_unmapped_grade,2,FAILED|PENDING,,STRUCTURAL:FAILED::;STRUCTURAL:PENDING::,,,excluded,,excluded_uncertain_g3_or_unmapped_grade,,,,
588,Bedaquiline,mmpS5,p.Gly109Asp,missense_variant,G3,,3) Uncertain significance,protein_substitution,,primary,,excluded,,excluded_uncertain_g3_or_unmapped_grade,2,FAILED|PENDING,,STRUCTURAL:FAILED::;STRUCTURAL:PENDING::,,,excluded,,excluded_uncertain_g3_or_unmapped_grade,,,,
589,Bedaquiline,mmpS5,p.Gly109Ser,missense_variant,G3,,3) Uncertain significance,protein_substitution,,primary,,excluded,,excluded_uncertain_g3_or_unmapped_grade,2,FAILED|PENDING,,STRUCTURAL:FAILED::;STRUCTURAL:PENDING::,,,excluded,,excluded_uncertain_g3_or_unmapped_grade,,,,
590,Bedaquiline,mmpS5,p.Gly130Arg,missense_variant,G3,,3) Uncertain significance,protein_substitution,,primary,S,excluded,,excluded_uncertain_g3_or_unmapped_grade,2,LOSS_OF_FUNCTION|PENDING,EFFLUX_PUMP_COLLAPSE,STRUCTURAL:LOSS_OF_FUNCTION:SENSITIVE:EFFLUX_PUMP_COLLAPSE;STRUCTURAL:PENDING::,,S,excluded,,excluded_uncertain_g3_or_unmapped_grade,,,,
591,Bedaquiline,mmpS5,p.Gly130Asp,missense_variant,G3,,3) Uncertain significance,protein_substitution,,primary,,excluded,,excluded_uncertain_g3_or_unmapped_grade,2,FAILED|PENDING,,STRUCTURAL:FAILED::;STRUCTURAL:PENDING::,,,excluded,,excluded_uncertain_g3_or_unmapped_grade,,,,
592,Bedaquiline,mmpS5,p.Ile116Leu,missense_variant,G3,,3) Uncertain significance,protein_substitution,,primary,,excluded,,excluded_uncertain_g3_or_unmapped_grade,2,FAILED|PENDING,,STRUCTURAL:FAILED::;STRUCTURAL:PENDING::,,,excluded,,excluded_uncertain_g3_or_unmapped_grade,,,,
593,Bedaquiline,mmpS5,p.Ile14Thr,missense_variant,G3,,3) Uncertain significance,protein_substitution,,primary,S,excluded,,excluded_uncertain_g3_or_unmapped_grade,2,LOSS_OF_FUNCTION|PENDING,EFFLUX_PUMP_COLLAPSE,STRUCTURAL:LOSS_OF_FUNCTION:SENSITIVE:EFFLUX_PUMP_COLLAPSE;STRUCTURAL:PENDING::,,S,excluded,,excluded_uncertain_g3_or_unmapped_grade,,,,
594,Bedaquiline,mmpS5,p.Ile69Val,missense_variant,G3,,3) Uncertain significance,protein_substitution,,primary,,excluded,,excluded_uncertain_g3_or_unmapped_grade,2,FAILED|PENDING,,STRUCTURAL:FAILED::;STRUCTURAL:PENDING::,,,excluded,,excluded_uncertain_g3_or_unmapped_grade,,,,
595,Bedaquiline,mmpS5,p.Lys123fs,frameshift,G3,,3) Uncertain significance,frameshift,,primary,,excluded,,excluded_uncertain_g3_or_unmapped_grade,0,,,,,,excluded,,excluded_uncertain_g3_or_unmapped_grade,,,,
596,Bedaquiline,mmpS5,p.Lys42Arg,missense_variant,G3,,3) Uncertain significance,protein_substitution,,primary,,excluded,,excluded_uncertain_g3_or_unmapped_grade,2,FAILED|PENDING,,STRUCTURAL:FAILED::;STRUCTURAL:PENDING::,,,excluded,,excluded_uncertain_g3_or_unmapped_grade,,,,
597,Bedaquiline,mmpS5,p.Lys6Thr,missense_variant,G3,,3) Uncertain significance,protein_substitution,,primary,S,excluded,,excluded_uncertain_g3_or_unmapped_grade,2,LETHAL_SKIP|PENDING,EFFLUX_PUMP_COLLAPSE,STRUCTURAL:LETHAL_SKIP:SENSITIVE:EFFLUX_PUMP_COLLAPSE;STRUCTURAL:PENDING::,,S,excluded,,excluded_uncertain_g3_or_unmapped_grade,,,,
598,Bedaquiline,mmpS5,p.Pro101Arg,missense_variant,G3,,3) Uncertain significance,protein_substitution,,primary,S,excluded,,excluded_uncertain_g3_or_unmapped_grade,2,LETHAL_SKIP|PENDING,EFFLUX_PUMP_COLLAPSE,STRUCTURAL:LETHAL_SKIP:SENSITIVE:EFFLUX_PUMP_COLLAPSE;STRUCTURAL:PENDING::,,S,excluded,,excluded_uncertain_g3_or_unmapped_grade,,,,
599,Bedaquiline,mmpS5,p.Pro53Leu,missense_variant,G3,,3) Uncertain significance,protein_substitution,,primary,S,excluded,,excluded_uncertain_g3_or_unmapped_grade,2,LETHAL_SKIP|PENDING,EFFLUX_PUMP_COLLAPSE,STRUCTURAL:LETHAL_SKIP:SENSITIVE:EFFLUX_PUMP_COLLAPSE;STRUCTURAL:PENDING::,,S,excluded,,excluded_uncertain_g3_or_unmapped_grade,,,,
600,Bedaquiline,mmpS5,p.Pro78Leu,missense_variant,G3,,3) Uncertain significance,protein_substitution,,primary,S,excluded,,excluded_uncertain_g3_or_unmapped_grade,2,LOSS_OF_FUNCTION|PENDING,EFFLUX_PUMP_COLLAPSE,STRUCTURAL:LOSS_OF_FUNCTION:SENSITIVE:EFFLUX_PUMP_COLLAPSE;STRUCTURAL:PENDING::,,S,excluded,,excluded_uncertain_g3_or_unmapped_grade,,,,
601,Bedaquiline,mmpS5,p.Ser34Phe,missense_variant,G3,,3) Uncertain significance,protein_substitution,,primary,S,excluded,,excluded_uncertain_g3_or_unmapped_grade,2,LETHAL_SKIP|PENDING,EFFLUX_PUMP_COLLAPSE,STRUCTURAL:LETHAL_SKIP:SENSITIVE:EFFLUX_PUMP_COLLAPSE;STRUCTURAL:PENDING::,,S,excluded,,excluded_uncertain_g3_or_unmapped_grade,,,,
602,Bedaquiline,mmpS5,p.Ser98Pro,missense_variant,G3,,3) Uncertain significance,protein_substitution,,primary,,excluded,,excluded_uncertain_g3_or_unmapped_grade,2,FAILED|PENDING,ANALYSIS_FAILED,STRUCTURAL:FAILED:UNKNOWN:ANALYSIS_FAILED;STRUCTURAL:PENDING::,,,excluded,,excluded_uncertain_g3_or_unmapped_grade,,,,
603,Bedaquiline,mmpS5,p.Thr113Asn,missense_variant,G3,,3) Uncertain significance,protein_substitution,,primary,,excluded,,excluded_uncertain_g3_or_unmapped_grade,2,FAILED|PENDING,,STRUCTURAL:FAILED::;STRUCTURAL:PENDING::,,,excluded,,excluded_uncertain_g3_or_unmapped_grade,,,,
604,Bedaquiline,mmpS5,p.Thr24Ala,missense_variant,G3,,3) Uncertain significance,protein_substitution,,primary,,excluded,,excluded_uncertain_g3_or_unmapped_grade,2,FAILED|PENDING,,STRUCTURAL:FAILED::;STRUCTURAL:PENDING::,,,excluded,,excluded_uncertain_g3_or_unmapped_grade,,,,
605,Bedaquiline,mmpS5,p.Thr24Met,missense_variant,G3,,3) Uncertain significance,protein_substitution,,primary,,excluded,,excluded_uncertain_g3_or_unmapped_grade,2,FAILED|PENDING,,STRUCTURAL:FAILED::;STRUCTURAL:PENDING::,,,excluded,,excluded_uncertain_g3_or_unmapped_grade,,,,
606,Bedaquiline,mmpS5,p.Thr4Ile,missense_variant,G3,,3) Uncertain significance,protein_substitution,,primary,,excluded,,excluded_uncertain_g3_or_unmapped_grade,2,FAILED|PENDING,,STRUCTURAL:FAILED::;STRUCTURAL:PENDING::,,,excluded,,excluded_uncertain_g3_or_unmapped_grade,,,,
607,Bedaquiline,mmpS5,p.Thr4Pro,missense_variant,G3,,3) Uncertain significance,protein_substitution,,primary,,excluded,,excluded_uncertain_g3_or_unmapped_grade,2,FAILED|PENDING,,STRUCTURAL:FAILED::;STRUCTURAL:PENDING::,,,excluded,,excluded_uncertain_g3_or_unmapped_grade,,,,
608,Bedaquiline,mmpS5,p.Val131_Asp132insThrGlyVal,inframe_insertion,G3,,3) Uncertain significance,indel,,primary,,excluded,,excluded_uncertain_g3_or_unmapped_grade,0,,,,,,excluded,,excluded_uncertain_g3_or_unmapped_grade,,,,
609,Bedaquiline,mmpS5,p.Val55Met,missense_variant,G3,,3) Uncertain significance,protein_substitution,,primary,,excluded,,excluded_uncertain_g3_or_unmapped_grade,2,FAILED|PENDING,,STRUCTURAL:FAILED::;STRUCTURAL:PENDING::,,,excluded,,excluded_uncertain_g3_or_unmapped_grade,,,,
610,Bedaquiline,mmpS5,p.Val56Met,missense_variant,G3,,3) Uncertain significance,protein_substitution,,primary,,excluded,,excluded_uncertain_g3_or_unmapped_grade,2,FAILED|PENDING,,STRUCTURAL:FAILED::;STRUCTURAL:PENDING::,,,excluded,,excluded_uncertain_g3_or_unmapped_grade,,,,
611,Bedaquiline,mmpS5,p.Val67Gly,missense_variant,G3,,3) Uncertain significance,protein_substitution,,primary,,excluded,,excluded_uncertain_g3_or_unmapped_grade,2,FAILED|PENDING,,STRUCTURAL:FAILED::;STRUCTURAL:PENDING::,,,excluded,,excluded_uncertain_g3_or_unmapped_grade,,,,
612,Bedaquiline,mmpS5,p.Val67Ile,missense_variant,G3,,3) Uncertain significance,protein_substitution,,primary,,excluded,,excluded_uncertain_g3_or_unmapped_grade,2,FAILED|PENDING,,STRUCTURAL:FAILED::;STRUCTURAL:PENDING::,,,excluded,,excluded_uncertain_g3_or_unmapped_grade,,,,
613,Bedaquiline,mtrA,c.-108C>T,upstream_gene_variant,G3,,3) Uncertain significance,regulatory,,primary,R,excluded,,excluded_uncertain_g3_or_unmapped_grade,2,COMPLETED|PENDING,MTRAB_DEREGULATION,NEGATIVE:COMPLETED:RESISTANT:MTRAB_DEREGULATION;NEGATIVE:PENDING::,,R,excluded,,excluded_uncertain_g3_or_unmapped_grade,,,,
614,Bedaquiline,mtrA,c.-111C>G,upstream_gene_variant,G3,,3) Uncertain significance,regulatory,,primary,R,excluded,,excluded_uncertain_g3_or_unmapped_grade,2,COMPLETED|PENDING,MTRAB_DEREGULATION,NEGATIVE:COMPLETED:RESISTANT:MTRAB_DEREGULATION;NEGATIVE:PENDING::,,R,excluded,,excluded_uncertain_g3_or_unmapped_grade,,,,
615,Bedaquiline,mtrA,c.111C>T,synonymous_variant,G4,S,4) Not assoc w R - Interim,snv,true,primary,S,matched_final,true,,2,COMPLETED,SYNONYMOUS_NO_PROTEIN_CHANGE,NEGATIVE:COMPLETED:SENSITIVE:SYNONYMOUS_NO_PROTEIN_CHANGE;NEGATIVE:COMPLETED:SENSITIVE:SYNONYMOUS_NO_PROTEIN_CHANGE,true,S,matched_final,true,,direct_record_match,,,
616,Bedaquiline,mtrA,c.-114G>C,upstream_gene_variant,G3,,3) Uncertain significance,regulatory,,primary,R,excluded,,excluded_uncertain_g3_or_unmapped_grade,2,COMPLETED|PENDING,MTRAB_DEREGULATION,NEGATIVE:COMPLETED:RESISTANT:MTRAB_DEREGULATION;NEGATIVE:PENDING::,,R,excluded,,excluded_uncertain_g3_or_unmapped_grade,,,,
617,Bedaquiline,mtrA,c.-123G>A,upstream_gene_variant,G3,,3) Uncertain significance,regulatory,,primary,,excluded,,excluded_uncertain_g3_or_unmapped_grade,0,,,,,,excluded,,excluded_uncertain_g3_or_unmapped_grade,,,,
618,Bedaquiline,mtrA,c.126G>A,synonymous_variant,G4,S,4) Not assoc w R - Interim,snv,true,primary,S,matched_final,true,,2,COMPLETED,SYNONYMOUS_NO_PROTEIN_CHANGE,NEGATIVE:COMPLETED:SENSITIVE:SYNONYMOUS_NO_PROTEIN_CHANGE;NEGATIVE:COMPLETED:SENSITIVE:SYNONYMOUS_NO_PROTEIN_CHANGE,true,S,matched_final,true,,direct_record_match,,,
619,Bedaquiline,mtrA,c.-129G>C,upstream_gene_variant,G3,,3) Uncertain significance,regulatory,,primary,,excluded,,excluded_uncertain_g3_or_unmapped_grade,0,,,,,,excluded,,excluded_uncertain_g3_or_unmapped_grade,,,,
620,Bedaquiline,mtrA,c.-145G>A,upstream_gene_variant,G3,,3) Uncertain significance,regulatory,,primary,,excluded,,excluded_uncertain_g3_or_unmapped_grade,0,,,,,,excluded,,excluded_uncertain_g3_or_unmapped_grade,,,,
621,Bedaquiline,mtrA,c.-14G>A,upstream_gene_variant,G3,,3) Uncertain significance,regulatory,,primary,R,excluded,,excluded_uncertain_g3_or_unmapped_grade,6,COMPLETED|PENDING,MTRAB_DEREGULATION,NEGATIVE:COMPLETED:RESISTANT:MTRAB_DEREGULATION;NEGATIVE:PENDING::;NEGATIVE:COMPLETED:RESISTANT:MTRAB_DEREGULATION;+3_more,,R,excluded,,excluded_uncertain_g3_or_unmapped_grade,,,,
622,Bedaquiline,mtrA,c.-153G>A,upstream_gene_variant,G3,,3) Uncertain significance,regulatory,,primary,,excluded,,excluded_uncertain_g3_or_unmapped_grade,0,,,,,,excluded,,excluded_uncertain_g3_or_unmapped_grade,,,,
623,Bedaquiline,mtrA,c.-158G>C,upstream_gene_variant,G3,,3) Uncertain significance,regulatory,,primary,,excluded,,excluded_uncertain_g3_or_unmapped_grade,0,,,,,,excluded,,excluded_uncertain_g3_or_unmapped_grade,,,,
624,Bedaquiline,mtrA,c.-162C>G,upstream_gene_variant,G3,,3) Uncertain significance,regulatory,,primary,,excluded,,excluded_uncertain_g3_or_unmapped_grade,0,,,,,,excluded,,excluded_uncertain_g3_or_unmapped_grade,,,,
625,Bedaquiline,mtrA,c.-173A>C,upstream_gene_variant,G3,,3) Uncertain significance,regulatory,,primary,,excluded,,excluded_uncertain_g3_or_unmapped_grade,0,,,,,,excluded,,excluded_uncertain_g3_or_unmapped_grade,,,,
626,Bedaquiline,mtrA,c.-184G>A,upstream_gene_variant,G3,,3) Uncertain significance,regulatory,,primary,,excluded,,excluded_uncertain_g3_or_unmapped_grade,0,,,,,,excluded,,excluded_uncertain_g3_or_unmapped_grade,,,,
627,Bedaquiline,mtrA,c.-204C>T,upstream_gene_variant,G3,,3) Uncertain significance,regulatory,,primary,,excluded,,excluded_uncertain_g3_or_unmapped_grade,0,,,,,,excluded,,excluded_uncertain_g3_or_unmapped_grade,,,,
628,Bedaquiline,mtrA,c.-20delT,upstream_gene_variant,G3,,3) Uncertain significance,regulatory,,primary,,excluded,,excluded_uncertain_g3_or_unmapped_grade,0,,,,,,excluded,,excluded_uncertain_g3_or_unmapped_grade,,,,
629,Bedaquiline,mtrA,c.-211C>T,upstream_gene_variant,G3,,3) Uncertain significance,regulatory,,primary,,excluded,,excluded_uncertain_g3_or_unmapped_grade,0,,,,,,excluded,,excluded_uncertain_g3_or_unmapped_grade,,,,
630,Bedaquiline,mtrA,c.21G>A,synonymous_variant,G4,S,4) Not assoc w R - Interim,snv,true,primary,S,matched_final,true,,2,COMPLETED,SYNONYMOUS_NO_PROTEIN_CHANGE,NEGATIVE:COMPLETED:SENSITIVE:SYNONYMOUS_NO_PROTEIN_CHANGE;NEGATIVE:COMPLETED:SENSITIVE:SYNONYMOUS_NO_PROTEIN_CHANGE,true,S,matched_final,true,,direct_record_match,,,
631,Bedaquiline,mtrA,c.240G>A,synonymous_variant,G4,S,4) Not assoc w R - Interim,snv,true,primary,S,matched_final,true,,2,COMPLETED,SYNONYMOUS_NO_PROTEIN_CHANGE,NEGATIVE:COMPLETED:SENSITIVE:SYNONYMOUS_NO_PROTEIN_CHANGE;NEGATIVE:COMPLETED:SENSITIVE:SYNONYMOUS_NO_PROTEIN_CHANGE,true,S,matched_final,true,,direct_record_match,,,
632,Bedaquiline,mtrA,c.-245A>C,upstream_gene_variant,G3,,3) Uncertain significance,regulatory,,primary,,excluded,,excluded_uncertain_g3_or_unmapped_grade,0,,,,,,excluded,,excluded_uncertain_g3_or_unmapped_grade,,,,
633,Bedaquiline,mtrA,c.-246G>A,upstream_gene_variant,G3,,3) Uncertain significance,regulatory,,primary,,excluded,,excluded_uncertain_g3_or_unmapped_grade,0,,,,,,excluded,,excluded_uncertain_g3_or_unmapped_grade,,,,
634,Bedaquiline,mtrA,c.249C>T,synonymous_variant,G4,S,4) Not assoc w R - Interim,snv,true,primary,S,matched_final,true,,2,COMPLETED,SYNONYMOUS_NO_PROTEIN_CHANGE,NEGATIVE:COMPLETED:SENSITIVE:SYNONYMOUS_NO_PROTEIN_CHANGE;NEGATIVE:COMPLETED:SENSITIVE:SYNONYMOUS_NO_PROTEIN_CHANGE,true,S,matched_final,true,,direct_record_match,,,
635,Bedaquiline,mtrA,c.-250G>A,upstream_gene_variant,G3,,3) Uncertain significance,regulatory,,primary,,excluded,,excluded_uncertain_g3_or_unmapped_grade,0,,,,,,excluded,,excluded_uncertain_g3_or_unmapped_grade,,,,
636,Bedaquiline,mtrA,c.-253C>G,upstream_gene_variant,G3,,3) Uncertain significance,regulatory,,primary,,excluded,,excluded_uncertain_g3_or_unmapped_grade,0,,,,,,excluded,,excluded_uncertain_g3_or_unmapped_grade,,,,
637,Bedaquiline,mtrA,c.-253C>T,upstream_gene_variant,G3,,3) Uncertain significance,regulatory,,primary,,excluded,,excluded_uncertain_g3_or_unmapped_grade,0,,,,,,excluded,,excluded_uncertain_g3_or_unmapped_grade,,,,
638,Bedaquiline,mtrA,c.-260G>A,upstream_gene_variant,G3,,3) Uncertain significance,regulatory,,primary,,excluded,,excluded_uncertain_g3_or_unmapped_grade,0,,,,,,excluded,,excluded_uncertain_g3_or_unmapped_grade,,,,
639,Bedaquiline,mtrA,c.-269G>A,upstream_gene_variant,G3,,3) Uncertain significance,regulatory,,primary,,excluded,,excluded_uncertain_g3_or_unmapped_grade,0,,,,,,excluded,,excluded_uncertain_g3_or_unmapped_grade,,,,
640,Bedaquiline,mtrA,c.-274G>A,upstream_gene_variant,G3,,3) Uncertain significance,regulatory,,primary,,excluded,,excluded_uncertain_g3_or_unmapped_grade,0,,,,,,excluded,,excluded_uncertain_g3_or_unmapped_grade,,,,
641,Bedaquiline,mtrA,c.277C>T,synonymous_variant,G4,S,4) Not assoc w R - Interim,snv,true,primary,S,matched_final,true,,2,COMPLETED,SYNONYMOUS_NO_PROTEIN_CHANGE,NEGATIVE:COMPLETED:SENSITIVE:SYNONYMOUS_NO_PROTEIN_CHANGE;NEGATIVE:COMPLETED:SENSITIVE:SYNONYMOUS_NO_PROTEIN_CHANGE,true,S,matched_final,true,,direct_record_match,,,
642,Bedaquiline,mtrA,c.-277C>T,upstream_gene_variant,G3,,3) Uncertain significance,regulatory,,primary,,excluded,,excluded_uncertain_g3_or_unmapped_grade,0,,,,,,excluded,,excluded_uncertain_g3_or_unmapped_grade,,,,
643,Bedaquiline,mtrA,c.-290C>T,upstream_gene_variant,G3,,3) Uncertain significance,regulatory,,primary,,excluded,,excluded_uncertain_g3_or_unmapped_grade,0,,,,,,excluded,,excluded_uncertain_g3_or_unmapped_grade,,,,
644,Bedaquiline,mtrA,c.-306G>C,upstream_gene_variant,G3,,3) Uncertain significance,regulatory,,primary,,excluded,,excluded_uncertain_g3_or_unmapped_grade,0,,,,,,excluded,,excluded_uncertain_g3_or_unmapped_grade,,,,
645,Bedaquiline,mtrA,c.-312T>C,upstream_gene_variant,G3,,3) Uncertain significance,regulatory,,primary,,excluded,,excluded_uncertain_g3_or_unmapped_grade,0,,,,,,excluded,,excluded_uncertain_g3_or_unmapped_grade,,,,
646,Bedaquiline,mtrA,c.321C>T,synonymous_variant,G4,S,4) Not assoc w R - Interim,snv,true,primary,S,matched_final,true,,2,COMPLETED,SYNONYMOUS_NO_PROTEIN_CHANGE,NEGATIVE:COMPLETED:SENSITIVE:SYNONYMOUS_NO_PROTEIN_CHANGE;NEGATIVE:COMPLETED:SENSITIVE:SYNONYMOUS_NO_PROTEIN_CHANGE,true,S,matched_final,true,,direct_record_match,,,
647,Bedaquiline,mtrA,c.-322C>T,upstream_gene_variant,G3,,3) Uncertain significance,regulatory,,primary,,excluded,,excluded_uncertain_g3_or_unmapped_grade,0,,,,,,excluded,,excluded_uncertain_g3_or_unmapped_grade,,,,
648,Bedaquiline,mtrA,c.324G>A,synonymous_variant,G4,S,4) Not assoc w R - Interim,snv,true,primary,S,matched_final,true,,2,COMPLETED,SYNONYMOUS_NO_PROTEIN_CHANGE,NEGATIVE:COMPLETED:SENSITIVE:SYNONYMOUS_NO_PROTEIN_CHANGE;NEGATIVE:COMPLETED:SENSITIVE:SYNONYMOUS_NO_PROTEIN_CHANGE,true,S,matched_final,true,,direct_record_match,,,
649,Bedaquiline,mtrA,c.330G>A,synonymous_variant,G4,S,4) Not assoc w R - Interim,snv,true,primary,S,matched_final,true,,2,COMPLETED,SYNONYMOUS_NO_PROTEIN_CHANGE,NEGATIVE:COMPLETED:SENSITIVE:SYNONYMOUS_NO_PROTEIN_CHANGE;NEGATIVE:COMPLETED:SENSITIVE:SYNONYMOUS_NO_PROTEIN_CHANGE,true,S,matched_final,true,,direct_record_match,,,
650,Bedaquiline,mtrA,c.-34_-33delTG,upstream_gene_variant,G3,,3) Uncertain significance,regulatory,,primary,,excluded,,excluded_uncertain_g3_or_unmapped_grade,0,,,,,,excluded,,excluded_uncertain_g3_or_unmapped_grade,,,,
651,Bedaquiline,mtrA,c.-341T>A,upstream_gene_variant,G3,,3) Uncertain significance,regulatory,,primary,,excluded,,excluded_uncertain_g3_or_unmapped_grade,0,,,,,,excluded,,excluded_uncertain_g3_or_unmapped_grade,,,,
652,Bedaquiline,mtrA,c.-343A>G,upstream_gene_variant,G3,,3) Uncertain significance,regulatory,,primary,,excluded,,excluded_uncertain_g3_or_unmapped_grade,0,,,,,,excluded,,excluded_uncertain_g3_or_unmapped_grade,,,,
653,Bedaquiline,mtrA,c.-35G>A,upstream_gene_variant,G3,,3) Uncertain significance,regulatory,,primary,R,excluded,,excluded_uncertain_g3_or_unmapped_grade,6,COMPLETED|PENDING,MTRAB_DEREGULATION,NEGATIVE:COMPLETED:RESISTANT:MTRAB_DEREGULATION;NEGATIVE:PENDING::;NEGATIVE:COMPLETED:RESISTANT:MTRAB_DEREGULATION;+3_more,,R,excluded,,excluded_uncertain_g3_or_unmapped_grade,,,,
654,Bedaquiline,mtrA,c.-36T>G,upstream_gene_variant,G3,,3) Uncertain significance,regulatory,,primary,R,excluded,,excluded_uncertain_g3_or_unmapped_grade,6,COMPLETED|PENDING,MTRAB_DEREGULATION,NEGATIVE:COMPLETED:RESISTANT:MTRAB_DEREGULATION;NEGATIVE:PENDING::;NEGATIVE:COMPLETED:RESISTANT:MTRAB_DEREGULATION;+3_more,,R,excluded,,excluded_uncertain_g3_or_unmapped_grade,,,,
655,Bedaquiline,mtrA,c.-370G>A,upstream_gene_variant,G3,,3) Uncertain significance,regulatory,,primary,,excluded,,excluded_uncertain_g3_or_unmapped_grade,0,,,,,,excluded,,excluded_uncertain_g3_or_unmapped_grade,,,,
656,Bedaquiline,mtrA,c.381C>T,synonymous_variant,G4,S,4) Not assoc w R - Interim,snv,true,primary,S,matched_final,true,,2,COMPLETED,SYNONYMOUS_NO_PROTEIN_CHANGE,NEGATIVE:COMPLETED:SENSITIVE:SYNONYMOUS_NO_PROTEIN_CHANGE;NEGATIVE:COMPLETED:SENSITIVE:SYNONYMOUS_NO_PROTEIN_CHANGE,true,S,matched_final,true,,direct_record_match,,,
657,Bedaquiline,mtrA,c.39C>T,synonymous_variant,G4,S,4) Not assoc w R - Interim,snv,true,primary,S,matched_final,true,,2,COMPLETED,SYNONYMOUS_NO_PROTEIN_CHANGE,NEGATIVE:COMPLETED:SENSITIVE:SYNONYMOUS_NO_PROTEIN_CHANGE;NEGATIVE:COMPLETED:SENSITIVE:SYNONYMOUS_NO_PROTEIN_CHANGE,true,S,matched_final,true,,direct_record_match,,,
658,Bedaquiline,mtrA,c.-39C>T,upstream_gene_variant,G3,,3) Uncertain significance,regulatory,,primary,R,excluded,,excluded_uncertain_g3_or_unmapped_grade,6,COMPLETED|PENDING,MTRAB_DEREGULATION,NEGATIVE:COMPLETED:RESISTANT:MTRAB_DEREGULATION;NEGATIVE:PENDING::;NEGATIVE:COMPLETED:RESISTANT:MTRAB_DEREGULATION;+3_more,,R,excluded,,excluded_uncertain_g3_or_unmapped_grade,,,,
659,Bedaquiline,mtrA,c.-40C>T,upstream_gene_variant,G3,,3) Uncertain significance,regulatory,,primary,R,excluded,,excluded_uncertain_g3_or_unmapped_grade,6,COMPLETED|PENDING,MTRAB_DEREGULATION,NEGATIVE:COMPLETED:RESISTANT:MTRAB_DEREGULATION;NEGATIVE:PENDING::;NEGATIVE:COMPLETED:RESISTANT:MTRAB_DEREGULATION;+3_more,,R,excluded,,excluded_uncertain_g3_or_unmapped_grade,,,,
660,Bedaquiline,mtrA,c.432G>A,synonymous_variant,G4,S,4) Not assoc w R - Interim,snv,true,primary,S,matched_final,true,,2,COMPLETED,SYNONYMOUS_NO_PROTEIN_CHANGE,NEGATIVE:COMPLETED:SENSITIVE:SYNONYMOUS_NO_PROTEIN_CHANGE;NEGATIVE:COMPLETED:SENSITIVE:SYNONYMOUS_NO_PROTEIN_CHANGE,true,S,matched_final,true,,direct_record_match,,,
661,Bedaquiline,mtrA,c.441C>T,synonymous_variant,G4,S,4) Not assoc w R - Interim,snv,true,primary,S,matched_final,true,,2,COMPLETED,SYNONYMOUS_NO_PROTEIN_CHANGE,NEGATIVE:COMPLETED:SENSITIVE:SYNONYMOUS_NO_PROTEIN_CHANGE;NEGATIVE:COMPLETED:SENSITIVE:SYNONYMOUS_NO_PROTEIN_CHANGE,true,S,matched_final,true,,direct_record_match,,,
662,Bedaquiline,mtrA,c.468G>C,synonymous_variant,G4,S,4) Not assoc w R - Interim,snv,true,primary,S,matched_final,true,,2,COMPLETED,SYNONYMOUS_NO_PROTEIN_CHANGE,NEGATIVE:COMPLETED:SENSITIVE:SYNONYMOUS_NO_PROTEIN_CHANGE;NEGATIVE:COMPLETED:SENSITIVE:SYNONYMOUS_NO_PROTEIN_CHANGE,true,S,matched_final,true,,direct_record_match,,,
663,Bedaquiline,mtrA,c.477C>T,synonymous_variant,G4,S,4) Not assoc w R - Interim,snv,true,primary,S,matched_final,true,,2,COMPLETED,SYNONYMOUS_NO_PROTEIN_CHANGE,NEGATIVE:COMPLETED:SENSITIVE:SYNONYMOUS_NO_PROTEIN_CHANGE;NEGATIVE:COMPLETED:SENSITIVE:SYNONYMOUS_NO_PROTEIN_CHANGE,true,S,matched_final,true,,direct_record_match,,,
664,Bedaquiline,mtrA,c.480C>T,synonymous_variant,G4,S,4) Not assoc w R - Interim,snv,true,primary,S,matched_final,true,,2,COMPLETED,SYNONYMOUS_NO_PROTEIN_CHANGE,NEGATIVE:COMPLETED:SENSITIVE:SYNONYMOUS_NO_PROTEIN_CHANGE;NEGATIVE:COMPLETED:SENSITIVE:SYNONYMOUS_NO_PROTEIN_CHANGE,true,S,matched_final,true,,direct_record_match,,,
665,Bedaquiline,mtrA,c.489C>A,synonymous_variant,G4,S,4) Not assoc w R - Interim,snv,true,primary,S,matched_final,true,,2,COMPLETED,SYNONYMOUS_NO_PROTEIN_CHANGE,NEGATIVE:COMPLETED:SENSITIVE:SYNONYMOUS_NO_PROTEIN_CHANGE;NEGATIVE:COMPLETED:SENSITIVE:SYNONYMOUS_NO_PROTEIN_CHANGE,true,S,matched_final,true,,direct_record_match,,,
666,Bedaquiline,mtrA,c.525T>C,synonymous_variant,G4,S,4) Not assoc w R - Interim,snv,true,primary,S,matched_final,true,,2,COMPLETED,SYNONYMOUS_NO_PROTEIN_CHANGE,NEGATIVE:COMPLETED:SENSITIVE:SYNONYMOUS_NO_PROTEIN_CHANGE;NEGATIVE:COMPLETED:SENSITIVE:SYNONYMOUS_NO_PROTEIN_CHANGE,true,S,matched_final,true,,direct_record_match,,,
667,Bedaquiline,mtrA,c.534G>A,synonymous_variant,G4,S,4) Not assoc w R - Interim,snv,true,primary,S,matched_final,true,,2,COMPLETED,SYNONYMOUS_NO_PROTEIN_CHANGE,NEGATIVE:COMPLETED:SENSITIVE:SYNONYMOUS_NO_PROTEIN_CHANGE;NEGATIVE:COMPLETED:SENSITIVE:SYNONYMOUS_NO_PROTEIN_CHANGE,true,S,matched_final,true,,direct_record_match,,,
668,Bedaquiline,mtrA,c.576G>A,synonymous_variant,G4,S,4) Not assoc w R - Interim,snv,true,primary,S,matched_final,true,,2,COMPLETED,SYNONYMOUS_NO_PROTEIN_CHANGE,NEGATIVE:COMPLETED:SENSITIVE:SYNONYMOUS_NO_PROTEIN_CHANGE;NEGATIVE:COMPLETED:SENSITIVE:SYNONYMOUS_NO_PROTEIN_CHANGE,true,S,matched_final,true,,direct_record_match,,,
669,Bedaquiline,mtrA,c.57G>A,synonymous_variant,G4,S,4) Not assoc w R - Interim,snv,true,primary,S,matched_final,true,,2,COMPLETED,SYNONYMOUS_NO_PROTEIN_CHANGE,NEGATIVE:COMPLETED:SENSITIVE:SYNONYMOUS_NO_PROTEIN_CHANGE;NEGATIVE:COMPLETED:SENSITIVE:SYNONYMOUS_NO_PROTEIN_CHANGE,true,S,matched_final,true,,direct_record_match,,,
670,Bedaquiline,mtrA,c.-57T>G,upstream_gene_variant,G3,,3) Uncertain significance,regulatory,,primary,R,excluded,,excluded_uncertain_g3_or_unmapped_grade,6,COMPLETED|PENDING,MTRAB_DEREGULATION,NEGATIVE:COMPLETED:RESISTANT:MTRAB_DEREGULATION;NEGATIVE:PENDING::;NEGATIVE:COMPLETED:RESISTANT:MTRAB_DEREGULATION;+3_more,,R,excluded,,excluded_uncertain_g3_or_unmapped_grade,,,,
671,Bedaquiline,mtrA,c.594C>A,synonymous_variant,G4,S,4) Not assoc w R - Interim,snv,true,primary,S,matched_final,true,,2,COMPLETED,SYNONYMOUS_NO_PROTEIN_CHANGE,NEGATIVE:COMPLETED:SENSITIVE:SYNONYMOUS_NO_PROTEIN_CHANGE;NEGATIVE:COMPLETED:SENSITIVE:SYNONYMOUS_NO_PROTEIN_CHANGE,true,S,matched_final,true,,direct_record_match,,,
672,Bedaquiline,mtrA,c.601C>T,synonymous_variant,G4,S,4) Not assoc w R - Interim,snv,true,primary,S,matched_final,true,,2,COMPLETED,SYNONYMOUS_NO_PROTEIN_CHANGE,NEGATIVE:COMPLETED:SENSITIVE:SYNONYMOUS_NO_PROTEIN_CHANGE;NEGATIVE:COMPLETED:SENSITIVE:SYNONYMOUS_NO_PROTEIN_CHANGE,true,S,matched_final,true,,direct_record_match,,,
673,Bedaquiline,mtrA,c.-60C>T,upstream_gene_variant,G3,,3) Uncertain significance,regulatory,,primary,R,excluded,,excluded_uncertain_g3_or_unmapped_grade,6,COMPLETED|PENDING,MTRAB_DEREGULATION,NEGATIVE:COMPLETED:RESISTANT:MTRAB_DEREGULATION;NEGATIVE:PENDING::;NEGATIVE:COMPLETED:RESISTANT:MTRAB_DEREGULATION;+3_more,,R,excluded,,excluded_uncertain_g3_or_unmapped_grade,,,,
674,Bedaquiline,mtrA,c.-61G>A,upstream_gene_variant,G3,,3) Uncertain significance,regulatory,,primary,R,excluded,,excluded_uncertain_g3_or_unmapped_grade,6,COMPLETED|PENDING,MTRAB_DEREGULATION,NEGATIVE:COMPLETED:RESISTANT:MTRAB_DEREGULATION;NEGATIVE:PENDING::;NEGATIVE:COMPLETED:RESISTANT:MTRAB_DEREGULATION;+3_more,,R,excluded,,excluded_uncertain_g3_or_unmapped_grade,,,,
675,Bedaquiline,mtrA,c.651C>T,synonymous_variant,G4,S,4) Not assoc w R - Interim,snv,true,primary,S,matched_final,true,,2,COMPLETED,SYNONYMOUS_NO_PROTEIN_CHANGE,NEGATIVE:COMPLETED:SENSITIVE:SYNONYMOUS_NO_PROTEIN_CHANGE;NEGATIVE:COMPLETED:SENSITIVE:SYNONYMOUS_NO_PROTEIN_CHANGE,true,S,matched_final,true,,direct_record_match,,,
676,Bedaquiline,mtrA,c.-67G>A,upstream_gene_variant,G3,,3) Uncertain significance,regulatory,,primary,R,excluded,,excluded_uncertain_g3_or_unmapped_grade,6,COMPLETED|PENDING,MTRAB_DEREGULATION,NEGATIVE:COMPLETED:RESISTANT:MTRAB_DEREGULATION;NEGATIVE:PENDING::;NEGATIVE:COMPLETED:RESISTANT:MTRAB_DEREGULATION;+3_more,,R,excluded,,excluded_uncertain_g3_or_unmapped_grade,,,,
677,Bedaquiline,mtrA,c.-69G>C,upstream_gene_variant,G3,,3) Uncertain significance,regulatory,,primary,R,excluded,,excluded_uncertain_g3_or_unmapped_grade,6,COMPLETED|PENDING,MTRAB_DEREGULATION,NEGATIVE:COMPLETED:RESISTANT:MTRAB_DEREGULATION;NEGATIVE:PENDING::;NEGATIVE:COMPLETED:RESISTANT:MTRAB_DEREGULATION;+3_more,,R,excluded,,excluded_uncertain_g3_or_unmapped_grade,,,,
678,Bedaquiline,mtrA,c.-80T>C,upstream_gene_variant,G3,,3) Uncertain significance,regulatory,,primary,R,excluded,,excluded_uncertain_g3_or_unmapped_grade,6,COMPLETED|PENDING,MTRAB_DEREGULATION,NEGATIVE:COMPLETED:RESISTANT:MTRAB_DEREGULATION;NEGATIVE:PENDING::;NEGATIVE:COMPLETED:RESISTANT:MTRAB_DEREGULATION;+3_more,,R,excluded,,excluded_uncertain_g3_or_unmapped_grade,,,,
679,Bedaquiline,mtrA,c.81G>A,synonymous_variant,G4,S,4) Not assoc w R - Interim,snv,true,primary,S,matched_final,true,,2,COMPLETED,SYNONYMOUS_NO_PROTEIN_CHANGE,NEGATIVE:COMPLETED:SENSITIVE:SYNONYMOUS_NO_PROTEIN_CHANGE;NEGATIVE:COMPLETED:SENSITIVE:SYNONYMOUS_NO_PROTEIN_CHANGE,true,S,matched_final,true,,direct_record_match,,,
680,Bedaquiline,mtrA,c.-82C>A,upstream_gene_variant,G3,,3) Uncertain significance,regulatory,,primary,R,excluded,,excluded_uncertain_g3_or_unmapped_grade,4,COMPLETED|PENDING,MTRAB_DEREGULATION,NEGATIVE:COMPLETED:RESISTANT:MTRAB_DEREGULATION;NEGATIVE:PENDING::;NEGATIVE:COMPLETED:RESISTANT:MTRAB_DEREGULATION;+1_more,,R,excluded,,excluded_uncertain_g3_or_unmapped_grade,,,,
681,Bedaquiline,mtrA,c.-83A>G,upstream_gene_variant,G3,,3) Uncertain significance,regulatory,,primary,R,excluded,,excluded_uncertain_g3_or_unmapped_grade,4,COMPLETED|PENDING,MTRAB_DEREGULATION,NEGATIVE:COMPLETED:RESISTANT:MTRAB_DEREGULATION;NEGATIVE:PENDING::;NEGATIVE:COMPLETED:RESISTANT:MTRAB_DEREGULATION;+1_more,,R,excluded,,excluded_uncertain_g3_or_unmapped_grade,,,,
682,Bedaquiline,mtrA,p.Ala134Val,missense_variant,G3,,3) Uncertain significance,protein_substitution,,primary,R,excluded,,excluded_uncertain_g3_or_unmapped_grade,2,LOSS_OF_FUNCTION|PENDING,MTRAB_DEREGULATION,NEGATIVE:LOSS_OF_FUNCTION:RESISTANT:MTRAB_DEREGULATION;NEGATIVE:PENDING::,,R,excluded,,excluded_uncertain_g3_or_unmapped_grade,,,,
683,Bedaquiline,mtrA,p.Ala225Val,missense_variant,G3,,3) Uncertain significance,protein_substitution,,primary,,excluded,,excluded_uncertain_g3_or_unmapped_grade,2,FAILED|PENDING,ANALYSIS_FAILED,NEGATIVE:FAILED:UNKNOWN:ANALYSIS_FAILED;NEGATIVE:PENDING::,,,excluded,,excluded_uncertain_g3_or_unmapped_grade,,,,
684,Bedaquiline,mtrA,p.Ala44Ser,missense_variant,G3,,3) Uncertain significance,protein_substitution,,primary,,excluded,,excluded_uncertain_g3_or_unmapped_grade,2,FAILED|PENDING,ANALYSIS_FAILED,NEGATIVE:FAILED:UNKNOWN:ANALYSIS_FAILED;NEGATIVE:PENDING::,,,excluded,,excluded_uncertain_g3_or_unmapped_grade,,,,
685,Bedaquiline,mtrA,p.Arg5Lys,missense_variant,G3,,3) Uncertain significance,protein_substitution,,primary,,excluded,,excluded_uncertain_g3_or_unmapped_grade,2,FAILED|PENDING,,NEGATIVE:FAILED::;NEGATIVE:PENDING::,,,excluded,,excluded_uncertain_g3_or_unmapped_grade,,,,
686,Bedaquiline,mtrA,p.Arg5Thr,missense_variant,G3,,3) Uncertain significance,protein_substitution,,primary,,excluded,,excluded_uncertain_g3_or_unmapped_grade,2,FAILED|PENDING,,NEGATIVE:FAILED::;NEGATIVE:PENDING::,,,excluded,,excluded_uncertain_g3_or_unmapped_grade,,,,
687,Bedaquiline,mtrA,p.Glu129Asp,missense_variant,G3,,3) Uncertain significance,protein_substitution,,primary,R,excluded,,excluded_uncertain_g3_or_unmapped_grade,4,FAILED|LOSS_OF_FUNCTION|PENDING,ANALYSIS_FAILED|MTRAB_DEREGULATION,NEGATIVE:FAILED:UNKNOWN:ANALYSIS_FAILED;NEGATIVE:LOSS_OF_FUNCTION:RESISTANT:MTRAB_DEREGULATION;NEGATIVE:PENDING::;+1_more,,R,excluded,,excluded_uncertain_g3_or_unmapped_grade,,,,
688,Bedaquiline,mtrA,p.Glu47Gly,missense_variant,G3,,3) Uncertain significance,protein_substitution,,primary,,excluded,,excluded_uncertain_g3_or_unmapped_grade,2,FAILED|PENDING,ANALYSIS_FAILED,NEGATIVE:FAILED:UNKNOWN:ANALYSIS_FAILED;NEGATIVE:PENDING::,,,excluded,,excluded_uncertain_g3_or_unmapped_grade,,,,
689,Bedaquiline,mtrA,p.Leu165Met,missense_variant,G3,,3) Uncertain significance,protein_substitution,,primary,,excluded,,excluded_uncertain_g3_or_unmapped_grade,2,FAILED|PENDING,ANALYSIS_FAILED,NEGATIVE:FAILED:UNKNOWN:ANALYSIS_FAILED;NEGATIVE:PENDING::,,,excluded,,excluded_uncertain_g3_or_unmapped_grade,,,,
690,Bedaquiline,mtrA,p.Pro188Ala,missense_variant,G3,,3) Uncertain significance,protein_substitution,,primary,,excluded,,excluded_uncertain_g3_or_unmapped_grade,2,FAILED|PENDING,,NEGATIVE:FAILED::;NEGATIVE:PENDING::,,,excluded,,excluded_uncertain_g3_or_unmapped_grade,,,,
691,Bedaquiline,mtrA,p.Pro50Ala,missense_variant,G3,,3) Uncertain significance,protein_substitution,,primary,R,excluded,,excluded_uncertain_g3_or_unmapped_grade,2,LOSS_OF_FUNCTION|PENDING,MTRAB_DEREGULATION,NEGATIVE:LOSS_OF_FUNCTION:RESISTANT:MTRAB_DEREGULATION;NEGATIVE:PENDING::,,R,excluded,,excluded_uncertain_g3_or_unmapped_grade,,,,
692,Bedaquiline,mtrA,p.Ser153Pro,missense_variant,G3,,3) Uncertain significance,protein_substitution,,primary,,excluded,,excluded_uncertain_g3_or_unmapped_grade,2,FAILED|PENDING,ANALYSIS_FAILED,NEGATIVE:FAILED:UNKNOWN:ANALYSIS_FAILED;NEGATIVE:PENDING::,,,excluded,,excluded_uncertain_g3_or_unmapped_grade,,,,
693,Bedaquiline,mtrA,p.Val140Leu,missense_variant,G3,,3) Uncertain significance,protein_substitution,,primary,R,excluded,,excluded_uncertain_g3_or_unmapped_grade,4,LOSS_OF_FUNCTION|PENDING,MTRAB_DEREGULATION,NEGATIVE:LOSS_OF_FUNCTION:RESISTANT:MTRAB_DEREGULATION;NEGATIVE:LOSS_OF_FUNCTION:RESISTANT:MTRAB_DEREGULATION;NEGATIVE:PENDING::;+1_more,,R,excluded,,excluded_uncertain_g3_or_unmapped_grade,,,,
694,Bedaquiline,mtrA,p.Val205Ile,missense_variant,G3,,3) Uncertain significance,protein_substitution,,primary,,excluded,,excluded_uncertain_g3_or_unmapped_grade,2,FAILED|PENDING,ANALYSIS_FAILED,NEGATIVE:FAILED:UNKNOWN:ANALYSIS_FAILED;NEGATIVE:PENDING::,,,excluded,,excluded_uncertain_g3_or_unmapped_grade,,,,
695,Bedaquiline,mtrB,c.1033C>A,synonymous_variant,G4,S,4) Not assoc w R - Interim,snv,true,primary,S,matched_final,true,,2,COMPLETED,SYNONYMOUS_NO_PROTEIN_CHANGE,NEGATIVE:COMPLETED:SENSITIVE:SYNONYMOUS_NO_PROTEIN_CHANGE;NEGATIVE:COMPLETED:SENSITIVE:SYNONYMOUS_NO_PROTEIN_CHANGE,true,S,matched_final,true,,direct_record_match,,,
696,Bedaquiline,mtrB,c.1053C>T,synonymous_variant,G4,S,4) Not assoc w R - Interim,snv,true,primary,S,matched_final,true,,2,COMPLETED,SYNONYMOUS_NO_PROTEIN_CHANGE,NEGATIVE:COMPLETED:SENSITIVE:SYNONYMOUS_NO_PROTEIN_CHANGE;NEGATIVE:COMPLETED:SENSITIVE:SYNONYMOUS_NO_PROTEIN_CHANGE,true,S,matched_final,true,,direct_record_match,,,
697,Bedaquiline,mtrB,c.111G>T,synonymous_variant,G4,S,4) Not assoc w R - Interim,snv,true,primary,S,matched_final,true,,2,COMPLETED,SYNONYMOUS_NO_PROTEIN_CHANGE,NEGATIVE:COMPLETED:SENSITIVE:SYNONYMOUS_NO_PROTEIN_CHANGE;NEGATIVE:COMPLETED:SENSITIVE:SYNONYMOUS_NO_PROTEIN_CHANGE,true,S,matched_final,true,,direct_record_match,,,
698,Bedaquiline,mtrB,c.1197G>C,synonymous_variant,G4,S,4) Not assoc w R - Interim,snv,true,primary,S,matched_final,true,,2,COMPLETED,SYNONYMOUS_NO_PROTEIN_CHANGE,NEGATIVE:COMPLETED:SENSITIVE:SYNONYMOUS_NO_PROTEIN_CHANGE;NEGATIVE:COMPLETED:SENSITIVE:SYNONYMOUS_NO_PROTEIN_CHANGE,true,S,matched_final,true,,direct_record_match,,,
699,Bedaquiline,mtrB,c.1200C>T,synonymous_variant,G4,S,4) Not assoc w R - Interim,snv,true,primary,S,matched_final,true,,2,COMPLETED,SYNONYMOUS_NO_PROTEIN_CHANGE,NEGATIVE:COMPLETED:SENSITIVE:SYNONYMOUS_NO_PROTEIN_CHANGE;NEGATIVE:COMPLETED:SENSITIVE:SYNONYMOUS_NO_PROTEIN_CHANGE,true,S,matched_final,true,,direct_record_match,,,
700,Bedaquiline,mtrB,c.126C>T,synonymous_variant,G4,S,4) Not assoc w R - Interim,snv,true,primary,S,matched_final,true,,2,COMPLETED,SYNONYMOUS_NO_PROTEIN_CHANGE,NEGATIVE:COMPLETED:SENSITIVE:SYNONYMOUS_NO_PROTEIN_CHANGE;NEGATIVE:COMPLETED:SENSITIVE:SYNONYMOUS_NO_PROTEIN_CHANGE,true,S,matched_final,true,,direct_record_match,,,
701,Bedaquiline,mtrB,c.1272C>G,synonymous_variant,G4,S,4) Not assoc w R - Interim,snv,true,primary,S,matched_final,true,,2,COMPLETED,SYNONYMOUS_NO_PROTEIN_CHANGE,NEGATIVE:COMPLETED:SENSITIVE:SYNONYMOUS_NO_PROTEIN_CHANGE;NEGATIVE:COMPLETED:SENSITIVE:SYNONYMOUS_NO_PROTEIN_CHANGE,true,S,matched_final,true,,direct_record_match,,,
702,Bedaquiline,mtrB,c.1293A>G,synonymous_variant,G4,S,4) Not assoc w R - Interim,snv,true,primary,S,matched_final,true,,2,COMPLETED,SYNONYMOUS_NO_PROTEIN_CHANGE,NEGATIVE:COMPLETED:SENSITIVE:SYNONYMOUS_NO_PROTEIN_CHANGE;NEGATIVE:COMPLETED:SENSITIVE:SYNONYMOUS_NO_PROTEIN_CHANGE,true,S,matched_final,true,,direct_record_match,,,
703,Bedaquiline,mtrB,c.1314C>T,synonymous_variant,G4,S,4) Not assoc w R - Interim,snv,true,primary,S,matched_final,true,,2,COMPLETED,SYNONYMOUS_NO_PROTEIN_CHANGE,NEGATIVE:COMPLETED:SENSITIVE:SYNONYMOUS_NO_PROTEIN_CHANGE;NEGATIVE:COMPLETED:SENSITIVE:SYNONYMOUS_NO_PROTEIN_CHANGE,true,S,matched_final,true,,direct_record_match,,,
704,Bedaquiline,mtrB,c.132G>A,synonymous_variant,G4,S,4) Not assoc w R - Interim,snv,true,primary,S,matched_final,true,,2,COMPLETED,SYNONYMOUS_NO_PROTEIN_CHANGE,NEGATIVE:COMPLETED:SENSITIVE:SYNONYMOUS_NO_PROTEIN_CHANGE;NEGATIVE:COMPLETED:SENSITIVE:SYNONYMOUS_NO_PROTEIN_CHANGE,true,S,matched_final,true,,direct_record_match,,,
705,Bedaquiline,mtrB,c.133C>T,synonymous_variant,G4,S,4) Not assoc w R - Interim,snv,true,primary,S,matched_final,true,,2,COMPLETED,SYNONYMOUS_NO_PROTEIN_CHANGE,NEGATIVE:COMPLETED:SENSITIVE:SYNONYMOUS_NO_PROTEIN_CHANGE;NEGATIVE:COMPLETED:SENSITIVE:SYNONYMOUS_NO_PROTEIN_CHANGE,true,S,matched_final,true,,direct_record_match,,,
706,Bedaquiline,mtrB,c.1350C>T,synonymous_variant,G4,S,4) Not assoc w R - Interim,snv,true,primary,S,matched_final,true,,2,COMPLETED,SYNONYMOUS_NO_PROTEIN_CHANGE,NEGATIVE:COMPLETED:SENSITIVE:SYNONYMOUS_NO_PROTEIN_CHANGE;NEGATIVE:COMPLETED:SENSITIVE:SYNONYMOUS_NO_PROTEIN_CHANGE,true,S,matched_final,true,,direct_record_match,,,
707,Bedaquiline,mtrB,c.135G>T,synonymous_variant,G4,S,4) Not assoc w R - Interim,snv,true,primary,S,matched_final,true,,2,COMPLETED,SYNONYMOUS_NO_PROTEIN_CHANGE,NEGATIVE:COMPLETED:SENSITIVE:SYNONYMOUS_NO_PROTEIN_CHANGE;NEGATIVE:COMPLETED:SENSITIVE:SYNONYMOUS_NO_PROTEIN_CHANGE,true,S,matched_final,true,,direct_record_match,,,
708,Bedaquiline,mtrB,c.1365G>A,synonymous_variant,G4,S,4) Not assoc w R - Interim,snv,true,primary,S,matched_final,true,,2,COMPLETED,SYNONYMOUS_NO_PROTEIN_CHANGE,NEGATIVE:COMPLETED:SENSITIVE:SYNONYMOUS_NO_PROTEIN_CHANGE;NEGATIVE:COMPLETED:SENSITIVE:SYNONYMOUS_NO_PROTEIN_CHANGE,true,S,matched_final,true,,direct_record_match,,,
709,Bedaquiline,mtrB,c.1386G>A,synonymous_variant,G4,S,4) Not assoc w R - Interim,snv,true,primary,S,matched_final,true,,2,COMPLETED,SYNONYMOUS_NO_PROTEIN_CHANGE,NEGATIVE:COMPLETED:SENSITIVE:SYNONYMOUS_NO_PROTEIN_CHANGE;NEGATIVE:COMPLETED:SENSITIVE:SYNONYMOUS_NO_PROTEIN_CHANGE,true,S,matched_final,true,,direct_record_match,,,
710,Bedaquiline,mtrB,c.138C>T,synonymous_variant,G4,S,4) Not assoc w R - Interim,snv,true,primary,S,matched_final,true,,2,COMPLETED,SYNONYMOUS_NO_PROTEIN_CHANGE,NEGATIVE:COMPLETED:SENSITIVE:SYNONYMOUS_NO_PROTEIN_CHANGE;NEGATIVE:COMPLETED:SENSITIVE:SYNONYMOUS_NO_PROTEIN_CHANGE,true,S,matched_final,true,,direct_record_match,,,
711,Bedaquiline,mtrB,c.141T>A,synonymous_variant,G4,S,4) Not assoc w R - Interim,snv,true,primary,S,matched_final,true,,2,COMPLETED,SYNONYMOUS_NO_PROTEIN_CHANGE,NEGATIVE:COMPLETED:SENSITIVE:SYNONYMOUS_NO_PROTEIN_CHANGE;NEGATIVE:COMPLETED:SENSITIVE:SYNONYMOUS_NO_PROTEIN_CHANGE,true,S,matched_final,true,,direct_record_match,,,
712,Bedaquiline,mtrB,c.1437C>T,synonymous_variant,G4,S,4) Not assoc w R - Interim,snv,true,primary,S,matched_final,true,,2,COMPLETED,SYNONYMOUS_NO_PROTEIN_CHANGE,NEGATIVE:COMPLETED:SENSITIVE:SYNONYMOUS_NO_PROTEIN_CHANGE;NEGATIVE:COMPLETED:SENSITIVE:SYNONYMOUS_NO_PROTEIN_CHANGE,true,S,matched_final,true,,direct_record_match,,,
713,Bedaquiline,mtrB,c.1452T>C,synonymous_variant,G4,S,4) Not assoc w R - Interim,snv,true,primary,S,matched_final,true,,2,COMPLETED,SYNONYMOUS_NO_PROTEIN_CHANGE,NEGATIVE:COMPLETED:SENSITIVE:SYNONYMOUS_NO_PROTEIN_CHANGE;NEGATIVE:COMPLETED:SENSITIVE:SYNONYMOUS_NO_PROTEIN_CHANGE,true,S,matched_final,true,,direct_record_match,,,
714,Bedaquiline,mtrB,c.145C>T,synonymous_variant,G4,S,4) Not assoc w R - Interim,snv,true,primary,S,matched_final,true,,2,COMPLETED,SYNONYMOUS_NO_PROTEIN_CHANGE,NEGATIVE:COMPLETED:SENSITIVE:SYNONYMOUS_NO_PROTEIN_CHANGE;NEGATIVE:COMPLETED:SENSITIVE:SYNONYMOUS_NO_PROTEIN_CHANGE,true,S,matched_final,true,,direct_record_match,,,
715,Bedaquiline,mtrB,c.1479A>G,synonymous_variant,G4,S,4) Not assoc w R - Interim,snv,true,primary,S,matched_final,true,,2,COMPLETED,SYNONYMOUS_NO_PROTEIN_CHANGE,NEGATIVE:COMPLETED:SENSITIVE:SYNONYMOUS_NO_PROTEIN_CHANGE;NEGATIVE:COMPLETED:SENSITIVE:SYNONYMOUS_NO_PROTEIN_CHANGE,true,S,matched_final,true,,direct_record_match,,,
716,Bedaquiline,mtrB,c.147G>A,synonymous_variant,G4,S,4) Not assoc w R - Interim,snv,true,primary,S,matched_final,true,,2,COMPLETED,SYNONYMOUS_NO_PROTEIN_CHANGE,NEGATIVE:COMPLETED:SENSITIVE:SYNONYMOUS_NO_PROTEIN_CHANGE;NEGATIVE:COMPLETED:SENSITIVE:SYNONYMOUS_NO_PROTEIN_CHANGE,true,S,matched_final,true,,direct_record_match,,,
717,Bedaquiline,mtrB,c.-14A>C,upstream_gene_variant,G3,,3) Uncertain significance,regulatory,,primary,R,excluded,,excluded_uncertain_g3_or_unmapped_grade,6,COMPLETED|PENDING,MTRAB_DEREGULATION,NEGATIVE:COMPLETED:RESISTANT:MTRAB_DEREGULATION;NEGATIVE:PENDING::;NEGATIVE:COMPLETED:RESISTANT:MTRAB_DEREGULATION;+3_more,,R,excluded,,excluded_uncertain_g3_or_unmapped_grade,,,,
718,Bedaquiline,mtrB,c.1515C>T,synonymous_variant,G4,S,4) Not assoc w R - Interim,snv,true,primary,S,matched_final,true,,2,COMPLETED,SYNONYMOUS_NO_PROTEIN_CHANGE,NEGATIVE:COMPLETED:SENSITIVE:SYNONYMOUS_NO_PROTEIN_CHANGE;NEGATIVE:COMPLETED:SENSITIVE:SYNONYMOUS_NO_PROTEIN_CHANGE,true,S,matched_final,true,,direct_record_match,,,
719,Bedaquiline,mtrB,c.1524C>T,synonymous_variant,G4,S,4) Not assoc w R - Interim,snv,true,primary,S,matched_final,true,,2,COMPLETED,SYNONYMOUS_NO_PROTEIN_CHANGE,NEGATIVE:COMPLETED:SENSITIVE:SYNONYMOUS_NO_PROTEIN_CHANGE;NEGATIVE:COMPLETED:SENSITIVE:SYNONYMOUS_NO_PROTEIN_CHANGE,true,S,matched_final,true,,direct_record_match,,,
720,Bedaquiline,mtrB,c.1533C>T,synonymous_variant,G4,S,4) Not assoc w R - Interim,snv,true,primary,S,matched_final,true,,2,COMPLETED,SYNONYMOUS_NO_PROTEIN_CHANGE,NEGATIVE:COMPLETED:SENSITIVE:SYNONYMOUS_NO_PROTEIN_CHANGE;NEGATIVE:COMPLETED:SENSITIVE:SYNONYMOUS_NO_PROTEIN_CHANGE,true,S,matched_final,true,,direct_record_match,,,
721,Bedaquiline,mtrB,c.1582C>T,synonymous_variant,G4,S,4) Not assoc w R - Interim,snv,true,primary,S,matched_final,true,,2,COMPLETED,SYNONYMOUS_NO_PROTEIN_CHANGE,NEGATIVE:COMPLETED:SENSITIVE:SYNONYMOUS_NO_PROTEIN_CHANGE;NEGATIVE:COMPLETED:SENSITIVE:SYNONYMOUS_NO_PROTEIN_CHANGE,true,S,matched_final,true,,direct_record_match,,,
722,Bedaquiline,mtrB,c.1653G>T,synonymous_variant,G4,S,4) Not assoc w R - Interim,snv,true,primary,S,matched_final,true,,2,COMPLETED,SYNONYMOUS_NO_PROTEIN_CHANGE,NEGATIVE:COMPLETED:SENSITIVE:SYNONYMOUS_NO_PROTEIN_CHANGE;NEGATIVE:COMPLETED:SENSITIVE:SYNONYMOUS_NO_PROTEIN_CHANGE,true,S,matched_final,true,,direct_record_match,,,
723,Bedaquiline,mtrB,c.1662G>A,synonymous_variant,G4,S,4) Not assoc w R - Interim,snv,true,primary,S,matched_final,true,,2,COMPLETED,SYNONYMOUS_NO_PROTEIN_CHANGE,NEGATIVE:COMPLETED:SENSITIVE:SYNONYMOUS_NO_PROTEIN_CHANGE;NEGATIVE:COMPLETED:SENSITIVE:SYNONYMOUS_NO_PROTEIN_CHANGE,true,S,matched_final,true,,direct_record_match,,,
724,Bedaquiline,mtrB,c.1677A>G,synonymous_variant,G4,S,4) Not assoc w R - Interim,snv,true,primary,S,matched_final,true,,2,COMPLETED,SYNONYMOUS_NO_PROTEIN_CHANGE,NEGATIVE:COMPLETED:SENSITIVE:SYNONYMOUS_NO_PROTEIN_CHANGE;NEGATIVE:COMPLETED:SENSITIVE:SYNONYMOUS_NO_PROTEIN_CHANGE,true,S,matched_final,true,,direct_record_match,,,
725,Bedaquiline,mtrB,c.174C>T,synonymous_variant,G4,S,4) Not assoc w R - Interim,snv,true,primary,S,matched_final,true,,2,COMPLETED,SYNONYMOUS_NO_PROTEIN_CHANGE,NEGATIVE:COMPLETED:SENSITIVE:SYNONYMOUS_NO_PROTEIN_CHANGE;NEGATIVE:COMPLETED:SENSITIVE:SYNONYMOUS_NO_PROTEIN_CHANGE,true,S,matched_final,true,,direct_record_match,,,
726,Bedaquiline,mtrB,c.186C>T,synonymous_variant,G4,S,4) Not assoc w R - Interim,snv,true,primary,S,matched_final,true,,2,COMPLETED,SYNONYMOUS_NO_PROTEIN_CHANGE,NEGATIVE:COMPLETED:SENSITIVE:SYNONYMOUS_NO_PROTEIN_CHANGE;NEGATIVE:COMPLETED:SENSITIVE:SYNONYMOUS_NO_PROTEIN_CHANGE,true,S,matched_final,true,,direct_record_match,,,
727,Bedaquiline,mtrB,c.198C>T,synonymous_variant,G4,S,4) Not assoc w R - Interim,snv,true,primary,S,matched_final,true,,2,COMPLETED,SYNONYMOUS_NO_PROTEIN_CHANGE,NEGATIVE:COMPLETED:SENSITIVE:SYNONYMOUS_NO_PROTEIN_CHANGE;NEGATIVE:COMPLETED:SENSITIVE:SYNONYMOUS_NO_PROTEIN_CHANGE,true,S,matched_final,true,,direct_record_match,,,
728,Bedaquiline,mtrB,c.207C>T,synonymous_variant,G4,S,4) Not assoc w R - Interim,snv,true,primary,S,matched_final,true,,2,COMPLETED,SYNONYMOUS_NO_PROTEIN_CHANGE,NEGATIVE:COMPLETED:SENSITIVE:SYNONYMOUS_NO_PROTEIN_CHANGE;NEGATIVE:COMPLETED:SENSITIVE:SYNONYMOUS_NO_PROTEIN_CHANGE,true,S,matched_final,true,,direct_record_match,,,
729,Bedaquiline,mtrB,c.-20G>A,upstream_gene_variant,G3,,3) Uncertain significance,regulatory,,primary,R,excluded,,excluded_uncertain_g3_or_unmapped_grade,6,COMPLETED|PENDING,MTRAB_DEREGULATION,NEGATIVE:COMPLETED:RESISTANT:MTRAB_DEREGULATION;NEGATIVE:PENDING::;NEGATIVE:COMPLETED:RESISTANT:MTRAB_DEREGULATION;+3_more,,R,excluded,,excluded_uncertain_g3_or_unmapped_grade,,,,
730,Bedaquiline,mtrB,c.210C>T,synonymous_variant,G4,S,4) Not assoc w R - Interim,snv,true,primary,S,matched_final,true,,2,COMPLETED,SYNONYMOUS_NO_PROTEIN_CHANGE,NEGATIVE:COMPLETED:SENSITIVE:SYNONYMOUS_NO_PROTEIN_CHANGE;NEGATIVE:COMPLETED:SENSITIVE:SYNONYMOUS_NO_PROTEIN_CHANGE,true,S,matched_final,true,,direct_record_match,,,
731,Bedaquiline,mtrB,c.216C>T,synonymous_variant,G4,S,4) Not assoc w R - Interim,snv,true,primary,S,matched_final,true,,2,COMPLETED,SYNONYMOUS_NO_PROTEIN_CHANGE,NEGATIVE:COMPLETED:SENSITIVE:SYNONYMOUS_NO_PROTEIN_CHANGE;NEGATIVE:COMPLETED:SENSITIVE:SYNONYMOUS_NO_PROTEIN_CHANGE,true,S,matched_final,true,,direct_record_match,,,
732,Bedaquiline,mtrB,c.-24C>T,upstream_gene_variant,G3,,3) Uncertain significance,regulatory,,primary,R,excluded,,excluded_uncertain_g3_or_unmapped_grade,6,COMPLETED|PENDING,MTRAB_DEREGULATION,NEGATIVE:COMPLETED:RESISTANT:MTRAB_DEREGULATION;NEGATIVE:PENDING::;NEGATIVE:COMPLETED:RESISTANT:MTRAB_DEREGULATION;+3_more,,R,excluded,,excluded_uncertain_g3_or_unmapped_grade,,,,
733,Bedaquiline,mtrB,c.276C>G,synonymous_variant,G4,S,4) Not assoc w R - Interim,snv,true,primary,S,matched_final,true,,2,COMPLETED,SYNONYMOUS_NO_PROTEIN_CHANGE,NEGATIVE:COMPLETED:SENSITIVE:SYNONYMOUS_NO_PROTEIN_CHANGE;NEGATIVE:COMPLETED:SENSITIVE:SYNONYMOUS_NO_PROTEIN_CHANGE,true,S,matched_final,true,,direct_record_match,,,
734,Bedaquiline,mtrB,c.309C>T,synonymous_variant,G4,S,4) Not assoc w R - Interim,snv,true,primary,S,matched_final,true,,2,COMPLETED,SYNONYMOUS_NO_PROTEIN_CHANGE,NEGATIVE:COMPLETED:SENSITIVE:SYNONYMOUS_NO_PROTEIN_CHANGE;NEGATIVE:COMPLETED:SENSITIVE:SYNONYMOUS_NO_PROTEIN_CHANGE,true,S,matched_final,true,,direct_record_match,,,
735,Bedaquiline,mtrB,c.330T>G,synonymous_variant,G4,S,4) Not assoc w R - Interim,snv,true,primary,S,matched_final,true,,2,COMPLETED,SYNONYMOUS_NO_PROTEIN_CHANGE,NEGATIVE:COMPLETED:SENSITIVE:SYNONYMOUS_NO_PROTEIN_CHANGE;NEGATIVE:COMPLETED:SENSITIVE:SYNONYMOUS_NO_PROTEIN_CHANGE,true,S,matched_final,true,,direct_record_match,,,
736,Bedaquiline,mtrB,c.345C>T,synonymous_variant,G4,S,4) Not assoc w R - Interim,snv,true,primary,S,matched_final,true,,2,COMPLETED,SYNONYMOUS_NO_PROTEIN_CHANGE,NEGATIVE:COMPLETED:SENSITIVE:SYNONYMOUS_NO_PROTEIN_CHANGE;NEGATIVE:COMPLETED:SENSITIVE:SYNONYMOUS_NO_PROTEIN_CHANGE,true,S,matched_final,true,,direct_record_match,,,
737,Bedaquiline,mtrB,c.354T>C,synonymous_variant,G4,S,4) Not assoc w R - Interim,snv,true,primary,S,matched_final,true,,2,COMPLETED,SYNONYMOUS_NO_PROTEIN_CHANGE,NEGATIVE:COMPLETED:SENSITIVE:SYNONYMOUS_NO_PROTEIN_CHANGE;NEGATIVE:COMPLETED:SENSITIVE:SYNONYMOUS_NO_PROTEIN_CHANGE,true,S,matched_final,true,,direct_record_match,,,
738,Bedaquiline,mtrB,c.363T>G,synonymous_variant,G4,S,4) Not assoc w R - Interim,snv,true,primary,S,matched_final,true,,2,COMPLETED,SYNONYMOUS_NO_PROTEIN_CHANGE,NEGATIVE:COMPLETED:SENSITIVE:SYNONYMOUS_NO_PROTEIN_CHANGE;NEGATIVE:COMPLETED:SENSITIVE:SYNONYMOUS_NO_PROTEIN_CHANGE,true,S,matched_final,true,,direct_record_match,,,
739,Bedaquiline,mtrB,c.369C>G,synonymous_variant,G4,S,4) Not assoc w R - Interim,snv,true,primary,S,matched_final,true,,2,COMPLETED,SYNONYMOUS_NO_PROTEIN_CHANGE,NEGATIVE:COMPLETED:SENSITIVE:SYNONYMOUS_NO_PROTEIN_CHANGE;NEGATIVE:COMPLETED:SENSITIVE:SYNONYMOUS_NO_PROTEIN_CHANGE,true,S,matched_final,true,,direct_record_match,,,
740,Bedaquiline,mtrB,c.390G>A,synonymous_variant,G4,S,4) Not assoc w R - Interim,snv,true,primary,S,matched_final,true,,2,COMPLETED,SYNONYMOUS_NO_PROTEIN_CHANGE,NEGATIVE:COMPLETED:SENSITIVE:SYNONYMOUS_NO_PROTEIN_CHANGE;NEGATIVE:COMPLETED:SENSITIVE:SYNONYMOUS_NO_PROTEIN_CHANGE,true,S,matched_final,true,,direct_record_match,,,
741,Bedaquiline,mtrB,c.405T>C,synonymous_variant,G4,S,4) Not assoc w R - Interim,snv,true,primary,S,matched_final,true,,2,COMPLETED,SYNONYMOUS_NO_PROTEIN_CHANGE,NEGATIVE:COMPLETED:SENSITIVE:SYNONYMOUS_NO_PROTEIN_CHANGE;NEGATIVE:COMPLETED:SENSITIVE:SYNONYMOUS_NO_PROTEIN_CHANGE,true,S,matched_final,true,,direct_record_match,,,
742,Bedaquiline,mtrB,c.408T>C,synonymous_variant,G4,S,4) Not assoc w R - Interim,snv,true,primary,S,matched_final,true,,2,COMPLETED,SYNONYMOUS_NO_PROTEIN_CHANGE,NEGATIVE:COMPLETED:SENSITIVE:SYNONYMOUS_NO_PROTEIN_CHANGE;NEGATIVE:COMPLETED:SENSITIVE:SYNONYMOUS_NO_PROTEIN_CHANGE,true,S,matched_final,true,,direct_record_match,,,
743,Bedaquiline,mtrB,c.420T>G,synonymous_variant,G4,S,4) Not assoc w R - Interim,snv,true,primary,S,matched_final,true,,2,COMPLETED,SYNONYMOUS_NO_PROTEIN_CHANGE,NEGATIVE:COMPLETED:SENSITIVE:SYNONYMOUS_NO_PROTEIN_CHANGE;NEGATIVE:COMPLETED:SENSITIVE:SYNONYMOUS_NO_PROTEIN_CHANGE,true,S,matched_final,true,,direct_record_match,,,
744,Bedaquiline,mtrB,c.-44G>C,upstream_gene_variant,G3,,3) Uncertain significance,regulatory,,primary,R,excluded,,excluded_uncertain_g3_or_unmapped_grade,6,COMPLETED|PENDING,MTRAB_DEREGULATION,NEGATIVE:COMPLETED:RESISTANT:MTRAB_DEREGULATION;NEGATIVE:PENDING::;NEGATIVE:COMPLETED:RESISTANT:MTRAB_DEREGULATION;+3_more,,R,excluded,,excluded_uncertain_g3_or_unmapped_grade,,,,
745,Bedaquiline,mtrB,c.450G>A,synonymous_variant,G4,S,4) Not assoc w R - Interim,snv,true,primary,S,matched_final,true,,2,COMPLETED,SYNONYMOUS_NO_PROTEIN_CHANGE,NEGATIVE:COMPLETED:SENSITIVE:SYNONYMOUS_NO_PROTEIN_CHANGE;NEGATIVE:COMPLETED:SENSITIVE:SYNONYMOUS_NO_PROTEIN_CHANGE,true,S,matched_final,true,,direct_record_match,,,
746,Bedaquiline,mtrB,c.453C>T,synonymous_variant,G4,S,4) Not assoc w R - Interim,snv,true,primary,S,matched_final,true,,2,COMPLETED,SYNONYMOUS_NO_PROTEIN_CHANGE,NEGATIVE:COMPLETED:SENSITIVE:SYNONYMOUS_NO_PROTEIN_CHANGE;NEGATIVE:COMPLETED:SENSITIVE:SYNONYMOUS_NO_PROTEIN_CHANGE,true,S,matched_final,true,,direct_record_match,,,
747,Bedaquiline,mtrB,c.45C>T,synonymous_variant,G4,S,4) Not assoc w R - Interim,snv,true,primary,S,matched_final,true,,2,COMPLETED,SYNONYMOUS_NO_PROTEIN_CHANGE,NEGATIVE:COMPLETED:SENSITIVE:SYNONYMOUS_NO_PROTEIN_CHANGE;NEGATIVE:COMPLETED:SENSITIVE:SYNONYMOUS_NO_PROTEIN_CHANGE,true,S,matched_final,true,,direct_record_match,,,
748,Bedaquiline,mtrB,c.489C>A,synonymous_variant,G4,S,4) Not assoc w R - Interim,snv,true,primary,S,matched_final,true,,2,COMPLETED,SYNONYMOUS_NO_PROTEIN_CHANGE,NEGATIVE:COMPLETED:SENSITIVE:SYNONYMOUS_NO_PROTEIN_CHANGE;NEGATIVE:COMPLETED:SENSITIVE:SYNONYMOUS_NO_PROTEIN_CHANGE,true,S,matched_final,true,,direct_record_match,,,
749,Bedaquiline,mtrB,c.492C>G,synonymous_variant,G4,S,4) Not assoc w R - Interim,snv,true,primary,S,matched_final,true,,2,COMPLETED,SYNONYMOUS_NO_PROTEIN_CHANGE,NEGATIVE:COMPLETED:SENSITIVE:SYNONYMOUS_NO_PROTEIN_CHANGE;NEGATIVE:COMPLETED:SENSITIVE:SYNONYMOUS_NO_PROTEIN_CHANGE,true,S,matched_final,true,,direct_record_match,,,
750,Bedaquiline,mtrB,c.516C>G,synonymous_variant,G4,S,4) Not assoc w R - Interim,snv,true,primary,S,matched_final,true,,2,COMPLETED,SYNONYMOUS_NO_PROTEIN_CHANGE,NEGATIVE:COMPLETED:SENSITIVE:SYNONYMOUS_NO_PROTEIN_CHANGE;NEGATIVE:COMPLETED:SENSITIVE:SYNONYMOUS_NO_PROTEIN_CHANGE,true,S,matched_final,true,,direct_record_match,,,
751,Bedaquiline,mtrB,c.51C>G,synonymous_variant,G4,S,4) Not assoc w R - Interim,snv,true,primary,S,matched_final,true,,2,COMPLETED,SYNONYMOUS_NO_PROTEIN_CHANGE,NEGATIVE:COMPLETED:SENSITIVE:SYNONYMOUS_NO_PROTEIN_CHANGE;NEGATIVE:COMPLETED:SENSITIVE:SYNONYMOUS_NO_PROTEIN_CHANGE,true,S,matched_final,true,,direct_record_match,,,
752,Bedaquiline,mtrB,c.534G>T,synonymous_variant,G4,S,4) Not assoc w R - Interim,snv,true,primary,S,matched_final,true,,2,COMPLETED,SYNONYMOUS_NO_PROTEIN_CHANGE,NEGATIVE:COMPLETED:SENSITIVE:SYNONYMOUS_NO_PROTEIN_CHANGE;NEGATIVE:COMPLETED:SENSITIVE:SYNONYMOUS_NO_PROTEIN_CHANGE,true,S,matched_final,true,,direct_record_match,,,
753,Bedaquiline,mtrB,c.573C>T,synonymous_variant,G4,S,4) Not assoc w R - Interim,snv,true,primary,S,matched_final,true,,2,COMPLETED,SYNONYMOUS_NO_PROTEIN_CHANGE,NEGATIVE:COMPLETED:SENSITIVE:SYNONYMOUS_NO_PROTEIN_CHANGE;NEGATIVE:COMPLETED:SENSITIVE:SYNONYMOUS_NO_PROTEIN_CHANGE,true,S,matched_final,true,,direct_record_match,,,
754,Bedaquiline,mtrB,c.589C>T,synonymous_variant,G4,S,4) Not assoc w R - Interim,snv,true,primary,S,matched_final,true,,2,COMPLETED,SYNONYMOUS_NO_PROTEIN_CHANGE,NEGATIVE:COMPLETED:SENSITIVE:SYNONYMOUS_NO_PROTEIN_CHANGE;NEGATIVE:COMPLETED:SENSITIVE:SYNONYMOUS_NO_PROTEIN_CHANGE,true,S,matched_final,true,,direct_record_match,,,
755,Bedaquiline,mtrB,c.-5C>T,upstream_gene_variant,G3,,3) Uncertain significance,regulatory,,primary,R,excluded,,excluded_uncertain_g3_or_unmapped_grade,6,COMPLETED|PENDING,MTRAB_DEREGULATION,NEGATIVE:COMPLETED:RESISTANT:MTRAB_DEREGULATION;NEGATIVE:PENDING::;NEGATIVE:COMPLETED:RESISTANT:MTRAB_DEREGULATION;+3_more,,R,excluded,,excluded_uncertain_g3_or_unmapped_grade,,,,
756,Bedaquiline,mtrB,c.603G>A,synonymous_variant,G4,S,4) Not assoc w R - Interim,snv,true,primary,S,matched_final,true,,2,COMPLETED,SYNONYMOUS_NO_PROTEIN_CHANGE,NEGATIVE:COMPLETED:SENSITIVE:SYNONYMOUS_NO_PROTEIN_CHANGE;NEGATIVE:COMPLETED:SENSITIVE:SYNONYMOUS_NO_PROTEIN_CHANGE,true,S,matched_final,true,,direct_record_match,,,
757,Bedaquiline,mtrB,c.606G>T,synonymous_variant,G4,S,4) Not assoc w R - Interim,snv,true,primary,S,matched_final,true,,2,COMPLETED,SYNONYMOUS_NO_PROTEIN_CHANGE,NEGATIVE:COMPLETED:SENSITIVE:SYNONYMOUS_NO_PROTEIN_CHANGE;NEGATIVE:COMPLETED:SENSITIVE:SYNONYMOUS_NO_PROTEIN_CHANGE,true,S,matched_final,true,,direct_record_match,,,
758,Bedaquiline,mtrB,c.61C>A,synonymous_variant,G4,S,4) Not assoc w R - Interim,snv,true,primary,S,matched_final,true,,2,COMPLETED,SYNONYMOUS_NO_PROTEIN_CHANGE,NEGATIVE:COMPLETED:SENSITIVE:SYNONYMOUS_NO_PROTEIN_CHANGE;NEGATIVE:COMPLETED:SENSITIVE:SYNONYMOUS_NO_PROTEIN_CHANGE,true,S,matched_final,true,,direct_record_match,,,
759,Bedaquiline,mtrB,c.667C>T,synonymous_variant,G4,S,4) Not assoc w R - Interim,snv,true,primary,S,matched_final,true,,2,COMPLETED,SYNONYMOUS_NO_PROTEIN_CHANGE,NEGATIVE:COMPLETED:SENSITIVE:SYNONYMOUS_NO_PROTEIN_CHANGE;NEGATIVE:COMPLETED:SENSITIVE:SYNONYMOUS_NO_PROTEIN_CHANGE,true,S,matched_final,true,,direct_record_match,,,
760,Bedaquiline,mtrB,c.66C>T,synonymous_variant,G4,S,4) Not assoc w R - Interim,snv,true,primary,S,matched_final,true,,2,COMPLETED,SYNONYMOUS_NO_PROTEIN_CHANGE,NEGATIVE:COMPLETED:SENSITIVE:SYNONYMOUS_NO_PROTEIN_CHANGE;NEGATIVE:COMPLETED:SENSITIVE:SYNONYMOUS_NO_PROTEIN_CHANGE,true,S,matched_final,true,,direct_record_match,,,
761,Bedaquiline,mtrB,c.673C>T,synonymous_variant,G4,S,4) Not assoc w R - Interim,snv,true,primary,S,matched_final,true,,2,COMPLETED,SYNONYMOUS_NO_PROTEIN_CHANGE,NEGATIVE:COMPLETED:SENSITIVE:SYNONYMOUS_NO_PROTEIN_CHANGE;NEGATIVE:COMPLETED:SENSITIVE:SYNONYMOUS_NO_PROTEIN_CHANGE,true,S,matched_final,true,,direct_record_match,,,
762,Bedaquiline,mtrB,c.684C>T,synonymous_variant,G4,S,4) Not assoc w R - Interim,snv,true,primary,S,matched_final,true,,2,COMPLETED,SYNONYMOUS_NO_PROTEIN_CHANGE,NEGATIVE:COMPLETED:SENSITIVE:SYNONYMOUS_NO_PROTEIN_CHANGE;NEGATIVE:COMPLETED:SENSITIVE:SYNONYMOUS_NO_PROTEIN_CHANGE,true,S,matched_final,true,,direct_record_match,,,
763,Bedaquiline,mtrB,c.693G>A,synonymous_variant,G4,S,4) Not assoc w R - Interim,snv,true,primary,S,matched_final,true,,2,COMPLETED,SYNONYMOUS_NO_PROTEIN_CHANGE,NEGATIVE:COMPLETED:SENSITIVE:SYNONYMOUS_NO_PROTEIN_CHANGE;NEGATIVE:COMPLETED:SENSITIVE:SYNONYMOUS_NO_PROTEIN_CHANGE,true,S,matched_final,true,,direct_record_match,,,
764,Bedaquiline,mtrB,c.69C>T,synonymous_variant,G4,S,4) Not assoc w R - Interim,snv,true,primary,S,matched_final,true,,2,COMPLETED,SYNONYMOUS_NO_PROTEIN_CHANGE,NEGATIVE:COMPLETED:SENSITIVE:SYNONYMOUS_NO_PROTEIN_CHANGE;NEGATIVE:COMPLETED:SENSITIVE:SYNONYMOUS_NO_PROTEIN_CHANGE,true,S,matched_final,true,,direct_record_match,,,
765,Bedaquiline,mtrB,c.75G>T,synonymous_variant,G4,S,4) Not assoc w R - Interim,snv,true,primary,S,matched_final,true,,2,COMPLETED,SYNONYMOUS_NO_PROTEIN_CHANGE,NEGATIVE:COMPLETED:SENSITIVE:SYNONYMOUS_NO_PROTEIN_CHANGE;NEGATIVE:COMPLETED:SENSITIVE:SYNONYMOUS_NO_PROTEIN_CHANGE,true,S,matched_final,true,,direct_record_match,,,
766,Bedaquiline,mtrB,c.78G>A,synonymous_variant,G4,S,4) Not assoc w R - Interim,snv,true,primary,S,matched_final,true,,2,COMPLETED,SYNONYMOUS_NO_PROTEIN_CHANGE,NEGATIVE:COMPLETED:SENSITIVE:SYNONYMOUS_NO_PROTEIN_CHANGE;NEGATIVE:COMPLETED:SENSITIVE:SYNONYMOUS_NO_PROTEIN_CHANGE,true,S,matched_final,true,,direct_record_match,,,
767,Bedaquiline,mtrB,c.801C>T,synonymous_variant,G4,S,4) Not assoc w R - Interim,snv,true,primary,S,matched_final,true,,2,COMPLETED,SYNONYMOUS_NO_PROTEIN_CHANGE,NEGATIVE:COMPLETED:SENSITIVE:SYNONYMOUS_NO_PROTEIN_CHANGE;NEGATIVE:COMPLETED:SENSITIVE:SYNONYMOUS_NO_PROTEIN_CHANGE,true,S,matched_final,true,,direct_record_match,,,
768,Bedaquiline,mtrB,c.813G>A,synonymous_variant,G4,S,4) Not assoc w R - Interim,snv,true,primary,S,matched_final,true,,2,COMPLETED,SYNONYMOUS_NO_PROTEIN_CHANGE,NEGATIVE:COMPLETED:SENSITIVE:SYNONYMOUS_NO_PROTEIN_CHANGE;NEGATIVE:COMPLETED:SENSITIVE:SYNONYMOUS_NO_PROTEIN_CHANGE,true,S,matched_final,true,,direct_record_match,,,
769,Bedaquiline,mtrB,c.90A>G,synonymous_variant,G4,S,4) Not assoc w R - Interim,snv,true,primary,S,matched_final,true,,2,COMPLETED,SYNONYMOUS_NO_PROTEIN_CHANGE,NEGATIVE:COMPLETED:SENSITIVE:SYNONYMOUS_NO_PROTEIN_CHANGE;NEGATIVE:COMPLETED:SENSITIVE:SYNONYMOUS_NO_PROTEIN_CHANGE,true,S,matched_final,true,,direct_record_match,,,
770,Bedaquiline,mtrB,c.954C>T,synonymous_variant,G4,S,4) Not assoc w R - Interim,snv,true,primary,S,matched_final,true,,2,COMPLETED,SYNONYMOUS_NO_PROTEIN_CHANGE,NEGATIVE:COMPLETED:SENSITIVE:SYNONYMOUS_NO_PROTEIN_CHANGE;NEGATIVE:COMPLETED:SENSITIVE:SYNONYMOUS_NO_PROTEIN_CHANGE,true,S,matched_final,true,,direct_record_match,,,
771,Bedaquiline,mtrB,c.958T>C,synonymous_variant,G4,S,4) Not assoc w R - Interim,snv,true,primary,S,matched_final,true,,2,COMPLETED,SYNONYMOUS_NO_PROTEIN_CHANGE,NEGATIVE:COMPLETED:SENSITIVE:SYNONYMOUS_NO_PROTEIN_CHANGE;NEGATIVE:COMPLETED:SENSITIVE:SYNONYMOUS_NO_PROTEIN_CHANGE,true,S,matched_final,true,,direct_record_match,,,
772,Bedaquiline,mtrB,c.978C>T,synonymous_variant,G4,S,4) Not assoc w R - Interim,snv,true,primary,S,matched_final,true,,2,COMPLETED,SYNONYMOUS_NO_PROTEIN_CHANGE,NEGATIVE:COMPLETED:SENSITIVE:SYNONYMOUS_NO_PROTEIN_CHANGE;NEGATIVE:COMPLETED:SENSITIVE:SYNONYMOUS_NO_PROTEIN_CHANGE,true,S,matched_final,true,,direct_record_match,,,
773,Bedaquiline,mtrB,LoF,LoF,G3,,3) Uncertain significance,generic_lof,,primary,,excluded,,excluded_uncertain_g3_or_unmapped_grade,0,,,,,,excluded,,excluded_uncertain_g3_or_unmapped_grade,,,,
774,Bedaquiline,mtrB,p.Ala144Gly,missense_variant,G3,,3) Uncertain significance,protein_substitution,,primary,,excluded,,excluded_uncertain_g3_or_unmapped_grade,2,FAILED|PENDING,ANALYSIS_FAILED,NEGATIVE:FAILED:UNKNOWN:ANALYSIS_FAILED;NEGATIVE:PENDING::,,,excluded,,excluded_uncertain_g3_or_unmapped_grade,,,,
775,Bedaquiline,mtrB,p.Ala227Ser,missense_variant,G3,,3) Uncertain significance,protein_substitution,,primary,,excluded,,excluded_uncertain_g3_or_unmapped_grade,2,FAILED|PENDING,ANALYSIS_FAILED,NEGATIVE:FAILED:UNKNOWN:ANALYSIS_FAILED;NEGATIVE:PENDING::,,,excluded,,excluded_uncertain_g3_or_unmapped_grade,,,,
776,Bedaquiline,mtrB,p.Ala33Val,missense_variant,G3,,3) Uncertain significance,protein_substitution,,primary,,excluded,,excluded_uncertain_g3_or_unmapped_grade,2,FAILED|PENDING,,NEGATIVE:FAILED::;NEGATIVE:PENDING::,,,excluded,,excluded_uncertain_g3_or_unmapped_grade,,,,
777,Bedaquiline,mtrB,p.Ala438Thr,missense_variant,G3,,3) Uncertain significance,protein_substitution,,primary,,excluded,,excluded_uncertain_g3_or_unmapped_grade,2,FAILED|PENDING,ANALYSIS_FAILED,NEGATIVE:FAILED:UNKNOWN:ANALYSIS_FAILED;NEGATIVE:PENDING::,,,excluded,,excluded_uncertain_g3_or_unmapped_grade,,,,
778,Bedaquiline,mtrB,p.Arg263Gly,missense_variant,G3,,3) Uncertain significance,protein_substitution,,primary,R,excluded,,excluded_uncertain_g3_or_unmapped_grade,2,LOSS_OF_FUNCTION|PENDING,MTRAB_DEREGULATION,NEGATIVE:LOSS_OF_FUNCTION:RESISTANT:MTRAB_DEREGULATION;NEGATIVE:PENDING::,,R,excluded,,excluded_uncertain_g3_or_unmapped_grade,,,,
779,Bedaquiline,mtrB,p.Arg434Trp,missense_variant,G3,,3) Uncertain significance,protein_substitution,,primary,,excluded,,excluded_uncertain_g3_or_unmapped_grade,2,FAILED|PENDING,ANALYSIS_FAILED,NEGATIVE:FAILED:UNKNOWN:ANALYSIS_FAILED;NEGATIVE:PENDING::,,,excluded,,excluded_uncertain_g3_or_unmapped_grade,,,,
780,Bedaquiline,mtrB,p.Arg477Trp,missense_variant,G3,,3) Uncertain significance,protein_substitution,,primary,R,excluded,,excluded_uncertain_g3_or_unmapped_grade,2,LOSS_OF_FUNCTION|PENDING,MTRAB_DEREGULATION,NEGATIVE:LOSS_OF_FUNCTION:RESISTANT:MTRAB_DEREGULATION;NEGATIVE:PENDING::,,R,excluded,,excluded_uncertain_g3_or_unmapped_grade,,,,
781,Bedaquiline,mtrB,p.Asn545fs,frameshift,G3,,3) Uncertain significance,frameshift,,primary,,excluded,,excluded_uncertain_g3_or_unmapped_grade,0,,,,,,excluded,,excluded_uncertain_g3_or_unmapped_grade,,,,
782,Bedaquiline,mtrB,p.Asp136Gly,missense_variant,G3,,3) Uncertain significance,protein_substitution,,primary,,excluded,,excluded_uncertain_g3_or_unmapped_grade,2,FAILED|PENDING,,NEGATIVE:FAILED::;NEGATIVE:PENDING::,,,excluded,,excluded_uncertain_g3_or_unmapped_grade,,,,
783,Bedaquiline,mtrB,p.Asp267Gly,missense_variant,G3,,3) Uncertain significance,protein_substitution,,primary,R,excluded,,excluded_uncertain_g3_or_unmapped_grade,2,LOSS_OF_FUNCTION|PENDING,MTRAB_DEREGULATION,NEGATIVE:LOSS_OF_FUNCTION:RESISTANT:MTRAB_DEREGULATION;NEGATIVE:PENDING::,,R,excluded,,excluded_uncertain_g3_or_unmapped_grade,,,,
784,Bedaquiline,mtrB,p.Glu204Asp,missense_variant,G3,,3) Uncertain significance,protein_substitution,,primary,,excluded,,excluded_uncertain_g3_or_unmapped_grade,4,FAILED|PENDING,ANALYSIS_FAILED,NEGATIVE:FAILED:UNKNOWN:ANALYSIS_FAILED;NEGATIVE:FAILED:UNKNOWN:ANALYSIS_FAILED;NEGATIVE:PENDING::;+1_more,,,excluded,,excluded_uncertain_g3_or_unmapped_grade,,,,
785,Bedaquiline,mtrB,p.Glu389Asp,missense_variant,G3,,3) Uncertain significance,protein_substitution,,primary,,excluded,,excluded_uncertain_g3_or_unmapped_grade,4,FAILED|PENDING,,NEGATIVE:FAILED::;NEGATIVE:FAILED::;NEGATIVE:PENDING::;+1_more,,,excluded,,excluded_uncertain_g3_or_unmapped_grade,,,,
786,Bedaquiline,mtrB,p.Glu429Gly,missense_variant,G3,,3) Uncertain significance,protein_substitution,,primary,R,excluded,,excluded_uncertain_g3_or_unmapped_grade,2,LOSS_OF_FUNCTION|PENDING,MTRAB_DEREGULATION,NEGATIVE:LOSS_OF_FUNCTION:RESISTANT:MTRAB_DEREGULATION;NEGATIVE:PENDING::,,R,excluded,,excluded_uncertain_g3_or_unmapped_grade,,,,
787,Bedaquiline,mtrB,p.Glu460Asp,missense_variant,G3,,3) Uncertain significance,protein_substitution,,primary,,excluded,,excluded_uncertain_g3_or_unmapped_grade,4,FAILED|PENDING,ANALYSIS_FAILED,NEGATIVE:FAILED:UNKNOWN:ANALYSIS_FAILED;NEGATIVE:FAILED:UNKNOWN:ANALYSIS_FAILED;NEGATIVE:PENDING::;+1_more,,,excluded,,excluded_uncertain_g3_or_unmapped_grade,,,,
788,Bedaquiline,mtrB,p.Glu460Gly,missense_variant,G3,,3) Uncertain significance,protein_substitution,,primary,,excluded,,excluded_uncertain_g3_or_unmapped_grade,2,FAILED|PENDING,ANALYSIS_FAILED,NEGATIVE:FAILED:UNKNOWN:ANALYSIS_FAILED;NEGATIVE:PENDING::,,,excluded,,excluded_uncertain_g3_or_unmapped_grade,,,,
789,Bedaquiline,mtrB,p.Glu95Gly,missense_variant,G3,,3) Uncertain significance,protein_substitution,,primary,,excluded,,excluded_uncertain_g3_or_unmapped_grade,2,FAILED|PENDING,,NEGATIVE:FAILED::;NEGATIVE:PENDING::,,,excluded,,excluded_uncertain_g3_or_unmapped_grade,,,,
790,Bedaquiline,mtrB,p.Gly174Ala,missense_variant,G3,,3) Uncertain significance,protein_substitution,,primary,,excluded,,excluded_uncertain_g3_or_unmapped_grade,2,FAILED|PENDING,ANALYSIS_FAILED,NEGATIVE:FAILED:UNKNOWN:ANALYSIS_FAILED;NEGATIVE:PENDING::,,,excluded,,excluded_uncertain_g3_or_unmapped_grade,,,,
791,Bedaquiline,mtrB,p.Gly385Cys,missense_variant,G3,,3) Uncertain significance,protein_substitution,,primary,,excluded,,excluded_uncertain_g3_or_unmapped_grade,2,FAILED|PENDING,ANALYSIS_FAILED,NEGATIVE:FAILED:UNKNOWN:ANALYSIS_FAILED;NEGATIVE:PENDING::,,,excluded,,excluded_uncertain_g3_or_unmapped_grade,,,,
792,Bedaquiline,mtrB,p.Gly385Ser,missense_variant,G3,,3) Uncertain significance,protein_substitution,,primary,,excluded,,excluded_uncertain_g3_or_unmapped_grade,2,FAILED|PENDING,,NEGATIVE:FAILED::;NEGATIVE:PENDING::,,,excluded,,excluded_uncertain_g3_or_unmapped_grade,,,,
793,Bedaquiline,mtrB,p.Gly392Val,missense_variant,G3,,3) Uncertain significance,protein_substitution,,primary,R,excluded,,excluded_uncertain_g3_or_unmapped_grade,2,LOSS_OF_FUNCTION|PENDING,MTRAB_DEREGULATION,NEGATIVE:LOSS_OF_FUNCTION:RESISTANT:MTRAB_DEREGULATION;NEGATIVE:PENDING::,,R,excluded,,excluded_uncertain_g3_or_unmapped_grade,,,,
794,Bedaquiline,mtrB,p.Gly506Asp,missense_variant,G3,,3) Uncertain significance,protein_substitution,,primary,,excluded,,excluded_uncertain_g3_or_unmapped_grade,2,FAILED|PENDING,ANALYSIS_FAILED,NEGATIVE:FAILED:UNKNOWN:ANALYSIS_FAILED;NEGATIVE:PENDING::,,,excluded,,excluded_uncertain_g3_or_unmapped_grade,,,,
795,Bedaquiline,mtrB,p.Gly90Arg,missense_variant,G3,,3) Uncertain significance,protein_substitution,,primary,R,excluded,,excluded_uncertain_g3_or_unmapped_grade,4,FAILED|LOSS_OF_FUNCTION|PENDING,MTRAB_DEREGULATION,NEGATIVE:FAILED::;NEGATIVE:LOSS_OF_FUNCTION:RESISTANT:MTRAB_DEREGULATION;NEGATIVE:PENDING::;+1_more,,R,excluded,,excluded_uncertain_g3_or_unmapped_grade,,,,
796,Bedaquiline,mtrB,p.His255Asn,missense_variant,G3,,3) Uncertain significance,protein_substitution,,primary,,excluded,,excluded_uncertain_g3_or_unmapped_grade,2,FAILED|PENDING,ANALYSIS_FAILED,NEGATIVE:FAILED:UNKNOWN:ANALYSIS_FAILED;NEGATIVE:PENDING::,,,excluded,,excluded_uncertain_g3_or_unmapped_grade,,,,
797,Bedaquiline,mtrB,p.His324Arg,missense_variant,G3,,3) Uncertain significance,protein_substitution,,primary,,excluded,,excluded_uncertain_g3_or_unmapped_grade,2,FAILED|PENDING,ANALYSIS_FAILED,NEGATIVE:FAILED:UNKNOWN:ANALYSIS_FAILED;NEGATIVE:PENDING::,,,excluded,,excluded_uncertain_g3_or_unmapped_grade,,,,
798,Bedaquiline,mtrB,p.His386Pro,missense_variant,G3,,3) Uncertain significance,protein_substitution,,primary,,excluded,,excluded_uncertain_g3_or_unmapped_grade,2,FAILED|PENDING,ANALYSIS_FAILED,NEGATIVE:FAILED:UNKNOWN:ANALYSIS_FAILED;NEGATIVE:PENDING::,,,excluded,,excluded_uncertain_g3_or_unmapped_grade,,,,
799,Bedaquiline,mtrB,p.Ile198Asn,missense_variant,G3,,3) Uncertain significance,protein_substitution,,primary,R,excluded,,excluded_uncertain_g3_or_unmapped_grade,2,LOSS_OF_FUNCTION|PENDING,MTRAB_DEREGULATION,NEGATIVE:LOSS_OF_FUNCTION:RESISTANT:MTRAB_DEREGULATION;NEGATIVE:PENDING::,,R,excluded,,excluded_uncertain_g3_or_unmapped_grade,,,,
800,Bedaquiline,mtrB,p.Ile393Met,missense_variant,G3,,3) Uncertain significance,protein_substitution,,primary,,excluded,,excluded_uncertain_g3_or_unmapped_grade,2,FAILED|PENDING,ANALYSIS_FAILED,NEGATIVE:FAILED:UNKNOWN:ANALYSIS_FAILED;NEGATIVE:PENDING::,,,excluded,,excluded_uncertain_g3_or_unmapped_grade,,,,
801,Bedaquiline,mtrB,p.Ile78Val,missense_variant,G3,,3) Uncertain significance,protein_substitution,,primary,,excluded,,excluded_uncertain_g3_or_unmapped_grade,2,FAILED|PENDING,,NEGATIVE:FAILED::;NEGATIVE:PENDING::,,,excluded,,excluded_uncertain_g3_or_unmapped_grade,,,,
802,Bedaquiline,mtrB,p.Leu26Val,missense_variant,G3,,3) Uncertain significance,protein_substitution,,primary,,excluded,,excluded_uncertain_g3_or_unmapped_grade,2,FAILED|PENDING,,NEGATIVE:FAILED::;NEGATIVE:PENDING::,,,excluded,,excluded_uncertain_g3_or_unmapped_grade,,,,
803,Bedaquiline,mtrB,p.Leu396Val,missense_variant,G3,,3) Uncertain significance,protein_substitution,,primary,,excluded,,excluded_uncertain_g3_or_unmapped_grade,2,FAILED|PENDING,,NEGATIVE:FAILED::;NEGATIVE:PENDING::,,,excluded,,excluded_uncertain_g3_or_unmapped_grade,,,,
804,Bedaquiline,mtrB,p.Leu47Ile,missense_variant,G3,,3) Uncertain significance,protein_substitution,,primary,,excluded,,excluded_uncertain_g3_or_unmapped_grade,2,FAILED|PENDING,,NEGATIVE:FAILED::;NEGATIVE:PENDING::,,,excluded,,excluded_uncertain_g3_or_unmapped_grade,,,,
805,Bedaquiline,mtrB,p.Met517Leu,missense_variant,G3,,3) Uncertain significance,protein_substitution,,primary,,excluded,,excluded_uncertain_g3_or_unmapped_grade,4,FAILED|PENDING,,NEGATIVE:FAILED::;NEGATIVE:FAILED::;NEGATIVE:PENDING::;+1_more,,,excluded,,excluded_uncertain_g3_or_unmapped_grade,,,,
806,Bedaquiline,mtrB,p.Met530Ile,missense_variant,G3,,3) Uncertain significance,protein_substitution,,primary,,excluded,,excluded_uncertain_g3_or_unmapped_grade,6,FAILED|PENDING,ANALYSIS_FAILED,NEGATIVE:FAILED:UNKNOWN:ANALYSIS_FAILED;NEGATIVE:FAILED::;NEGATIVE:FAILED:UNKNOWN:ANALYSIS_FAILED;+3_more,,,excluded,,excluded_uncertain_g3_or_unmapped_grade,,,,
807,Bedaquiline,mtrB,p.Phe175Leu,missense_variant,G3,,3) Uncertain significance,protein_substitution,,primary,R,excluded,,excluded_uncertain_g3_or_unmapped_grade,6,FAILED|LOSS_OF_FUNCTION|PENDING,ANALYSIS_FAILED|MTRAB_DEREGULATION,NEGATIVE:LOSS_OF_FUNCTION:RESISTANT:MTRAB_DEREGULATION;NEGATIVE:FAILED:UNKNOWN:ANALYSIS_FAILED;NEGATIVE:FAILED::;+3_more,,R,excluded,,excluded_uncertain_g3_or_unmapped_grade,,,,
808,Bedaquiline,mtrB,p.Phe292Leu,missense_variant,G3,,3) Uncertain significance,protein_substitution,,primary,R,excluded,,excluded_uncertain_g3_or_unmapped_grade,6,LOSS_OF_FUNCTION|PENDING,MTRAB_DEREGULATION,NEGATIVE:LOSS_OF_FUNCTION:RESISTANT:MTRAB_DEREGULATION;NEGATIVE:LOSS_OF_FUNCTION:RESISTANT:MTRAB_DEREGULATION;NEGATIVE:LOSS_OF_FUNCTION:RESISTANT:MTRAB_DEREGULATION;+3_more,,R,excluded,,excluded_uncertain_g3_or_unmapped_grade,,,,
809,Bedaquiline,mtrB,p.Pro146Leu,missense_variant,G3,,3) Uncertain significance,protein_substitution,,primary,R,excluded,,excluded_uncertain_g3_or_unmapped_grade,2,LOSS_OF_FUNCTION|PENDING,MTRAB_DEREGULATION,NEGATIVE:LOSS_OF_FUNCTION:RESISTANT:MTRAB_DEREGULATION;NEGATIVE:PENDING::,,R,excluded,,excluded_uncertain_g3_or_unmapped_grade,,,,
810,Bedaquiline,mtrB,p.Pro151Arg,missense_variant,G3,,3) Uncertain significance,protein_substitution,,primary,R,excluded,,excluded_uncertain_g3_or_unmapped_grade,2,LOSS_OF_FUNCTION|PENDING,MTRAB_DEREGULATION,NEGATIVE:LOSS_OF_FUNCTION:RESISTANT:MTRAB_DEREGULATION;NEGATIVE:PENDING::,,R,excluded,,excluded_uncertain_g3_or_unmapped_grade,,,,
811,Bedaquiline,mtrB,p.Pro18Leu,missense_variant,G3,,3) Uncertain significance,protein_substitution,,primary,,excluded,,excluded_uncertain_g3_or_unmapped_grade,2,FAILED|PENDING,ANALYSIS_FAILED,NEGATIVE:FAILED:UNKNOWN:ANALYSIS_FAILED;NEGATIVE:PENDING::,,,excluded,,excluded_uncertain_g3_or_unmapped_grade,,,,
812,Bedaquiline,mtrB,p.Pro18Ser,missense_variant,G3,,3) Uncertain significance,protein_substitution,,primary,,excluded,,excluded_uncertain_g3_or_unmapped_grade,2,FAILED|PENDING,ANALYSIS_FAILED,NEGATIVE:FAILED:UNKNOWN:ANALYSIS_FAILED;NEGATIVE:PENDING::,,,excluded,,excluded_uncertain_g3_or_unmapped_grade,,,,
813,Bedaquiline,mtrB,p.Pro200Leu,missense_variant,G3,,3) Uncertain significance,protein_substitution,,primary,R,excluded,,excluded_uncertain_g3_or_unmapped_grade,2,LOSS_OF_FUNCTION|PENDING,MTRAB_DEREGULATION,NEGATIVE:LOSS_OF_FUNCTION:RESISTANT:MTRAB_DEREGULATION;NEGATIVE:PENDING::,,R,excluded,,excluded_uncertain_g3_or_unmapped_grade,,,,
814,Bedaquiline,mtrB,p.Pro529Leu,missense_variant,G3,,3) Uncertain significance,protein_substitution,,primary,R,excluded,,excluded_uncertain_g3_or_unmapped_grade,2,LOSS_OF_FUNCTION|PENDING,MTRAB_DEREGULATION,NEGATIVE:LOSS_OF_FUNCTION:RESISTANT:MTRAB_DEREGULATION;NEGATIVE:PENDING::,,R,excluded,,excluded_uncertain_g3_or_unmapped_grade,,,,
815,Bedaquiline,mtrB,p.Pro536Ser,missense_variant,G3,,3) Uncertain significance,protein_substitution,,primary,,excluded,,excluded_uncertain_g3_or_unmapped_grade,2,FAILED|PENDING,ANALYSIS_FAILED,NEGATIVE:FAILED:UNKNOWN:ANALYSIS_FAILED;NEGATIVE:PENDING::,,,excluded,,excluded_uncertain_g3_or_unmapped_grade,,,,
816,Bedaquiline,mtrB,p.Pro548Leu,missense_variant,G3,,3) Uncertain significance,protein_substitution,,primary,,excluded,,excluded_uncertain_g3_or_unmapped_grade,2,FAILED|PENDING,,NEGATIVE:FAILED::;NEGATIVE:PENDING::,,,excluded,,excluded_uncertain_g3_or_unmapped_grade,,,,
817,Bedaquiline,mtrB,p.Ser16Tyr,missense_variant,G3,,3) Uncertain significance,protein_substitution,,primary,R,excluded,,excluded_uncertain_g3_or_unmapped_grade,2,LOSS_OF_FUNCTION|PENDING,MTRAB_DEREGULATION,NEGATIVE:LOSS_OF_FUNCTION:RESISTANT:MTRAB_DEREGULATION;NEGATIVE:PENDING::,,R,excluded,,excluded_uncertain_g3_or_unmapped_grade,,,,
818,Bedaquiline,mtrB,p.Ser176Ala,missense_variant,G3,,3) Uncertain significance,protein_substitution,,primary,,excluded,,excluded_uncertain_g3_or_unmapped_grade,2,FAILED|PENDING,,NEGATIVE:FAILED::;NEGATIVE:PENDING::,,,excluded,,excluded_uncertain_g3_or_unmapped_grade,,,,
819,Bedaquiline,mtrB,p.Ser176Phe,missense_variant,G3,,3) Uncertain significance,protein_substitution,,primary,,excluded,,excluded_uncertain_g3_or_unmapped_grade,2,FAILED|PENDING,ANALYSIS_FAILED,NEGATIVE:FAILED:UNKNOWN:ANALYSIS_FAILED;NEGATIVE:PENDING::,,,excluded,,excluded_uncertain_g3_or_unmapped_grade,,,,
820,Bedaquiline,mtrB,p.Ser24Arg,missense_variant,G3,,3) Uncertain significance,protein_substitution,,primary,R,excluded,,excluded_uncertain_g3_or_unmapped_grade,6,LOSS_OF_FUNCTION|PENDING,MTRAB_DEREGULATION,NEGATIVE:LOSS_OF_FUNCTION:RESISTANT:MTRAB_DEREGULATION;NEGATIVE:LOSS_OF_FUNCTION:RESISTANT:MTRAB_DEREGULATION;NEGATIVE:LOSS_OF_FUNCTION:RESISTANT:MTRAB_DEREGULATION;+3_more,,R,excluded,,excluded_uncertain_g3_or_unmapped_grade,,,,
821,Bedaquiline,mtrB,p.Ser257Pro,missense_variant,G3,,3) Uncertain significance,protein_substitution,,primary,R,excluded,,excluded_uncertain_g3_or_unmapped_grade,2,COMPLETED|PENDING,MTRAB_DEREGULATION,NEGATIVE:COMPLETED:RESISTANT:MTRAB_DEREGULATION;NEGATIVE:PENDING::,,R,excluded,,excluded_uncertain_g3_or_unmapped_grade,,,,
822,Bedaquiline,mtrB,p.Ser283Tyr,missense_variant,G3,,3) Uncertain significance,protein_substitution,,primary,,excluded,,excluded_uncertain_g3_or_unmapped_grade,2,FAILED|PENDING,ANALYSIS_FAILED,NEGATIVE:FAILED:UNKNOWN:ANALYSIS_FAILED;NEGATIVE:PENDING::,,,excluded,,excluded_uncertain_g3_or_unmapped_grade,,,,
823,Bedaquiline,mtrB,p.Ser478Phe,missense_variant,G3,,3) Uncertain significance,protein_substitution,,primary,,excluded,,excluded_uncertain_g3_or_unmapped_grade,2,FAILED|PENDING,ANALYSIS_FAILED,NEGATIVE:FAILED:UNKNOWN:ANALYSIS_FAILED;NEGATIVE:PENDING::,,,excluded,,excluded_uncertain_g3_or_unmapped_grade,,,,
824,Bedaquiline,mtrB,p.Ser566Arg,missense_variant,G3,,3) Uncertain significance,protein_substitution,,primary,,excluded,,excluded_uncertain_g3_or_unmapped_grade,6,FAILED|PENDING,,NEGATIVE:FAILED::;NEGATIVE:FAILED::;NEGATIVE:FAILED::;+3_more,,,excluded,,excluded_uncertain_g3_or_unmapped_grade,,,,
825,Bedaquiline,mtrB,p.Thr169Ala,missense_variant,G3,,3) Uncertain significance,protein_substitution,,primary,,excluded,,excluded_uncertain_g3_or_unmapped_grade,2,FAILED|PENDING,,NEGATIVE:FAILED::;NEGATIVE:PENDING::,,,excluded,,excluded_uncertain_g3_or_unmapped_grade,,,,
826,Bedaquiline,mtrB,p.Thr336Ala,missense_variant,G3,,3) Uncertain significance,protein_substitution,,primary,,excluded,,excluded_uncertain_g3_or_unmapped_grade,2,FAILED|PENDING,,NEGATIVE:FAILED::;NEGATIVE:PENDING::,,,excluded,,excluded_uncertain_g3_or_unmapped_grade,,,,
827,Bedaquiline,mtrB,p.Thr66Ile,missense_variant,G3,,3) Uncertain significance,protein_substitution,,primary,R,excluded,,excluded_uncertain_g3_or_unmapped_grade,2,LOSS_OF_FUNCTION|PENDING,MTRAB_DEREGULATION,NEGATIVE:LOSS_OF_FUNCTION:RESISTANT:MTRAB_DEREGULATION;NEGATIVE:PENDING::,,R,excluded,,excluded_uncertain_g3_or_unmapped_grade,,,,
828,Bedaquiline,mtrB,p.Tyr165Cys,missense_variant,G3,,3) Uncertain significance,protein_substitution,,primary,R,excluded,,excluded_uncertain_g3_or_unmapped_grade,2,LOSS_OF_FUNCTION|PENDING,MTRAB_DEREGULATION,NEGATIVE:LOSS_OF_FUNCTION:RESISTANT:MTRAB_DEREGULATION;NEGATIVE:PENDING::,,R,excluded,,excluded_uncertain_g3_or_unmapped_grade,,,,
829,Bedaquiline,mtrB,p.Val170Leu,missense_variant,G3,,3) Uncertain significance,protein_substitution,,primary,,excluded,,excluded_uncertain_g3_or_unmapped_grade,4,FAILED|PENDING,,NEGATIVE:FAILED::;NEGATIVE:FAILED::;NEGATIVE:PENDING::;+1_more,,,excluded,,excluded_uncertain_g3_or_unmapped_grade,,,,
830,Bedaquiline,mtrB,p.Val237Ala,missense_variant,G3,,3) Uncertain significance,protein_substitution,,primary,R,excluded,,excluded_uncertain_g3_or_unmapped_grade,2,LOSS_OF_FUNCTION|PENDING,MTRAB_DEREGULATION,NEGATIVE:LOSS_OF_FUNCTION:RESISTANT:MTRAB_DEREGULATION;NEGATIVE:PENDING::,,R,excluded,,excluded_uncertain_g3_or_unmapped_grade,,,,
831,Bedaquiline,mtrB,p.Val237Leu,missense_variant,G3,,3) Uncertain significance,protein_substitution,,primary,,excluded,,excluded_uncertain_g3_or_unmapped_grade,4,FAILED|PENDING,ANALYSIS_FAILED,NEGATIVE:FAILED:UNKNOWN:ANALYSIS_FAILED;NEGATIVE:FAILED:UNKNOWN:ANALYSIS_FAILED;NEGATIVE:PENDING::;+1_more,,,excluded,,excluded_uncertain_g3_or_unmapped_grade,,,,
832,Bedaquiline,mtrB,p.Val273Met,missense_variant,G3,,3) Uncertain significance,protein_substitution,,primary,,excluded,,excluded_uncertain_g3_or_unmapped_grade,2,FAILED|PENDING,,NEGATIVE:FAILED::;NEGATIVE:PENDING::,,,excluded,,excluded_uncertain_g3_or_unmapped_grade,,,,
833,Bedaquiline,mtrB,p.Val30Ile,missense_variant,G3,,3) Uncertain significance,protein_substitution,,primary,,excluded,,excluded_uncertain_g3_or_unmapped_grade,2,FAILED|PENDING,ANALYSIS_FAILED,NEGATIVE:FAILED:UNKNOWN:ANALYSIS_FAILED;NEGATIVE:PENDING::,,,excluded,,excluded_uncertain_g3_or_unmapped_grade,,,,
834,Bedaquiline,mtrB,p.Val377Ile,missense_variant,G3,,3) Uncertain significance,protein_substitution,,primary,,excluded,,excluded_uncertain_g3_or_unmapped_grade,2,FAILED|PENDING,,NEGATIVE:FAILED::;NEGATIVE:PENDING::,,,excluded,,excluded_uncertain_g3_or_unmapped_grade,,,,
835,Bedaquiline,mtrB,p.Val404Ala,missense_variant,G3,,3) Uncertain significance,protein_substitution,,primary,,excluded,,excluded_uncertain_g3_or_unmapped_grade,2,FAILED|PENDING,ANALYSIS_FAILED,NEGATIVE:FAILED:UNKNOWN:ANALYSIS_FAILED;NEGATIVE:PENDING::,,,excluded,,excluded_uncertain_g3_or_unmapped_grade,,,,
836,Bedaquiline,mtrB,p.Val88Ala,missense_variant,G3,,3) Uncertain significance,protein_substitution,,primary,,excluded,,excluded_uncertain_g3_or_unmapped_grade,2,FAILED|PENDING,ANALYSIS_FAILED,NEGATIVE:FAILED:UNKNOWN:ANALYSIS_FAILED;NEGATIVE:PENDING::,,,excluded,,excluded_uncertain_g3_or_unmapped_grade,,,,
837,Bedaquiline,pepQ,c.1029A>C,synonymous_variant,G4,S,4) Not assoc w R - Interim,snv,true,primary,S,matched_final,true,,2,COMPLETED,SYNONYMOUS_NO_PROTEIN_CHANGE,NEGATIVE:COMPLETED:SENSITIVE:SYNONYMOUS_NO_PROTEIN_CHANGE;NEGATIVE:COMPLETED:SENSITIVE:SYNONYMOUS_NO_PROTEIN_CHANGE,true,S,matched_final,true,,direct_record_match,,,
838,Bedaquiline,pepQ,c.105C>A,synonymous_variant,G4,S,4) Not assoc w R - Interim,snv,true,primary,S,matched_final,true,,2,COMPLETED,SYNONYMOUS_NO_PROTEIN_CHANGE,NEGATIVE:COMPLETED:SENSITIVE:SYNONYMOUS_NO_PROTEIN_CHANGE;NEGATIVE:COMPLETED:SENSITIVE:SYNONYMOUS_NO_PROTEIN_CHANGE,true,S,matched_final,true,,direct_record_match,,,
839,Bedaquiline,pepQ,c.1107G>C,synonymous_variant,G4,S,4) Not assoc w R - Interim,snv,true,primary,S,matched_final,true,,2,COMPLETED,SYNONYMOUS_NO_PROTEIN_CHANGE,NEGATIVE:COMPLETED:SENSITIVE:SYNONYMOUS_NO_PROTEIN_CHANGE;NEGATIVE:COMPLETED:SENSITIVE:SYNONYMOUS_NO_PROTEIN_CHANGE,true,S,matched_final,true,,direct_record_match,,,
840,Bedaquiline,pepQ,c.120C>T,synonymous_variant,G4,S,4) Not assoc w R - Interim,snv,true,primary,S,matched_final,true,,2,COMPLETED,SYNONYMOUS_NO_PROTEIN_CHANGE,NEGATIVE:COMPLETED:SENSITIVE:SYNONYMOUS_NO_PROTEIN_CHANGE;NEGATIVE:COMPLETED:SENSITIVE:SYNONYMOUS_NO_PROTEIN_CHANGE,true,S,matched_final,true,,direct_record_match,,,
841,Bedaquiline,pepQ,c.132G>A,synonymous_variant,G4,S,4) Not assoc w R - Interim,snv,true,primary,S,matched_final,true,,2,COMPLETED,SYNONYMOUS_NO_PROTEIN_CHANGE,NEGATIVE:COMPLETED:SENSITIVE:SYNONYMOUS_NO_PROTEIN_CHANGE;NEGATIVE:COMPLETED:SENSITIVE:SYNONYMOUS_NO_PROTEIN_CHANGE,true,S,matched_final,true,,direct_record_match,,,
842,Bedaquiline,pepQ,c.144T>C,synonymous_variant,G4,S,4) Not assoc w R - Interim,snv,true,primary,S,matched_final,true,,2,COMPLETED,SYNONYMOUS_NO_PROTEIN_CHANGE,NEGATIVE:COMPLETED:SENSITIVE:SYNONYMOUS_NO_PROTEIN_CHANGE;NEGATIVE:COMPLETED:SENSITIVE:SYNONYMOUS_NO_PROTEIN_CHANGE,true,S,matched_final,true,,direct_record_match,,,
843,Bedaquiline,pepQ,c.153T>C,synonymous_variant,G4,S,4) Not assoc w R - Interim,snv,true,primary,S,matched_final,true,,2,COMPLETED,SYNONYMOUS_NO_PROTEIN_CHANGE,NEGATIVE:COMPLETED:SENSITIVE:SYNONYMOUS_NO_PROTEIN_CHANGE;NEGATIVE:COMPLETED:SENSITIVE:SYNONYMOUS_NO_PROTEIN_CHANGE,true,S,matched_final,true,,direct_record_match,,,
844,Bedaquiline,pepQ,c.165C>T,synonymous_variant,G4,S,4) Not assoc w R - Interim,snv,true,primary,S,matched_final,true,,2,COMPLETED,SYNONYMOUS_NO_PROTEIN_CHANGE,NEGATIVE:COMPLETED:SENSITIVE:SYNONYMOUS_NO_PROTEIN_CHANGE;NEGATIVE:COMPLETED:SENSITIVE:SYNONYMOUS_NO_PROTEIN_CHANGE,true,S,matched_final,true,,direct_record_match,,,
845,Bedaquiline,pepQ,c.-17G>T,upstream_gene_variant,G3,,3) Uncertain significance,regulatory,,primary,S,excluded,,excluded_uncertain_g3_or_unmapped_grade,4,COMPLETED|PENDING,REGULATORY_SCENARIO_UNSUPPORTED,NEGATIVE:COMPLETED:UNKNOWN:REGULATORY_SCENARIO_UNSUPPORTED;NEGATIVE:PENDING::;NEGATIVE:COMPLETED:UNKNOWN:REGULATORY_SCENARIO_UNSUPPORTED;+1_more,,S,excluded,,excluded_uncertain_g3_or_unmapped_grade,,,,
846,Bedaquiline,pepQ,c.189G>A,synonymous_variant,G4,S,4) Not assoc w R - Interim,snv,true,primary,S,matched_final,true,,2,COMPLETED,SYNONYMOUS_NO_PROTEIN_CHANGE,NEGATIVE:COMPLETED:SENSITIVE:SYNONYMOUS_NO_PROTEIN_CHANGE;NEGATIVE:COMPLETED:SENSITIVE:SYNONYMOUS_NO_PROTEIN_CHANGE,true,S,matched_final,true,,direct_record_match,,,
847,Bedaquiline,pepQ,c.-18C>T,upstream_gene_variant,G3,,3) Uncertain significance,regulatory,,primary,S,excluded,,excluded_uncertain_g3_or_unmapped_grade,4,COMPLETED|PENDING,REGULATORY_SCENARIO_UNSUPPORTED,NEGATIVE:COMPLETED:UNKNOWN:REGULATORY_SCENARIO_UNSUPPORTED;NEGATIVE:PENDING::;NEGATIVE:COMPLETED:UNKNOWN:REGULATORY_SCENARIO_UNSUPPORTED;+1_more,,S,excluded,,excluded_uncertain_g3_or_unmapped_grade,,,,
848,Bedaquiline,pepQ,c.198G>A,synonymous_variant,G4,S,4) Not assoc w R - Interim,snv,true,primary,S,matched_final,true,,2,COMPLETED,SYNONYMOUS_NO_PROTEIN_CHANGE,NEGATIVE:COMPLETED:SENSITIVE:SYNONYMOUS_NO_PROTEIN_CHANGE;NEGATIVE:COMPLETED:SENSITIVE:SYNONYMOUS_NO_PROTEIN_CHANGE,true,S,matched_final,true,,direct_record_match,,,
849,Bedaquiline,pepQ,c.1G>A,initiator_codon_variant,G4,S,4) Not assoc w R - Interim,snv,true,primary,S,matched_final,true,,2,COMPLETED|PENDING,NEGATIVE_FUNCTION_RETAINED,NEGATIVE:COMPLETED:SENSITIVE:NEGATIVE_FUNCTION_RETAINED;NEGATIVE:PENDING::,true,S,matched_final,true,,direct_record_match,,,
850,Bedaquiline,pepQ,c.21A>C,synonymous_variant,G4,S,4) Not assoc w R - Interim,snv,true,primary,S,matched_final,true,,2,COMPLETED,SYNONYMOUS_NO_PROTEIN_CHANGE,NEGATIVE:COMPLETED:SENSITIVE:SYNONYMOUS_NO_PROTEIN_CHANGE;NEGATIVE:COMPLETED:SENSITIVE:SYNONYMOUS_NO_PROTEIN_CHANGE,true,S,matched_final,true,,direct_record_match,,,
851,Bedaquiline,pepQ,c.240G>A,synonymous_variant,G4,S,4) Not assoc w R - Interim,snv,true,primary,S,matched_final,true,,2,COMPLETED,SYNONYMOUS_NO_PROTEIN_CHANGE,NEGATIVE:COMPLETED:SENSITIVE:SYNONYMOUS_NO_PROTEIN_CHANGE;NEGATIVE:COMPLETED:SENSITIVE:SYNONYMOUS_NO_PROTEIN_CHANGE,true,S,matched_final,true,,direct_record_match,,,
852,Bedaquiline,pepQ,c.261C>G,synonymous_variant,G4,S,4) Not assoc w R - Interim,snv,true,primary,S,matched_final,true,,2,COMPLETED,SYNONYMOUS_NO_PROTEIN_CHANGE,NEGATIVE:COMPLETED:SENSITIVE:SYNONYMOUS_NO_PROTEIN_CHANGE;NEGATIVE:COMPLETED:SENSITIVE:SYNONYMOUS_NO_PROTEIN_CHANGE,true,S,matched_final,true,,direct_record_match,,,
853,Bedaquiline,pepQ,c.318C>T,synonymous_variant,G4,S,4) Not assoc w R - Interim,snv,true,primary,S,matched_final,true,,2,COMPLETED,SYNONYMOUS_NO_PROTEIN_CHANGE,NEGATIVE:COMPLETED:SENSITIVE:SYNONYMOUS_NO_PROTEIN_CHANGE;NEGATIVE:COMPLETED:SENSITIVE:SYNONYMOUS_NO_PROTEIN_CHANGE,true,S,matched_final,true,,direct_record_match,,,
854,Bedaquiline,pepQ,c.339G>A,synonymous_variant,G4,S,4) Not assoc w R - Interim,snv,true,primary,S,matched_final,true,,2,COMPLETED,SYNONYMOUS_NO_PROTEIN_CHANGE,NEGATIVE:COMPLETED:SENSITIVE:SYNONYMOUS_NO_PROTEIN_CHANGE;NEGATIVE:COMPLETED:SENSITIVE:SYNONYMOUS_NO_PROTEIN_CHANGE,true,S,matched_final,true,,direct_record_match,,,
855,Bedaquiline,pepQ,c.372A>G,synonymous_variant,G4,S,4) Not assoc w R - Interim,snv,true,primary,S,matched_final,true,,2,COMPLETED,SYNONYMOUS_NO_PROTEIN_CHANGE,NEGATIVE:COMPLETED:SENSITIVE:SYNONYMOUS_NO_PROTEIN_CHANGE;NEGATIVE:COMPLETED:SENSITIVE:SYNONYMOUS_NO_PROTEIN_CHANGE,true,S,matched_final,true,,direct_record_match,,,
856,Bedaquiline,pepQ,c.381T>C,synonymous_variant,G4,S,4) Not assoc w R - Interim,snv,true,primary,S,matched_final,true,,2,COMPLETED,SYNONYMOUS_NO_PROTEIN_CHANGE,NEGATIVE:COMPLETED:SENSITIVE:SYNONYMOUS_NO_PROTEIN_CHANGE;NEGATIVE:COMPLETED:SENSITIVE:SYNONYMOUS_NO_PROTEIN_CHANGE,true,S,matched_final,true,,direct_record_match,,,
857,Bedaquiline,pepQ,c.402T>C,synonymous_variant,G4,S,4) Not assoc w R - Interim,snv,true,primary,S,matched_final,true,,2,COMPLETED,SYNONYMOUS_NO_PROTEIN_CHANGE,NEGATIVE:COMPLETED:SENSITIVE:SYNONYMOUS_NO_PROTEIN_CHANGE;NEGATIVE:COMPLETED:SENSITIVE:SYNONYMOUS_NO_PROTEIN_CHANGE,true,S,matched_final,true,,direct_record_match,,,
858,Bedaquiline,pepQ,c.411C>T,synonymous_variant,G4,S,4) Not assoc w R - Interim,snv,true,primary,S,matched_final,true,,2,COMPLETED,SYNONYMOUS_NO_PROTEIN_CHANGE,NEGATIVE:COMPLETED:SENSITIVE:SYNONYMOUS_NO_PROTEIN_CHANGE;NEGATIVE:COMPLETED:SENSITIVE:SYNONYMOUS_NO_PROTEIN_CHANGE,true,S,matched_final,true,,direct_record_match,,,
859,Bedaquiline,pepQ,c.460C>T,synonymous_variant,G4,S,4) Not assoc w R - Interim,snv,true,primary,S,matched_final,true,,2,COMPLETED,SYNONYMOUS_NO_PROTEIN_CHANGE,NEGATIVE:COMPLETED:SENSITIVE:SYNONYMOUS_NO_PROTEIN_CHANGE;NEGATIVE:COMPLETED:SENSITIVE:SYNONYMOUS_NO_PROTEIN_CHANGE,true,S,matched_final,true,,direct_record_match,,,
860,Bedaquiline,pepQ,c.483C>T,synonymous_variant,G4,S,4) Not assoc w R - Interim,snv,true,primary,S,matched_final,true,,2,COMPLETED,SYNONYMOUS_NO_PROTEIN_CHANGE,NEGATIVE:COMPLETED:SENSITIVE:SYNONYMOUS_NO_PROTEIN_CHANGE;NEGATIVE:COMPLETED:SENSITIVE:SYNONYMOUS_NO_PROTEIN_CHANGE,true,S,matched_final,true,,direct_record_match,,,
861,Bedaquiline,pepQ,c.516G>A,synonymous_variant,G4,S,4) Not assoc w R - Interim,snv,true,primary,S,matched_final,true,,2,COMPLETED,SYNONYMOUS_NO_PROTEIN_CHANGE,NEGATIVE:COMPLETED:SENSITIVE:SYNONYMOUS_NO_PROTEIN_CHANGE;NEGATIVE:COMPLETED:SENSITIVE:SYNONYMOUS_NO_PROTEIN_CHANGE,true,S,matched_final,true,,direct_record_match,,,
862,Bedaquiline,pepQ,c.54G>T,synonymous_variant,G4,S,4) Not assoc w R - Interim,snv,true,primary,S,matched_final,true,,2,COMPLETED,SYNONYMOUS_NO_PROTEIN_CHANGE,NEGATIVE:COMPLETED:SENSITIVE:SYNONYMOUS_NO_PROTEIN_CHANGE;NEGATIVE:COMPLETED:SENSITIVE:SYNONYMOUS_NO_PROTEIN_CHANGE,true,S,matched_final,true,,direct_record_match,,,
863,Bedaquiline,pepQ,c.555T>G,synonymous_variant,G4,S,4) Not assoc w R - Interim,snv,true,primary,S,matched_final,true,,2,COMPLETED,SYNONYMOUS_NO_PROTEIN_CHANGE,NEGATIVE:COMPLETED:SENSITIVE:SYNONYMOUS_NO_PROTEIN_CHANGE;NEGATIVE:COMPLETED:SENSITIVE:SYNONYMOUS_NO_PROTEIN_CHANGE,true,S,matched_final,true,,direct_record_match,,,
864,Bedaquiline,pepQ,c.558C>T,synonymous_variant,G4,S,4) Not assoc w R - Interim,snv,true,primary,S,matched_final,true,,2,COMPLETED,SYNONYMOUS_NO_PROTEIN_CHANGE,NEGATIVE:COMPLETED:SENSITIVE:SYNONYMOUS_NO_PROTEIN_CHANGE;NEGATIVE:COMPLETED:SENSITIVE:SYNONYMOUS_NO_PROTEIN_CHANGE,true,S,matched_final,true,,direct_record_match,,,
865,Bedaquiline,pepQ,c.585T>C,synonymous_variant,G4,S,4) Not assoc w R - Interim,snv,true,primary,S,matched_final,true,,2,COMPLETED,SYNONYMOUS_NO_PROTEIN_CHANGE,NEGATIVE:COMPLETED:SENSITIVE:SYNONYMOUS_NO_PROTEIN_CHANGE;NEGATIVE:COMPLETED:SENSITIVE:SYNONYMOUS_NO_PROTEIN_CHANGE,true,S,matched_final,true,,direct_record_match,,,
866,Bedaquiline,pepQ,c.-5G>A,upstream_gene_variant,G3,,3) Uncertain significance,regulatory,,primary,S,excluded,,excluded_uncertain_g3_or_unmapped_grade,4,COMPLETED|PENDING,REGULATORY_SCENARIO_UNSUPPORTED,NEGATIVE:COMPLETED:UNKNOWN:REGULATORY_SCENARIO_UNSUPPORTED;NEGATIVE:PENDING::;NEGATIVE:COMPLETED:UNKNOWN:REGULATORY_SCENARIO_UNSUPPORTED;+1_more,,S,excluded,,excluded_uncertain_g3_or_unmapped_grade,,,,
867,Bedaquiline,pepQ,c.693C>T,synonymous_variant,G4,S,4) Not assoc w R - Interim,snv,true,primary,S,matched_final,true,,2,COMPLETED,SYNONYMOUS_NO_PROTEIN_CHANGE,NEGATIVE:COMPLETED:SENSITIVE:SYNONYMOUS_NO_PROTEIN_CHANGE;NEGATIVE:COMPLETED:SENSITIVE:SYNONYMOUS_NO_PROTEIN_CHANGE,true,S,matched_final,true,,direct_record_match,,,
868,Bedaquiline,pepQ,c.72C>T,synonymous_variant,G4,S,4) Not assoc w R - Interim,snv,true,primary,S,matched_final,true,,2,COMPLETED,SYNONYMOUS_NO_PROTEIN_CHANGE,NEGATIVE:COMPLETED:SENSITIVE:SYNONYMOUS_NO_PROTEIN_CHANGE;NEGATIVE:COMPLETED:SENSITIVE:SYNONYMOUS_NO_PROTEIN_CHANGE,true,S,matched_final,true,,direct_record_match,,,
869,Bedaquiline,pepQ,c.756G>T,synonymous_variant,G4,S,4) Not assoc w R - Interim,snv,true,primary,S,matched_final,true,,2,COMPLETED,SYNONYMOUS_NO_PROTEIN_CHANGE,NEGATIVE:COMPLETED:SENSITIVE:SYNONYMOUS_NO_PROTEIN_CHANGE;NEGATIVE:COMPLETED:SENSITIVE:SYNONYMOUS_NO_PROTEIN_CHANGE,true,S,matched_final,true,,direct_record_match,,,
870,Bedaquiline,pepQ,c.768G>A,synonymous_variant,G4,S,4) Not assoc w R - Interim,snv,true,primary,S,matched_final,true,,2,COMPLETED,SYNONYMOUS_NO_PROTEIN_CHANGE,NEGATIVE:COMPLETED:SENSITIVE:SYNONYMOUS_NO_PROTEIN_CHANGE;NEGATIVE:COMPLETED:SENSITIVE:SYNONYMOUS_NO_PROTEIN_CHANGE,true,S,matched_final,true,,direct_record_match,,,
871,Bedaquiline,pepQ,c.774G>A,synonymous_variant,G4,S,4) Not assoc w R - Interim,snv,true,primary,S,matched_final,true,,2,COMPLETED,SYNONYMOUS_NO_PROTEIN_CHANGE,NEGATIVE:COMPLETED:SENSITIVE:SYNONYMOUS_NO_PROTEIN_CHANGE;NEGATIVE:COMPLETED:SENSITIVE:SYNONYMOUS_NO_PROTEIN_CHANGE,true,S,matched_final,true,,direct_record_match,,,
872,Bedaquiline,pepQ,c.795G>A,synonymous_variant,G4,S,4) Not assoc w R - Interim,snv,true,primary,S,matched_final,true,,2,COMPLETED,SYNONYMOUS_NO_PROTEIN_CHANGE,NEGATIVE:COMPLETED:SENSITIVE:SYNONYMOUS_NO_PROTEIN_CHANGE;NEGATIVE:COMPLETED:SENSITIVE:SYNONYMOUS_NO_PROTEIN_CHANGE,true,S,matched_final,true,,direct_record_match,,,
873,Bedaquiline,pepQ,c.804C>G,synonymous_variant,G4,S,4) Not assoc w R - Interim,snv,true,primary,S,matched_final,true,,2,COMPLETED,SYNONYMOUS_NO_PROTEIN_CHANGE,NEGATIVE:COMPLETED:SENSITIVE:SYNONYMOUS_NO_PROTEIN_CHANGE;NEGATIVE:COMPLETED:SENSITIVE:SYNONYMOUS_NO_PROTEIN_CHANGE,true,S,matched_final,true,,direct_record_match,,,
874,Bedaquiline,pepQ,c.873T>G,synonymous_variant,G4,S,4) Not assoc w R - Interim,snv,true,primary,S,matched_final,true,,2,COMPLETED,SYNONYMOUS_NO_PROTEIN_CHANGE,NEGATIVE:COMPLETED:SENSITIVE:SYNONYMOUS_NO_PROTEIN_CHANGE;NEGATIVE:COMPLETED:SENSITIVE:SYNONYMOUS_NO_PROTEIN_CHANGE,true,S,matched_final,true,,direct_record_match,,,
875,Bedaquiline,pepQ,c.876C>T,synonymous_variant,G4,S,4) Not assoc w R - Interim,snv,true,primary,S,matched_final,true,,2,COMPLETED,SYNONYMOUS_NO_PROTEIN_CHANGE,NEGATIVE:COMPLETED:SENSITIVE:SYNONYMOUS_NO_PROTEIN_CHANGE;NEGATIVE:COMPLETED:SENSITIVE:SYNONYMOUS_NO_PROTEIN_CHANGE,true,S,matched_final,true,,direct_record_match,,,
876,Bedaquiline,pepQ,c.879A>G,synonymous_variant,G4,S,4) Not assoc w R - Interim,snv,true,primary,S,matched_final,true,,2,COMPLETED,SYNONYMOUS_NO_PROTEIN_CHANGE,NEGATIVE:COMPLETED:SENSITIVE:SYNONYMOUS_NO_PROTEIN_CHANGE;NEGATIVE:COMPLETED:SENSITIVE:SYNONYMOUS_NO_PROTEIN_CHANGE,true,S,matched_final,true,,direct_record_match,,,
877,Bedaquiline,pepQ,c.99A>G,synonymous_variant,G4,S,4) Not assoc w R - Interim,snv,true,primary,S,matched_final,true,,2,COMPLETED,SYNONYMOUS_NO_PROTEIN_CHANGE,NEGATIVE:COMPLETED:SENSITIVE:SYNONYMOUS_NO_PROTEIN_CHANGE;NEGATIVE:COMPLETED:SENSITIVE:SYNONYMOUS_NO_PROTEIN_CHANGE,true,S,matched_final,true,,direct_record_match,,,
878,Bedaquiline,pepQ,LoF,LoF,G2,R,2) Assoc w R - Interim,generic_lof,true,primary,R,consequence_inferred,true,,0,,NEGATIVE_LOF_SIGNATURE,no_direct_final_rs_record;inferred_from_generic_lof_as_loss_of_function;logic_type=NEGATIVE,false,,unmatched,false,generic_lof_category,catalogue_consequence_inferred,loss_of_function,LOSS_OF_FUNCTION,NEGATIVE
879,Bedaquiline,pepQ,p.Ala124Val,missense_variant,G3,,3) Uncertain significance,protein_substitution,,primary,,excluded,,excluded_uncertain_g3_or_unmapped_grade,2,FAILED|PENDING,,NEGATIVE:FAILED::;NEGATIVE:PENDING::,,,excluded,,excluded_uncertain_g3_or_unmapped_grade,,,,
880,Bedaquiline,pepQ,p.Ala137Ser,missense_variant,G3,,3) Uncertain significance,protein_substitution,,primary,,excluded,,excluded_uncertain_g3_or_unmapped_grade,2,FAILED|PENDING,,NEGATIVE:FAILED::;NEGATIVE:PENDING::,,,excluded,,excluded_uncertain_g3_or_unmapped_grade,,,,
881,Bedaquiline,pepQ,p.Ala141Glu,missense_variant,G3,,3) Uncertain significance,protein_substitution,,primary,,excluded,,excluded_uncertain_g3_or_unmapped_grade,2,FAILED|PENDING,,NEGATIVE:FAILED::;NEGATIVE:PENDING::,,,excluded,,excluded_uncertain_g3_or_unmapped_grade,,,,
882,Bedaquiline,pepQ,p.Ala153Gly,missense_variant,G3,,3) Uncertain significance,protein_substitution,,primary,R,excluded,,excluded_uncertain_g3_or_unmapped_grade,2,LOSS_OF_FUNCTION|PENDING,NEGATIVE_LOF_REVIEWED,NEGATIVE:LOSS_OF_FUNCTION:RESISTANT:NEGATIVE_LOF_REVIEWED;NEGATIVE:PENDING::,,R,excluded,,excluded_uncertain_g3_or_unmapped_grade,,,,
883,Bedaquiline,pepQ,p.Ala16Gly,missense_variant,G3,,3) Uncertain significance,protein_substitution,,primary,,excluded,,excluded_uncertain_g3_or_unmapped_grade,2,FAILED|PENDING,,NEGATIVE:FAILED::;NEGATIVE:PENDING::,,,excluded,,excluded_uncertain_g3_or_unmapped_grade,,,,
884,Bedaquiline,pepQ,p.Ala187Glu,missense_variant,G3,,3) Uncertain significance,protein_substitution,,primary,,excluded,,excluded_uncertain_g3_or_unmapped_grade,2,FAILED|PENDING,,NEGATIVE:FAILED::;NEGATIVE:PENDING::,,,excluded,,excluded_uncertain_g3_or_unmapped_grade,,,,
885,Bedaquiline,pepQ,p.Ala227Asp,missense_variant,G3,,3) Uncertain significance,protein_substitution,,primary,,excluded,,excluded_uncertain_g3_or_unmapped_grade,2,FAILED|PENDING,,NEGATIVE:FAILED::;NEGATIVE:PENDING::,,,excluded,,excluded_uncertain_g3_or_unmapped_grade,,,,
886,Bedaquiline,pepQ,p.Ala242Thr,missense_variant,G3,,3) Uncertain significance,protein_substitution,,primary,,excluded,,excluded_uncertain_g3_or_unmapped_grade,2,FAILED|PENDING,ANALYSIS_FAILED,NEGATIVE:FAILED:UNKNOWN:ANALYSIS_FAILED;NEGATIVE:PENDING::,,,excluded,,excluded_uncertain_g3_or_unmapped_grade,,,,
887,Bedaquiline,pepQ,p.Ala263Val,missense_variant,G3,,3) Uncertain significance,protein_substitution,,primary,,excluded,,excluded_uncertain_g3_or_unmapped_grade,2,FAILED|PENDING,ANALYSIS_FAILED,NEGATIVE:FAILED:UNKNOWN:ANALYSIS_FAILED;NEGATIVE:PENDING::,,,excluded,,excluded_uncertain_g3_or_unmapped_grade,,,,
888,Bedaquiline,pepQ,p.Ala275Ser,missense_variant,G3,,3) Uncertain significance,protein_substitution,,primary,,excluded,,excluded_uncertain_g3_or_unmapped_grade,2,FAILED|PENDING,,NEGATIVE:FAILED::;NEGATIVE:PENDING::,,,excluded,,excluded_uncertain_g3_or_unmapped_grade,,,,
889,Bedaquiline,pepQ,p.Ala305Val,missense_variant,G3,,3) Uncertain significance,protein_substitution,,primary,,excluded,,excluded_uncertain_g3_or_unmapped_grade,2,FAILED|PENDING,ANALYSIS_FAILED,NEGATIVE:FAILED:UNKNOWN:ANALYSIS_FAILED;NEGATIVE:PENDING::,,,excluded,,excluded_uncertain_g3_or_unmapped_grade,,,,
890,Bedaquiline,pepQ,p.Ala370Val,missense_variant,G3,,3) Uncertain significance,protein_substitution,,primary,,excluded,,excluded_uncertain_g3_or_unmapped_grade,2,FAILED|PENDING,,NEGATIVE:FAILED::;NEGATIVE:PENDING::,,,excluded,,excluded_uncertain_g3_or_unmapped_grade,,,,
891,Bedaquiline,pepQ,p.Arg170Trp,missense_variant,G3,,3) Uncertain significance,protein_substitution,,primary,R,excluded,,excluded_uncertain_g3_or_unmapped_grade,2,LOSS_OF_FUNCTION|PENDING,NEGATIVE_LOF_REVIEWED,NEGATIVE:LOSS_OF_FUNCTION:RESISTANT:NEGATIVE_LOF_REVIEWED;NEGATIVE:PENDING::,,R,excluded,,excluded_uncertain_g3_or_unmapped_grade,,,,
892,Bedaquiline,pepQ,p.Arg278Gly,missense_variant,G3,,3) Uncertain significance,protein_substitution,,primary,R,excluded,,excluded_uncertain_g3_or_unmapped_grade,2,LOSS_OF_FUNCTION|PENDING,NEGATIVE_LOF_REVIEWED,NEGATIVE:LOSS_OF_FUNCTION:RESISTANT:NEGATIVE_LOF_REVIEWED;NEGATIVE:PENDING::,,R,excluded,,excluded_uncertain_g3_or_unmapped_grade,,,,
893,Bedaquiline,pepQ,p.Arg61Cys,missense_variant,G3,,3) Uncertain significance,protein_substitution,,primary,,excluded,,excluded_uncertain_g3_or_unmapped_grade,2,FAILED|PENDING,ANALYSIS_FAILED,NEGATIVE:FAILED:UNKNOWN:ANALYSIS_FAILED;NEGATIVE:PENDING::,,,excluded,,excluded_uncertain_g3_or_unmapped_grade,,,,
894,Bedaquiline,pepQ,p.Arg7Gln,missense_variant,G3,,3) Uncertain significance,protein_substitution,,primary,,excluded,,excluded_uncertain_g3_or_unmapped_grade,2,FAILED|PENDING,,NEGATIVE:FAILED::;NEGATIVE:PENDING::,,,excluded,,excluded_uncertain_g3_or_unmapped_grade,,,,
895,Bedaquiline,pepQ,p.Asn118Asp,missense_variant,G3,,3) Uncertain significance,protein_substitution,,primary,,excluded,,excluded_uncertain_g3_or_unmapped_grade,2,FAILED|PENDING,,NEGATIVE:FAILED::;NEGATIVE:PENDING::,,,excluded,,excluded_uncertain_g3_or_unmapped_grade,,,,
896,Bedaquiline,pepQ,p.Asp108Asn,missense_variant,G3,,3) Uncertain significance,protein_substitution,,primary,,excluded,,excluded_uncertain_g3_or_unmapped_grade,2,FAILED|PENDING,,NEGATIVE:FAILED::;NEGATIVE:PENDING::,,,excluded,,excluded_uncertain_g3_or_unmapped_grade,,,,
897,Bedaquiline,pepQ,p.Asp209Glu,missense_variant,G3,,3) Uncertain significance,protein_substitution,,primary,,excluded,,excluded_uncertain_g3_or_unmapped_grade,4,FAILED|PENDING,ANALYSIS_FAILED,NEGATIVE:FAILED:UNKNOWN:ANALYSIS_FAILED;NEGATIVE:FAILED::;NEGATIVE:PENDING::;+1_more,,,excluded,,excluded_uncertain_g3_or_unmapped_grade,,,,
898,Bedaquiline,pepQ,p.Asp20Gly,missense_variant,G3,,3) Uncertain significance,protein_substitution,,primary,,excluded,,excluded_uncertain_g3_or_unmapped_grade,2,FAILED|PENDING,ANALYSIS_FAILED,NEGATIVE:FAILED:UNKNOWN:ANALYSIS_FAILED;NEGATIVE:PENDING::,,,excluded,,excluded_uncertain_g3_or_unmapped_grade,,,,
899,Bedaquiline,pepQ,p.Asp232fs,frameshift,G2,R,2) Assoc w R - Interim,frameshift,true,primary,R,consequence_inferred,true,,0,,NEGATIVE_LOF_SIGNATURE,no_direct_final_rs_record;inferred_from_frameshift_as_loss_of_function;logic_type=NEGATIVE,true,,unmatched,false,unsupported_non_snp_variant,catalogue_consequence_inferred,loss_of_function,LOSS_OF_FUNCTION,NEGATIVE
900,Bedaquiline,pepQ,p.Asp26Ala,missense_variant,G3,,3) Uncertain significance,protein_substitution,,primary,,excluded,,excluded_uncertain_g3_or_unmapped_grade,2,FAILED|PENDING,ANALYSIS_FAILED,NEGATIVE:FAILED:UNKNOWN:ANALYSIS_FAILED;NEGATIVE:PENDING::,,,excluded,,excluded_uncertain_g3_or_unmapped_grade,,,,
901,Bedaquiline,pepQ,p.Asp26Gly,missense_variant,G3,,3) Uncertain significance,protein_substitution,,primary,,excluded,,excluded_uncertain_g3_or_unmapped_grade,2,FAILED|PENDING,,NEGATIVE:FAILED::;NEGATIVE:PENDING::,,,excluded,,excluded_uncertain_g3_or_unmapped_grade,,,,
902,Bedaquiline,pepQ,p.Asp51fs,frameshift,G2,R,2) Assoc w R - Interim,frameshift,true,primary,R,consequence_inferred,true,,0,,NEGATIVE_LOF_SIGNATURE,no_direct_final_rs_record;inferred_from_frameshift_as_loss_of_function;logic_type=NEGATIVE,true,,unmatched,false,unsupported_non_snp_variant,catalogue_consequence_inferred,loss_of_function,LOSS_OF_FUNCTION,NEGATIVE
903,Bedaquiline,pepQ,p.Gln262Arg,missense_variant,G3,,3) Uncertain significance,protein_substitution,,primary,,excluded,,excluded_uncertain_g3_or_unmapped_grade,2,FAILED|PENDING,,NEGATIVE:FAILED::;NEGATIVE:PENDING::,,,excluded,,excluded_uncertain_g3_or_unmapped_grade,,,,
904,Bedaquiline,pepQ,p.Gln5Arg,missense_variant,G3,,3) Uncertain significance,protein_substitution,,primary,,excluded,,excluded_uncertain_g3_or_unmapped_grade,2,FAILED|PENDING,,NEGATIVE:FAILED::;NEGATIVE:PENDING::,,,excluded,,excluded_uncertain_g3_or_unmapped_grade,,,,
905,Bedaquiline,pepQ,p.Gln5*,stop_gained,G2,R,2) Assoc w R - Interim,nonsense,true,primary,R,matched_final,true,,2,LOSS_OF_FUNCTION|PENDING,NEGATIVE_LOF_SIGNATURE,NEGATIVE:LOSS_OF_FUNCTION:RESISTANT:NEGATIVE_LOF_SIGNATURE;NEGATIVE:PENDING::,true,R,matched_final,true,,direct_record_match,,,
906,Bedaquiline,pepQ,p.Gln63Arg,missense_variant,G3,,3) Uncertain significance,protein_substitution,,primary,R,excluded,,excluded_uncertain_g3_or_unmapped_grade,2,LOSS_OF_FUNCTION|PENDING,NEGATIVE_LOF_REVIEWED,NEGATIVE:LOSS_OF_FUNCTION:RESISTANT:NEGATIVE_LOF_REVIEWED;NEGATIVE:PENDING::,,R,excluded,,excluded_uncertain_g3_or_unmapped_grade,,,,
907,Bedaquiline,pepQ,p.Glu177Asp,missense_variant,G3,,3) Uncertain significance,protein_substitution,,primary,,excluded,,excluded_uncertain_g3_or_unmapped_grade,4,FAILED|PENDING,ANALYSIS_FAILED,NEGATIVE:FAILED::;NEGATIVE:FAILED:UNKNOWN:ANALYSIS_FAILED;NEGATIVE:PENDING::;+1_more,,,excluded,,excluded_uncertain_g3_or_unmapped_grade,,,,
908,Bedaquiline,pepQ,p.Glu191Val,missense_variant,G3,,3) Uncertain significance,protein_substitution,,primary,R,excluded,,excluded_uncertain_g3_or_unmapped_grade,2,LOSS_OF_FUNCTION|PENDING,NEGATIVE_LOF_REVIEWED,NEGATIVE:LOSS_OF_FUNCTION:RESISTANT:NEGATIVE_LOF_REVIEWED;NEGATIVE:PENDING::,,R,excluded,,excluded_uncertain_g3_or_unmapped_grade,,,,
909,Bedaquiline,pepQ,p.Glu339del,inframe_deletion,G3,,3) Uncertain significance,indel,,primary,,excluded,,excluded_uncertain_g3_or_unmapped_grade,0,,,,,,excluded,,excluded_uncertain_g3_or_unmapped_grade,,,,
910,Bedaquiline,pepQ,p.Glu360Asp,missense_variant,G3,,3) Uncertain significance,protein_substitution,,primary,,excluded,,excluded_uncertain_g3_or_unmapped_grade,4,FAILED|PENDING,,NEGATIVE:FAILED::;NEGATIVE:FAILED::;NEGATIVE:PENDING::;+1_more,,,excluded,,excluded_uncertain_g3_or_unmapped_grade,,,,
911,Bedaquiline,pepQ,p.Glu89Asp,missense_variant,G3,,3) Uncertain significance,protein_substitution,,primary,,excluded,,excluded_uncertain_g3_or_unmapped_grade,4,FAILED|PENDING,,NEGATIVE:FAILED::;NEGATIVE:FAILED::;NEGATIVE:PENDING::;+1_more,,,excluded,,excluded_uncertain_g3_or_unmapped_grade,,,,
912,Bedaquiline,pepQ,p.Gly112Asp,missense_variant,G3,,3) Uncertain significance,protein_substitution,,primary,,excluded,,excluded_uncertain_g3_or_unmapped_grade,2,FAILED|PENDING,,NEGATIVE:FAILED::;NEGATIVE:PENDING::,,,excluded,,excluded_uncertain_g3_or_unmapped_grade,,,,
913,Bedaquiline,pepQ,p.Gly197Arg,missense_variant,G3,,3) Uncertain significance,protein_substitution,,primary,R,excluded,,excluded_uncertain_g3_or_unmapped_grade,4,LOSS_OF_FUNCTION|PENDING,NEGATIVE_LOF_REVIEWED,NEGATIVE:LOSS_OF_FUNCTION:RESISTANT:NEGATIVE_LOF_REVIEWED;NEGATIVE:LOSS_OF_FUNCTION:RESISTANT:NEGATIVE_LOF_REVIEWED;NEGATIVE:PENDING::;+1_more,,R,excluded,,excluded_uncertain_g3_or_unmapped_grade,,,,
914,Bedaquiline,pepQ,p.Gly41Asp,missense_variant,G3,,3) Uncertain significance,protein_substitution,,primary,R,excluded,,excluded_uncertain_g3_or_unmapped_grade,2,LOSS_OF_FUNCTION|PENDING,NEGATIVE_LOF_REVIEWED,NEGATIVE:LOSS_OF_FUNCTION:RESISTANT:NEGATIVE_LOF_REVIEWED;NEGATIVE:PENDING::,,R,excluded,,excluded_uncertain_g3_or_unmapped_grade,,,,
915,Bedaquiline,pepQ,p.Gly80Arg,missense_variant,G3,,3) Uncertain significance,protein_substitution,,primary,R,excluded,,excluded_uncertain_g3_or_unmapped_grade,4,LOSS_OF_FUNCTION|PENDING,NEGATIVE_LOF_REVIEWED,NEGATIVE:LOSS_OF_FUNCTION:RESISTANT:NEGATIVE_LOF_REVIEWED;NEGATIVE:LOSS_OF_FUNCTION:RESISTANT:NEGATIVE_LOF_REVIEWED;NEGATIVE:PENDING::;+1_more,,R,excluded,,excluded_uncertain_g3_or_unmapped_grade,,,,
916,Bedaquiline,pepQ,p.Gly85Cys,missense_variant,G3,,3) Uncertain significance,protein_substitution,,primary,,excluded,,excluded_uncertain_g3_or_unmapped_grade,2,FAILED|PENDING,ANALYSIS_FAILED,NEGATIVE:FAILED:UNKNOWN:ANALYSIS_FAILED;NEGATIVE:PENDING::,,,excluded,,excluded_uncertain_g3_or_unmapped_grade,,,,
917,Bedaquiline,pepQ,p.His100fs,frameshift,G2,R,2) Assoc w R - Interim,frameshift,true,primary,R,consequence_inferred,true,,0,,NEGATIVE_LOF_SIGNATURE,no_direct_final_rs_record;inferred_from_frameshift_as_loss_of_function;logic_type=NEGATIVE,true,,unmatched,false,unsupported_non_snp_variant,catalogue_consequence_inferred,loss_of_function,LOSS_OF_FUNCTION,NEGATIVE
918,Bedaquiline,pepQ,p.Ile193Thr,missense_variant,G3,,3) Uncertain significance,protein_substitution,,primary,R,excluded,,excluded_uncertain_g3_or_unmapped_grade,2,LOSS_OF_FUNCTION|PENDING,NEGATIVE_LOF_REVIEWED,NEGATIVE:LOSS_OF_FUNCTION:RESISTANT:NEGATIVE_LOF_REVIEWED;NEGATIVE:PENDING::,,R,excluded,,excluded_uncertain_g3_or_unmapped_grade,,,,
919,Bedaquiline,pepQ,p.Ile193Val,missense_variant,G3,,3) Uncertain significance,protein_substitution,,primary,,excluded,,excluded_uncertain_g3_or_unmapped_grade,2,FAILED|PENDING,ANALYSIS_FAILED,NEGATIVE:FAILED:UNKNOWN:ANALYSIS_FAILED;NEGATIVE:PENDING::,,,excluded,,excluded_uncertain_g3_or_unmapped_grade,,,,
920,Bedaquiline,pepQ,p.Ile24Thr,missense_variant,G3,,3) Uncertain significance,protein_substitution,,primary,R,excluded,,excluded_uncertain_g3_or_unmapped_grade,2,LOSS_OF_FUNCTION|PENDING,NEGATIVE_LOF_REVIEWED,NEGATIVE:LOSS_OF_FUNCTION:RESISTANT:NEGATIVE_LOF_REVIEWED;NEGATIVE:PENDING::,,R,excluded,,excluded_uncertain_g3_or_unmapped_grade,,,,
921,Bedaquiline,pepQ,p.Ile28Arg,missense_variant,G3,,3) Uncertain significance,protein_substitution,,primary,,excluded,,excluded_uncertain_g3_or_unmapped_grade,2,FAILED|PENDING,,NEGATIVE:FAILED::;NEGATIVE:PENDING::,,,excluded,,excluded_uncertain_g3_or_unmapped_grade,,,,
922,Bedaquiline,pepQ,p.Ile302Val,missense_variant,G3,,3) Uncertain significance,protein_substitution,,primary,,excluded,,excluded_uncertain_g3_or_unmapped_grade,2,FAILED|PENDING,,NEGATIVE:FAILED::;NEGATIVE:PENDING::,,,excluded,,excluded_uncertain_g3_or_unmapped_grade,,,,
923,Bedaquiline,pepQ,p.Leu107Arg,missense_variant,G3,,3) Uncertain significance,protein_substitution,,primary,R,excluded,,excluded_uncertain_g3_or_unmapped_grade,2,LOSS_OF_FUNCTION|PENDING,NEGATIVE_LOF_REVIEWED,NEGATIVE:LOSS_OF_FUNCTION:RESISTANT:NEGATIVE_LOF_REVIEWED;NEGATIVE:PENDING::,,R,excluded,,excluded_uncertain_g3_or_unmapped_grade,,,,
924,Bedaquiline,pepQ,p.Leu179Pro,missense_variant,G3,,3) Uncertain significance,protein_substitution,,primary,R,excluded,,excluded_uncertain_g3_or_unmapped_grade,2,LOSS_OF_FUNCTION|PENDING,NEGATIVE_LOF_REVIEWED,NEGATIVE:LOSS_OF_FUNCTION:RESISTANT:NEGATIVE_LOF_REVIEWED;NEGATIVE:PENDING::,,R,excluded,,excluded_uncertain_g3_or_unmapped_grade,,,,
925,Bedaquiline,pepQ,p.Leu317fs,frameshift,G2,R,2) Assoc w R - Interim,frameshift,true,primary,R,consequence_inferred,true,,0,,NEGATIVE_LOF_SIGNATURE,no_direct_final_rs_record;inferred_from_frameshift_as_loss_of_function;logic_type=NEGATIVE,true,,unmatched,false,unsupported_non_snp_variant,catalogue_consequence_inferred,loss_of_function,LOSS_OF_FUNCTION,NEGATIVE
926,Bedaquiline,pepQ,p.Lys367Asn,missense_variant,G3,,3) Uncertain significance,protein_substitution,,primary,,excluded,,excluded_uncertain_g3_or_unmapped_grade,4,FAILED|PENDING,ANALYSIS_FAILED,NEGATIVE:FAILED:UNKNOWN:ANALYSIS_FAILED;NEGATIVE:FAILED:UNKNOWN:ANALYSIS_FAILED;NEGATIVE:PENDING::;+1_more,,,excluded,,excluded_uncertain_g3_or_unmapped_grade,,,,
927,Bedaquiline,pepQ,p.Lys94Asn,missense_variant,G3,,3) Uncertain significance,protein_substitution,,primary,,excluded,,excluded_uncertain_g3_or_unmapped_grade,4,FAILED|PENDING,ANALYSIS_FAILED,NEGATIVE:FAILED:UNKNOWN:ANALYSIS_FAILED;NEGATIVE:FAILED:UNKNOWN:ANALYSIS_FAILED;NEGATIVE:PENDING::;+1_more,,,excluded,,excluded_uncertain_g3_or_unmapped_grade,,,,
928,Bedaquiline,pepQ,p.Met180Thr,missense_variant,G3,,3) Uncertain significance,start_lost,,primary,R,excluded,,excluded_uncertain_g3_or_unmapped_grade,2,LOSS_OF_FUNCTION|PENDING,NEGATIVE_LOF_REVIEWED,NEGATIVE:LOSS_OF_FUNCTION:RESISTANT:NEGATIVE_LOF_REVIEWED;NEGATIVE:PENDING::,,R,excluded,,excluded_uncertain_g3_or_unmapped_grade,,,,
929,Bedaquiline,pepQ,p.Met180Val,missense_variant,G3,,3) Uncertain significance,start_lost,,primary,,excluded,,excluded_uncertain_g3_or_unmapped_grade,2,FAILED|PENDING,ANALYSIS_FAILED,NEGATIVE:FAILED:UNKNOWN:ANALYSIS_FAILED;NEGATIVE:PENDING::,,,excluded,,excluded_uncertain_g3_or_unmapped_grade,,,,
930,Bedaquiline,pepQ,p.Phe46Leu,missense_variant,G3,,3) Uncertain significance,protein_substitution,,primary,,excluded,,excluded_uncertain_g3_or_unmapped_grade,6,FAILED|PENDING,ANALYSIS_FAILED,NEGATIVE:FAILED::;NEGATIVE:FAILED:UNKNOWN:ANALYSIS_FAILED;NEGATIVE:FAILED::;+3_more,,,excluded,,excluded_uncertain_g3_or_unmapped_grade,,,,
931,Bedaquiline,pepQ,p.Pro165Gln,missense_variant,G3,,3) Uncertain significance,protein_substitution,,primary,,excluded,,excluded_uncertain_g3_or_unmapped_grade,2,FAILED|PENDING,ANALYSIS_FAILED,NEGATIVE:FAILED:UNKNOWN:ANALYSIS_FAILED;NEGATIVE:PENDING::,,,excluded,,excluded_uncertain_g3_or_unmapped_grade,,,,
932,Bedaquiline,pepQ,p.Pro266Ser,missense_variant,G3,,3) Uncertain significance,protein_substitution,,primary,,excluded,,excluded_uncertain_g3_or_unmapped_grade,2,FAILED|PENDING,ANALYSIS_FAILED,NEGATIVE:FAILED:UNKNOWN:ANALYSIS_FAILED;NEGATIVE:PENDING::,,,excluded,,excluded_uncertain_g3_or_unmapped_grade,,,,
933,Bedaquiline,pepQ,p.Pro69Leu,missense_variant,G3,,3) Uncertain significance,protein_substitution,,primary,R,excluded,,excluded_uncertain_g3_or_unmapped_grade,2,LOSS_OF_FUNCTION|PENDING,NEGATIVE_LOF_REVIEWED,NEGATIVE:LOSS_OF_FUNCTION:RESISTANT:NEGATIVE_LOF_REVIEWED;NEGATIVE:PENDING::,,R,excluded,,excluded_uncertain_g3_or_unmapped_grade,,,,
934,Bedaquiline,pepQ,p.Ser130Leu,missense_variant,G3,,3) Uncertain significance,protein_substitution,,primary,,excluded,,excluded_uncertain_g3_or_unmapped_grade,2,FAILED|PENDING,ANALYSIS_FAILED,NEGATIVE:FAILED:UNKNOWN:ANALYSIS_FAILED;NEGATIVE:PENDING::,,,excluded,,excluded_uncertain_g3_or_unmapped_grade,,,,
935,Bedaquiline,pepQ,p.Ser200Leu,missense_variant,G3,,3) Uncertain significance,protein_substitution,,primary,S,excluded,,excluded_uncertain_g3_or_unmapped_grade,2,COMPLETED|PENDING,NEGATIVE_FUNCTION_RETAINED,NEGATIVE:COMPLETED:SENSITIVE:NEGATIVE_FUNCTION_RETAINED;NEGATIVE:PENDING::,,S,excluded,,excluded_uncertain_g3_or_unmapped_grade,,,,
936,Bedaquiline,pepQ,p.Ser66Leu,missense_variant,G3,,3) Uncertain significance,protein_substitution,,primary,,excluded,,excluded_uncertain_g3_or_unmapped_grade,2,FAILED|PENDING,,NEGATIVE:FAILED::;NEGATIVE:PENDING::,,,excluded,,excluded_uncertain_g3_or_unmapped_grade,,,,
937,Bedaquiline,pepQ,p.Ser66Pro,missense_variant,G3,,3) Uncertain significance,protein_substitution,,primary,,excluded,,excluded_uncertain_g3_or_unmapped_grade,2,FAILED|PENDING,,NEGATIVE:FAILED::;NEGATIVE:PENDING::,,,excluded,,excluded_uncertain_g3_or_unmapped_grade,,,,
938,Bedaquiline,pepQ,p.Ser99Arg,missense_variant,G3,,3) Uncertain significance,protein_substitution,,primary,R,excluded,,excluded_uncertain_g3_or_unmapped_grade,6,LOSS_OF_FUNCTION|PENDING,NEGATIVE_LOF_REVIEWED,NEGATIVE:LOSS_OF_FUNCTION:RESISTANT:NEGATIVE_LOF_REVIEWED;NEGATIVE:LOSS_OF_FUNCTION:RESISTANT:NEGATIVE_LOF_REVIEWED;NEGATIVE:LOSS_OF_FUNCTION:RESISTANT:NEGATIVE_LOF_REVIEWED;+3_more,,R,excluded,,excluded_uncertain_g3_or_unmapped_grade,,,,
939,Bedaquiline,pepQ,p.Thr341Ala,missense_variant,G3,,3) Uncertain significance,protein_substitution,,primary,R,excluded,,excluded_uncertain_g3_or_unmapped_grade,2,LOSS_OF_FUNCTION|PENDING,NEGATIVE_LOF_REVIEWED,NEGATIVE:LOSS_OF_FUNCTION:RESISTANT:NEGATIVE_LOF_REVIEWED;NEGATIVE:PENDING::,,R,excluded,,excluded_uncertain_g3_or_unmapped_grade,,,,
940,Bedaquiline,pepQ,p.Thr341fs,frameshift,G2,R,2) Assoc w R - Interim,frameshift,true,primary,R,consequence_inferred,true,,0,,NEGATIVE_LOF_SIGNATURE,no_direct_final_rs_record;inferred_from_frameshift_as_loss_of_function;logic_type=NEGATIVE,true,,unmatched,false,unsupported_non_snp_variant,catalogue_consequence_inferred,loss_of_function,LOSS_OF_FUNCTION,NEGATIVE
941,Bedaquiline,pepQ,p.Thr354Ala,missense_variant,G3,,3) Uncertain significance,protein_substitution,,primary,,excluded,,excluded_uncertain_g3_or_unmapped_grade,2,FAILED|PENDING,,NEGATIVE:FAILED::;NEGATIVE:PENDING::,,,excluded,,excluded_uncertain_g3_or_unmapped_grade,,,,
942,Bedaquiline,pepQ,p.Val101Leu,missense_variant,G3,,3) Uncertain significance,protein_substitution,,primary,,excluded,,excluded_uncertain_g3_or_unmapped_grade,4,FAILED|PENDING,ANALYSIS_FAILED,NEGATIVE:FAILED:UNKNOWN:ANALYSIS_FAILED;NEGATIVE:FAILED:UNKNOWN:ANALYSIS_FAILED;NEGATIVE:PENDING::;+1_more,,,excluded,,excluded_uncertain_g3_or_unmapped_grade,,,,
943,Bedaquiline,pepQ,p.Val104Leu,missense_variant,G3,,3) Uncertain significance,protein_substitution,,primary,,excluded,,excluded_uncertain_g3_or_unmapped_grade,4,FAILED|PENDING,ANALYSIS_FAILED,NEGATIVE:FAILED::;NEGATIVE:FAILED:UNKNOWN:ANALYSIS_FAILED;NEGATIVE:PENDING::;+1_more,,,excluded,,excluded_uncertain_g3_or_unmapped_grade,,,,
944,Bedaquiline,pepQ,p.Val158Met,missense_variant,G3,,3) Uncertain significance,protein_substitution,,primary,,excluded,,excluded_uncertain_g3_or_unmapped_grade,2,FAILED|PENDING,,NEGATIVE:FAILED::;NEGATIVE:PENDING::,,,excluded,,excluded_uncertain_g3_or_unmapped_grade,,,,
945,Bedaquiline,pepQ,p.Val273fs,frameshift,G2,R,2) Assoc w R - Interim,frameshift,true,primary,R,consequence_inferred,true,,0,,NEGATIVE_LOF_SIGNATURE,no_direct_final_rs_record;inferred_from_frameshift_as_loss_of_function;logic_type=NEGATIVE,true,,unmatched,false,unsupported_non_snp_variant,catalogue_consequence_inferred,loss_of_function,LOSS_OF_FUNCTION,NEGATIVE
946,Bedaquiline,pepQ,p.Val298Ile,missense_variant,G3,,3) Uncertain significance,protein_substitution,,primary,,excluded,,excluded_uncertain_g3_or_unmapped_grade,2,FAILED|PENDING,,NEGATIVE:FAILED::;NEGATIVE:PENDING::,,,excluded,,excluded_uncertain_g3_or_unmapped_grade,,,,
947,Bedaquiline,pepQ,p.Val324Met,missense_variant,G3,,3) Uncertain significance,protein_substitution,,primary,,excluded,,excluded_uncertain_g3_or_unmapped_grade,2,FAILED|PENDING,ANALYSIS_FAILED,NEGATIVE:FAILED:UNKNOWN:ANALYSIS_FAILED;NEGATIVE:PENDING::,,,excluded,,excluded_uncertain_g3_or_unmapped_grade,,,,
948,Bedaquiline,pepQ,p.Val328Phe,missense_variant,G3,,3) Uncertain significance,protein_substitution,,primary,R,excluded,,excluded_uncertain_g3_or_unmapped_grade,2,LOSS_OF_FUNCTION|PENDING,NEGATIVE_LOF_REVIEWED,NEGATIVE:LOSS_OF_FUNCTION:RESISTANT:NEGATIVE_LOF_REVIEWED;NEGATIVE:PENDING::,,R,excluded,,excluded_uncertain_g3_or_unmapped_grade,,,,
949,Bedaquiline,pepQ,p.Val343Ala,missense_variant,G3,,3) Uncertain significance,protein_substitution,,primary,,excluded,,excluded_uncertain_g3_or_unmapped_grade,2,FAILED|PENDING,,NEGATIVE:FAILED::;NEGATIVE:PENDING::,,,excluded,,excluded_uncertain_g3_or_unmapped_grade,,,,
950,Bedaquiline,pepQ,p.Val45Leu,missense_variant,G3,,3) Uncertain significance,protein_substitution,,primary,,excluded,,excluded_uncertain_g3_or_unmapped_grade,4,FAILED|PENDING,,NEGATIVE:FAILED::;NEGATIVE:FAILED::;NEGATIVE:PENDING::;+1_more,,,excluded,,excluded_uncertain_g3_or_unmapped_grade,,,,
951,Bedaquiline,Rv0678,c.108G>T,synonymous_variant,G4,S,4) Not assoc w R - Interim,snv,true,primary,S,matched_final,true,,2,COMPLETED,SYNONYMOUS_NO_PROTEIN_CHANGE,NEGATIVE:COMPLETED:SENSITIVE:SYNONYMOUS_NO_PROTEIN_CHANGE;NEGATIVE:COMPLETED:SENSITIVE:SYNONYMOUS_NO_PROTEIN_CHANGE,true,S,matched_final,true,,direct_record_match,,,
952,Bedaquiline,Rv0678,c.111T>C,synonymous_variant,G4,S,4) Not assoc w R - Interim,snv,true,primary,S,matched_final,true,,2,COMPLETED,SYNONYMOUS_NO_PROTEIN_CHANGE,NEGATIVE:COMPLETED:SENSITIVE:SYNONYMOUS_NO_PROTEIN_CHANGE;NEGATIVE:COMPLETED:SENSITIVE:SYNONYMOUS_NO_PROTEIN_CHANGE,true,S,matched_final,true,,direct_record_match,,,
953,Bedaquiline,Rv0678,c.127C>T,synonymous_variant,G4,S,4) Not assoc w R - Interim,snv,true,primary,S,matched_final,true,,2,COMPLETED,SYNONYMOUS_NO_PROTEIN_CHANGE,NEGATIVE:COMPLETED:SENSITIVE:SYNONYMOUS_NO_PROTEIN_CHANGE;NEGATIVE:COMPLETED:SENSITIVE:SYNONYMOUS_NO_PROTEIN_CHANGE,true,S,matched_final,true,,direct_record_match,,,
954,Bedaquiline,Rv0678,c.138T>C,synonymous_variant,G4,S,4) Not assoc w R - Interim,snv,true,primary,S,matched_final,true,,2,COMPLETED,SYNONYMOUS_NO_PROTEIN_CHANGE,NEGATIVE:COMPLETED:SENSITIVE:SYNONYMOUS_NO_PROTEIN_CHANGE;NEGATIVE:COMPLETED:SENSITIVE:SYNONYMOUS_NO_PROTEIN_CHANGE,true,S,matched_final,true,,direct_record_match,,,
955,Bedaquiline,Rv0678,c.168G>A,synonymous_variant,G4,S,4) Not assoc w R - Interim,snv,true,primary,S,matched_final,true,,2,COMPLETED,SYNONYMOUS_NO_PROTEIN_CHANGE,NEGATIVE:COMPLETED:SENSITIVE:SYNONYMOUS_NO_PROTEIN_CHANGE;NEGATIVE:COMPLETED:SENSITIVE:SYNONYMOUS_NO_PROTEIN_CHANGE,true,S,matched_final,true,,direct_record_match,,,
956,Bedaquiline,Rv0678,c.195G>A,synonymous_variant,G4,S,4) Not assoc w R - Interim,snv,true,primary,S,matched_final,true,,2,COMPLETED,SYNONYMOUS_NO_PROTEIN_CHANGE,NEGATIVE:COMPLETED:SENSITIVE:SYNONYMOUS_NO_PROTEIN_CHANGE;NEGATIVE:COMPLETED:SENSITIVE:SYNONYMOUS_NO_PROTEIN_CHANGE,true,S,matched_final,true,,direct_record_match,,,
957,Bedaquiline,Rv0678,c.297T>G,synonymous_variant,G4,S,4) Not assoc w R - Interim,snv,true,primary,S,matched_final,true,,2,COMPLETED,SYNONYMOUS_NO_PROTEIN_CHANGE,NEGATIVE:COMPLETED:SENSITIVE:SYNONYMOUS_NO_PROTEIN_CHANGE;NEGATIVE:COMPLETED:SENSITIVE:SYNONYMOUS_NO_PROTEIN_CHANGE,true,S,matched_final,true,,direct_record_match,,,
958,Bedaquiline,Rv0678,c.309C>T,synonymous_variant,G4,S,4) Not assoc w R - Interim,snv,true,primary,S,matched_final,true,,2,COMPLETED,SYNONYMOUS_NO_PROTEIN_CHANGE,NEGATIVE:COMPLETED:SENSITIVE:SYNONYMOUS_NO_PROTEIN_CHANGE;NEGATIVE:COMPLETED:SENSITIVE:SYNONYMOUS_NO_PROTEIN_CHANGE,true,S,matched_final,true,,direct_record_match,,,
959,Bedaquiline,Rv0678,c.318A>G,synonymous_variant,G4,S,4) Not assoc w R - Interim,snv,true,primary,S,matched_final,true,,2,COMPLETED,SYNONYMOUS_NO_PROTEIN_CHANGE,NEGATIVE:COMPLETED:SENSITIVE:SYNONYMOUS_NO_PROTEIN_CHANGE;NEGATIVE:COMPLETED:SENSITIVE:SYNONYMOUS_NO_PROTEIN_CHANGE,true,S,matched_final,true,,direct_record_match,,,
960,Bedaquiline,Rv0678,c.363G>A,synonymous_variant,G4,S,4) Not assoc w R - Interim,snv,true,primary,S,matched_final,true,,2,COMPLETED,SYNONYMOUS_NO_PROTEIN_CHANGE,NEGATIVE:COMPLETED:SENSITIVE:SYNONYMOUS_NO_PROTEIN_CHANGE;NEGATIVE:COMPLETED:SENSITIVE:SYNONYMOUS_NO_PROTEIN_CHANGE,true,S,matched_final,true,,direct_record_match,,,
961,Bedaquiline,Rv0678,c.36C>T,synonymous_variant,G4,S,4) Not assoc w R - Interim,snv,true,primary,S,matched_final,true,,2,COMPLETED,SYNONYMOUS_NO_PROTEIN_CHANGE,NEGATIVE:COMPLETED:SENSITIVE:SYNONYMOUS_NO_PROTEIN_CHANGE;NEGATIVE:COMPLETED:SENSITIVE:SYNONYMOUS_NO_PROTEIN_CHANGE,true,S,matched_final,true,,direct_record_match,,,
962,Bedaquiline,Rv0678,c.384C>A,synonymous_variant,G4,S,4) Not assoc w R - Interim,snv,true,primary,S,matched_final,true,,2,COMPLETED,SYNONYMOUS_NO_PROTEIN_CHANGE,NEGATIVE:COMPLETED:SENSITIVE:SYNONYMOUS_NO_PROTEIN_CHANGE;NEGATIVE:COMPLETED:SENSITIVE:SYNONYMOUS_NO_PROTEIN_CHANGE,true,S,matched_final,true,,direct_record_match,,,
963,Bedaquiline,Rv0678,c.390G>C,synonymous_variant,G4,S,4) Not assoc w R - Interim,snv,true,primary,S,matched_final,true,,2,COMPLETED,SYNONYMOUS_NO_PROTEIN_CHANGE,NEGATIVE:COMPLETED:SENSITIVE:SYNONYMOUS_NO_PROTEIN_CHANGE;NEGATIVE:COMPLETED:SENSITIVE:SYNONYMOUS_NO_PROTEIN_CHANGE,true,S,matched_final,true,,direct_record_match,,,
964,Bedaquiline,Rv0678,c.408G>A,synonymous_variant,G4,S,4) Not assoc w R - Interim,snv,true,primary,S,matched_final,true,,2,COMPLETED,SYNONYMOUS_NO_PROTEIN_CHANGE,NEGATIVE:COMPLETED:SENSITIVE:SYNONYMOUS_NO_PROTEIN_CHANGE;NEGATIVE:COMPLETED:SENSITIVE:SYNONYMOUS_NO_PROTEIN_CHANGE,true,S,matched_final,true,,direct_record_match,,,
965,Bedaquiline,Rv0678,c.435T>C,synonymous_variant,G4,S,4) Not assoc w R - Interim,snv,true,primary,S,matched_final,true,,2,COMPLETED,SYNONYMOUS_NO_PROTEIN_CHANGE,NEGATIVE:COMPLETED:SENSITIVE:SYNONYMOUS_NO_PROTEIN_CHANGE;NEGATIVE:COMPLETED:SENSITIVE:SYNONYMOUS_NO_PROTEIN_CHANGE,true,S,matched_final,true,,direct_record_match,,,
966,Bedaquiline,Rv0678,c.441G>A,synonymous_variant,G4,S,4) Not assoc w R - Interim,snv,true,primary,S,matched_final,true,,2,COMPLETED,SYNONYMOUS_NO_PROTEIN_CHANGE,NEGATIVE:COMPLETED:SENSITIVE:SYNONYMOUS_NO_PROTEIN_CHANGE;NEGATIVE:COMPLETED:SENSITIVE:SYNONYMOUS_NO_PROTEIN_CHANGE,true,S,matched_final,true,,direct_record_match,,,
967,Bedaquiline,Rv0678,c.447C>T,synonymous_variant,G4,S,4) Not assoc w R - Interim,snv,true,primary,S,matched_final,true,,2,COMPLETED,SYNONYMOUS_NO_PROTEIN_CHANGE,NEGATIVE:COMPLETED:SENSITIVE:SYNONYMOUS_NO_PROTEIN_CHANGE;NEGATIVE:COMPLETED:SENSITIVE:SYNONYMOUS_NO_PROTEIN_CHANGE,true,S,matched_final,true,,direct_record_match,,,
968,Bedaquiline,Rv0678,c.460C>T,synonymous_variant,G4,S,4) Not assoc w R - Interim,snv,true,primary,S,matched_final,true,,2,COMPLETED,SYNONYMOUS_NO_PROTEIN_CHANGE,NEGATIVE:COMPLETED:SENSITIVE:SYNONYMOUS_NO_PROTEIN_CHANGE;NEGATIVE:COMPLETED:SENSITIVE:SYNONYMOUS_NO_PROTEIN_CHANGE,true,S,matched_final,true,,direct_record_match,,,
969,Bedaquiline,Rv0678,c.87C>T,synonymous_variant,G4,S,4) Not assoc w R - Interim,snv,true,primary,S,matched_final,true,,2,COMPLETED,SYNONYMOUS_NO_PROTEIN_CHANGE,NEGATIVE:COMPLETED:SENSITIVE:SYNONYMOUS_NO_PROTEIN_CHANGE;NEGATIVE:COMPLETED:SENSITIVE:SYNONYMOUS_NO_PROTEIN_CHANGE,true,S,matched_final,true,,direct_record_match,,,
970,Bedaquiline,Rv0678,LoF,LoF,G1,R,1) Assoc w R,generic_lof,true,primary,R,consequence_inferred,true,,0,,NEGATIVE_LOF_SIGNATURE,no_direct_final_rs_record;inferred_from_generic_lof_as_loss_of_function;logic_type=NEGATIVE,false,,unmatched,false,generic_lof_category,catalogue_consequence_inferred,loss_of_function,LOSS_OF_FUNCTION,NEGATIVE
971,Bedaquiline,Rv0678,p.Ala101Glu,missense_variant,G3,,3) Uncertain significance,protein_substitution,,primary,,excluded,,excluded_uncertain_g3_or_unmapped_grade,2,FAILED|PENDING,,NEGATIVE:FAILED::;NEGATIVE:PENDING::,,,excluded,,excluded_uncertain_g3_or_unmapped_grade,,,,
972,Bedaquiline,Rv0678,p.Ala102Asp,missense_variant,G3,,3) Uncertain significance,protein_substitution,,primary,,excluded,,excluded_uncertain_g3_or_unmapped_grade,2,FAILED|PENDING,,NEGATIVE:FAILED::;NEGATIVE:PENDING::,,,excluded,,excluded_uncertain_g3_or_unmapped_grade,,,,
973,Bedaquiline,Rv0678,p.Ala102Thr,missense_variant,G3,,3) Uncertain significance,protein_substitution,,primary,,excluded,,excluded_uncertain_g3_or_unmapped_grade,2,FAILED|PENDING,,NEGATIVE:FAILED::;NEGATIVE:PENDING::,,,excluded,,excluded_uncertain_g3_or_unmapped_grade,,,,
974,Bedaquiline,Rv0678,p.Ala110fs,frameshift,G2,R,2) Assoc w R - Interim,frameshift,true,primary,R,consequence_inferred,true,,0,,NEGATIVE_LOF_SIGNATURE,no_direct_final_rs_record;inferred_from_frameshift_as_loss_of_function;logic_type=NEGATIVE,true,,unmatched,false,unsupported_non_snp_variant,catalogue_consequence_inferred,loss_of_function,LOSS_OF_FUNCTION,NEGATIVE
975,Bedaquiline,Rv0678,p.Ala110Val,missense_variant,G3,,3) Uncertain significance,protein_substitution,,primary,,excluded,,excluded_uncertain_g3_or_unmapped_grade,2,FAILED|PENDING,,NEGATIVE:FAILED::;NEGATIVE:PENDING::,,,excluded,,excluded_uncertain_g3_or_unmapped_grade,,,,
976,Bedaquiline,Rv0678,p.Ala112Pro,missense_variant,G3,,3) Uncertain significance,protein_substitution,,primary,,excluded,,excluded_uncertain_g3_or_unmapped_grade,2,FAILED|PENDING,,NEGATIVE:FAILED::;NEGATIVE:PENDING::,,,excluded,,excluded_uncertain_g3_or_unmapped_grade,,,,
977,Bedaquiline,Rv0678,p.Ala112Ser,missense_variant,G3,,3) Uncertain significance,protein_substitution,,primary,,excluded,,excluded_uncertain_g3_or_unmapped_grade,2,FAILED|PENDING,,NEGATIVE:FAILED::;NEGATIVE:PENDING::,,,excluded,,excluded_uncertain_g3_or_unmapped_grade,,,,
978,Bedaquiline,Rv0678,p.Ala144fs,frameshift,G2,R,2) Assoc w R - Interim,frameshift,true,primary,R,consequence_inferred,true,,0,,NEGATIVE_LOF_SIGNATURE,no_direct_final_rs_record;inferred_from_frameshift_as_loss_of_function;logic_type=NEGATIVE,true,,unmatched,false,unsupported_non_snp_variant,catalogue_consequence_inferred,loss_of_function,LOSS_OF_FUNCTION,NEGATIVE
979,Bedaquiline,Rv0678,p.Ala36Val,missense_variant,G2,R,2) Assoc w R - Interim,protein_substitution,true,primary,R,matched_final,true,,2,LOSS_OF_FUNCTION|PENDING,NEGATIVE_LOF_REVIEWED,NEGATIVE:LOSS_OF_FUNCTION:RESISTANT:NEGATIVE_LOF_REVIEWED;NEGATIVE:PENDING::,true,R,matched_final,true,,direct_record_match,,,
980,Bedaquiline,Rv0678,p.Ala59Val,missense_variant,G3,,3) Uncertain significance,protein_substitution,,primary,R,excluded,,excluded_uncertain_g3_or_unmapped_grade,2,LOSS_OF_FUNCTION|PENDING,NEGATIVE_LOF_REVIEWED,NEGATIVE:LOSS_OF_FUNCTION:RESISTANT:NEGATIVE_LOF_REVIEWED;NEGATIVE:PENDING::,,R,excluded,,excluded_uncertain_g3_or_unmapped_grade,,,,
981,Bedaquiline,Rv0678,p.Ala62fs,frameshift,G2,R,2) Assoc w R - Interim,frameshift,true,primary,R,consequence_inferred,true,,0,,NEGATIVE_LOF_SIGNATURE,no_direct_final_rs_record;inferred_from_frameshift_as_loss_of_function;logic_type=NEGATIVE,true,,unmatched,false,unsupported_non_snp_variant,catalogue_consequence_inferred,loss_of_function,LOSS_OF_FUNCTION,NEGATIVE
982,Bedaquiline,Rv0678,p.Ala62Thr,missense_variant,G3,,3) Uncertain significance,protein_substitution,,primary,,excluded,,excluded_uncertain_g3_or_unmapped_grade,2,FAILED|PENDING,,NEGATIVE:FAILED::;NEGATIVE:PENDING::,,,excluded,,excluded_uncertain_g3_or_unmapped_grade,,,,
983,Bedaquiline,Rv0678,p.Ala84Val,missense_variant,G3,,3) Uncertain significance,protein_substitution,,primary,,excluded,,excluded_uncertain_g3_or_unmapped_grade,2,FAILED|PENDING,,NEGATIVE:FAILED::;NEGATIVE:PENDING::,,,excluded,,excluded_uncertain_g3_or_unmapped_grade,,,,
984,Bedaquiline,Rv0678,p.Ala86Val,missense_variant,G3,,3) Uncertain significance,protein_substitution,,primary,,excluded,,excluded_uncertain_g3_or_unmapped_grade,2,FAILED|PENDING,ANALYSIS_FAILED,NEGATIVE:FAILED:UNKNOWN:ANALYSIS_FAILED;NEGATIVE:PENDING::,,,excluded,,excluded_uncertain_g3_or_unmapped_grade,,,,
985,Bedaquiline,Rv0678,p.Ala99Pro,missense_variant,G3,,3) Uncertain significance,protein_substitution,,primary,,excluded,,excluded_uncertain_g3_or_unmapped_grade,2,FAILED|PENDING,,NEGATIVE:FAILED::;NEGATIVE:PENDING::,,,excluded,,excluded_uncertain_g3_or_unmapped_grade,,,,
986,Bedaquiline,Rv0678,p.Arg105Ser,missense_variant,G3,,3) Uncertain significance,protein_substitution,,primary,,excluded,,excluded_uncertain_g3_or_unmapped_grade,2,FAILED|PENDING,,NEGATIVE:FAILED::;NEGATIVE:PENDING::,,,excluded,,excluded_uncertain_g3_or_unmapped_grade,,,,
987,Bedaquiline,Rv0678,p.Arg107Cys,missense_variant,G3,,3) Uncertain significance,protein_substitution,,primary,,excluded,,excluded_uncertain_g3_or_unmapped_grade,2,FAILED|PENDING,ANALYSIS_FAILED,NEGATIVE:FAILED:UNKNOWN:ANALYSIS_FAILED;NEGATIVE:PENDING::,,,excluded,,excluded_uncertain_g3_or_unmapped_grade,,,,
988,Bedaquiline,Rv0678,p.Arg107Leu,missense_variant,G3,,3) Uncertain significance,protein_substitution,,primary,,excluded,,excluded_uncertain_g3_or_unmapped_grade,2,FAILED|PENDING,ANALYSIS_FAILED,NEGATIVE:FAILED:UNKNOWN:ANALYSIS_FAILED;NEGATIVE:PENDING::,,,excluded,,excluded_uncertain_g3_or_unmapped_grade,,,,
989,Bedaquiline,Rv0678,p.Arg109fs,frameshift,G2,R,2) Assoc w R - Interim,frameshift,true,primary,R,consequence_inferred,true,,0,,NEGATIVE_LOF_SIGNATURE,no_direct_final_rs_record;inferred_from_frameshift_as_loss_of_function;logic_type=NEGATIVE,true,,unmatched,false,unsupported_non_snp_variant,catalogue_consequence_inferred,loss_of_function,LOSS_OF_FUNCTION,NEGATIVE
990,Bedaquiline,Rv0678,p.Arg109Leu,missense_variant,G3,,3) Uncertain significance,protein_substitution,,primary,,excluded,,excluded_uncertain_g3_or_unmapped_grade,2,FAILED|PENDING,,NEGATIVE:FAILED::;NEGATIVE:PENDING::,,,excluded,,excluded_uncertain_g3_or_unmapped_grade,,,,
991,Bedaquiline,Rv0678,p.Arg109Pro,missense_variant,G3,,3) Uncertain significance,protein_substitution,,primary,,excluded,,excluded_uncertain_g3_or_unmapped_grade,2,FAILED|PENDING,ANALYSIS_FAILED,NEGATIVE:FAILED:UNKNOWN:ANALYSIS_FAILED;NEGATIVE:PENDING::,,,excluded,,excluded_uncertain_g3_or_unmapped_grade,,,,
992,Bedaquiline,Rv0678,p.Arg109Trp,missense_variant,G3,,3) Uncertain significance,protein_substitution,,primary,,excluded,,excluded_uncertain_g3_or_unmapped_grade,2,FAILED|PENDING,ANALYSIS_FAILED,NEGATIVE:FAILED:UNKNOWN:ANALYSIS_FAILED;NEGATIVE:PENDING::,,,excluded,,excluded_uncertain_g3_or_unmapped_grade,,,,
993,Bedaquiline,Rv0678,p.Arg123fs,frameshift,G2,R,2) Assoc w R - Interim,frameshift,true,primary,R,consequence_inferred,true,,0,,NEGATIVE_LOF_SIGNATURE,no_direct_final_rs_record;inferred_from_frameshift_as_loss_of_function;logic_type=NEGATIVE,true,,unmatched,false,unsupported_non_snp_variant,catalogue_consequence_inferred,loss_of_function,LOSS_OF_FUNCTION,NEGATIVE
994,Bedaquiline,Rv0678,p.Arg132fs,frameshift,G2,R,2) Assoc w R - Interim,frameshift,true,primary,R,consequence_inferred,true,,0,,NEGATIVE_LOF_SIGNATURE,no_direct_final_rs_record;inferred_from_frameshift_as_loss_of_function;logic_type=NEGATIVE,true,,unmatched,false,unsupported_non_snp_variant,catalogue_consequence_inferred,loss_of_function,LOSS_OF_FUNCTION,NEGATIVE
995,Bedaquiline,Rv0678,p.Arg132*,stop_gained,G2,R,2) Assoc w R - Interim,nonsense,true,primary,R,matched_final,true,,2,LOSS_OF_FUNCTION|PENDING,NEGATIVE_LOF_SIGNATURE,NEGATIVE:LOSS_OF_FUNCTION:RESISTANT:NEGATIVE_LOF_SIGNATURE;NEGATIVE:PENDING::,true,R,matched_final,true,,direct_record_match,,,
996,Bedaquiline,Rv0678,p.Arg134Gly,missense_variant,G3,,3) Uncertain significance,protein_substitution,,primary,,excluded,,excluded_uncertain_g3_or_unmapped_grade,2,FAILED|PENDING,ANALYSIS_FAILED,NEGATIVE:FAILED:UNKNOWN:ANALYSIS_FAILED;NEGATIVE:PENDING::,,,excluded,,excluded_uncertain_g3_or_unmapped_grade,,,,
997,Bedaquiline,Rv0678,p.Arg134*,stop_gained,G2,R,2) Assoc w R - Interim,nonsense,true,primary,R,matched_final,true,,2,LOSS_OF_FUNCTION|PENDING,NEGATIVE_LOF_SIGNATURE,NEGATIVE:LOSS_OF_FUNCTION:RESISTANT:NEGATIVE_LOF_SIGNATURE;NEGATIVE:PENDING::,true,R,matched_final,true,,direct_record_match,,,
998,Bedaquiline,Rv0678,p.Arg135Trp,missense_variant,G3,,3) Uncertain significance,protein_substitution,,primary,,excluded,,excluded_uncertain_g3_or_unmapped_grade,2,FAILED|PENDING,ANALYSIS_FAILED,NEGATIVE:FAILED:UNKNOWN:ANALYSIS_FAILED;NEGATIVE:PENDING::,,,excluded,,excluded_uncertain_g3_or_unmapped_grade,,,,
999,Bedaquiline,Rv0678,p.Arg156fs,frameshift,G2,R,2) Assoc w R - Interim,frameshift,true,primary,R,consequence_inferred,true,,0,,NEGATIVE_LOF_SIGNATURE,no_direct_final_rs_record;inferred_from_frameshift_as_loss_of_function;logic_type=NEGATIVE,true,,unmatched,false,unsupported_non_snp_variant,catalogue_consequence_inferred,loss_of_function,LOSS_OF_FUNCTION,NEGATIVE
1000,Bedaquiline,Rv0678,p.Arg156Gln,missense_variant,G3,,3) Uncertain significance,protein_substitution,,primary,,excluded,,excluded_uncertain_g3_or_unmapped_grade,2,FAILED|PENDING,,NEGATIVE:FAILED::;NEGATIVE:PENDING::,,,excluded,,excluded_uncertain_g3_or_unmapped_grade,,,,
1001,Bedaquiline,Rv0678,p.Arg156*,stop_gained,G2,R,2) Assoc w R - Interim,nonsense,true,primary,R,matched_final,true,,2,LOSS_OF_FUNCTION|PENDING,NEGATIVE_LOF_SIGNATURE,NEGATIVE:LOSS_OF_FUNCTION:RESISTANT:NEGATIVE_LOF_SIGNATURE;NEGATIVE:PENDING::,true,R,matched_final,true,,direct_record_match,,,
1002,Bedaquiline,Rv0678,p.Arg30fs,frameshift,G2,R,2) Assoc w R - Interim,frameshift,true,primary,R,consequence_inferred,true,,0,,NEGATIVE_LOF_SIGNATURE,no_direct_final_rs_record;inferred_from_frameshift_as_loss_of_function;logic_type=NEGATIVE,true,,unmatched,false,unsupported_non_snp_variant,catalogue_consequence_inferred,loss_of_function,LOSS_OF_FUNCTION,NEGATIVE
1003,Bedaquiline,Rv0678,p.Arg30Trp,missense_variant,G3,,3) Uncertain significance,protein_substitution,,primary,R,excluded,,excluded_uncertain_g3_or_unmapped_grade,2,LOSS_OF_FUNCTION|PENDING,NEGATIVE_LOF_REVIEWED,NEGATIVE:LOSS_OF_FUNCTION:RESISTANT:NEGATIVE_LOF_REVIEWED;NEGATIVE:PENDING::,,R,excluded,,excluded_uncertain_g3_or_unmapped_grade,,,,
1004,Bedaquiline,Rv0678,p.Arg34Gln,missense_variant,G3,,3) Uncertain significance,protein_substitution,,primary,R,excluded,,excluded_uncertain_g3_or_unmapped_grade,2,LOSS_OF_FUNCTION|PENDING,NEGATIVE_LOF_REVIEWED,NEGATIVE:LOSS_OF_FUNCTION:RESISTANT:NEGATIVE_LOF_REVIEWED;NEGATIVE:PENDING::,,R,excluded,,excluded_uncertain_g3_or_unmapped_grade,,,,
1005,Bedaquiline,Rv0678,p.Arg34Trp,missense_variant,G3,,3) Uncertain significance,protein_substitution,,primary,R,excluded,,excluded_uncertain_g3_or_unmapped_grade,2,LOSS_OF_FUNCTION|PENDING,NEGATIVE_LOF_REVIEWED,NEGATIVE:LOSS_OF_FUNCTION:RESISTANT:NEGATIVE_LOF_REVIEWED;NEGATIVE:PENDING::,,R,excluded,,excluded_uncertain_g3_or_unmapped_grade,,,,
1006,Bedaquiline,Rv0678,p.Arg38Leu,missense_variant,G3,,3) Uncertain significance,protein_substitution,,primary,R,excluded,,excluded_uncertain_g3_or_unmapped_grade,2,LOSS_OF_FUNCTION|PENDING,NEGATIVE_LOF_REVIEWED,NEGATIVE:LOSS_OF_FUNCTION:RESISTANT:NEGATIVE_LOF_REVIEWED;NEGATIVE:PENDING::,,R,excluded,,excluded_uncertain_g3_or_unmapped_grade,,,,
1007,Bedaquiline,Rv0678,p.Arg38*,stop_gained,G2,R,2) Assoc w R - Interim,nonsense,true,primary,R,matched_final,true,,2,LOSS_OF_FUNCTION|PENDING,NEGATIVE_LOF_SIGNATURE,NEGATIVE:LOSS_OF_FUNCTION:RESISTANT:NEGATIVE_LOF_SIGNATURE;NEGATIVE:PENDING::,true,R,matched_final,true,,direct_record_match,,,
1008,Bedaquiline,Rv0678,p.Arg50dup,inframe_insertion,G3,,3) Uncertain significance,indel,,primary,,excluded,,excluded_uncertain_g3_or_unmapped_grade,0,,,,,,excluded,,excluded_uncertain_g3_or_unmapped_grade,,,,
1009,Bedaquiline,Rv0678,p.Arg50Gln,missense_variant,G3,,3) Uncertain significance,protein_substitution,,primary,,excluded,,excluded_uncertain_g3_or_unmapped_grade,2,FAILED|PENDING,,NEGATIVE:FAILED::;NEGATIVE:PENDING::,,,excluded,,excluded_uncertain_g3_or_unmapped_grade,,,,
1010,Bedaquiline,Rv0678,p.Arg50Pro,missense_variant,G3,,3) Uncertain significance,protein_substitution,,primary,,excluded,,excluded_uncertain_g3_or_unmapped_grade,2,FAILED|PENDING,,NEGATIVE:FAILED::;NEGATIVE:PENDING::,,,excluded,,excluded_uncertain_g3_or_unmapped_grade,,,,
1011,Bedaquiline,Rv0678,p.Arg50Trp,missense_variant,G3,,3) Uncertain significance,protein_substitution,,primary,R,excluded,,excluded_uncertain_g3_or_unmapped_grade,2,LOSS_OF_FUNCTION|PENDING,NEGATIVE_LOF_REVIEWED,NEGATIVE:LOSS_OF_FUNCTION:RESISTANT:NEGATIVE_LOF_REVIEWED;NEGATIVE:PENDING::,,R,excluded,,excluded_uncertain_g3_or_unmapped_grade,,,,
1012,Bedaquiline,Rv0678,p.Arg72fs,frameshift,G2,R,2) Assoc w R - Interim,frameshift,true,primary,R,consequence_inferred,true,,0,,NEGATIVE_LOF_SIGNATURE,no_direct_final_rs_record;inferred_from_frameshift_as_loss_of_function;logic_type=NEGATIVE,true,,unmatched,false,unsupported_non_snp_variant,catalogue_consequence_inferred,loss_of_function,LOSS_OF_FUNCTION,NEGATIVE
1013,Bedaquiline,Rv0678,p.Arg72Trp,missense_variant,G3,,3) Uncertain significance,protein_substitution,,primary,R,excluded,,excluded_uncertain_g3_or_unmapped_grade,2,LOSS_OF_FUNCTION|PENDING,NEGATIVE_LOF_REVIEWED,NEGATIVE:LOSS_OF_FUNCTION:RESISTANT:NEGATIVE_LOF_REVIEWED;NEGATIVE:PENDING::,,R,excluded,,excluded_uncertain_g3_or_unmapped_grade,,,,
1014,Bedaquiline,Rv0678,p.Arg89fs,frameshift,G2,R,2) Assoc w R - Interim,frameshift,true,primary,R,consequence_inferred,true,,0,,NEGATIVE_LOF_SIGNATURE,no_direct_final_rs_record;inferred_from_frameshift_as_loss_of_function;logic_type=NEGATIVE,true,,unmatched,false,unsupported_non_snp_variant,catalogue_consequence_inferred,loss_of_function,LOSS_OF_FUNCTION,NEGATIVE
1015,Bedaquiline,Rv0678,p.Arg89Gln,missense_variant,G3,,3) Uncertain significance,protein_substitution,,primary,,excluded,,excluded_uncertain_g3_or_unmapped_grade,2,FAILED|PENDING,ANALYSIS_FAILED,NEGATIVE:FAILED:UNKNOWN:ANALYSIS_FAILED;NEGATIVE:PENDING::,,,excluded,,excluded_uncertain_g3_or_unmapped_grade,,,,
1016,Bedaquiline,Rv0678,p.Arg89Leu,missense_variant,G3,,3) Uncertain significance,protein_substitution,,primary,R,excluded,,excluded_uncertain_g3_or_unmapped_grade,2,LOSS_OF_FUNCTION|PENDING,NEGATIVE_LOF_REVIEWED,NEGATIVE:LOSS_OF_FUNCTION:RESISTANT:NEGATIVE_LOF_REVIEWED;NEGATIVE:PENDING::,,R,excluded,,excluded_uncertain_g3_or_unmapped_grade,,,,
1017,Bedaquiline,Rv0678,p.Arg89Trp,missense_variant,G3,,3) Uncertain significance,protein_substitution,,primary,R,excluded,,excluded_uncertain_g3_or_unmapped_grade,2,LOSS_OF_FUNCTION|PENDING,NEGATIVE_LOF_REVIEWED,NEGATIVE:LOSS_OF_FUNCTION:RESISTANT:NEGATIVE_LOF_REVIEWED;NEGATIVE:PENDING::,,R,excluded,,excluded_uncertain_g3_or_unmapped_grade,,,,
1018,Bedaquiline,Rv0678,p.Arg90Cys,missense_variant,G3,,3) Uncertain significance,protein_substitution,,primary,,excluded,,excluded_uncertain_g3_or_unmapped_grade,2,FAILED|PENDING,ANALYSIS_FAILED,NEGATIVE:FAILED:UNKNOWN:ANALYSIS_FAILED;NEGATIVE:PENDING::,,,excluded,,excluded_uncertain_g3_or_unmapped_grade,,,,
1019,Bedaquiline,Rv0678,p.Arg94Gln,missense_variant,G3,,3) Uncertain significance,protein_substitution,,primary,,excluded,,excluded_uncertain_g3_or_unmapped_grade,2,FAILED|PENDING,ANALYSIS_FAILED,NEGATIVE:FAILED:UNKNOWN:ANALYSIS_FAILED;NEGATIVE:PENDING::,,,excluded,,excluded_uncertain_g3_or_unmapped_grade,,,,
1020,Bedaquiline,Rv0678,p.Arg94Trp,missense_variant,G3,,3) Uncertain significance,protein_substitution,,primary,S,excluded,,excluded_uncertain_g3_or_unmapped_grade,2,COMPLETED|PENDING,NEGATIVE_FUNCTION_RETAINED,NEGATIVE:COMPLETED:SENSITIVE:NEGATIVE_FUNCTION_RETAINED;NEGATIVE:PENDING::,,S,excluded,,excluded_uncertain_g3_or_unmapped_grade,,,,
1021,Bedaquiline,Rv0678,p.Arg96Gly,missense_variant,G3,,3) Uncertain significance,protein_substitution,,primary,,excluded,,excluded_uncertain_g3_or_unmapped_grade,2,FAILED|PENDING,,NEGATIVE:FAILED::;NEGATIVE:PENDING::,,,excluded,,excluded_uncertain_g3_or_unmapped_grade,,,,
1022,Bedaquiline,Rv0678,p.Arg96Leu,missense_variant,G3,,3) Uncertain significance,protein_substitution,,primary,,excluded,,excluded_uncertain_g3_or_unmapped_grade,2,FAILED|PENDING,ANALYSIS_FAILED,NEGATIVE:FAILED:UNKNOWN:ANALYSIS_FAILED;NEGATIVE:PENDING::,,,excluded,,excluded_uncertain_g3_or_unmapped_grade,,,,
1023,Bedaquiline,Rv0678,p.Arg96Trp,missense_variant,G3,,3) Uncertain significance,protein_substitution,,primary,,excluded,,excluded_uncertain_g3_or_unmapped_grade,2,FAILED|PENDING,ANALYSIS_FAILED,NEGATIVE:FAILED:UNKNOWN:ANALYSIS_FAILED;NEGATIVE:PENDING::,,,excluded,,excluded_uncertain_g3_or_unmapped_grade,,,,
1024,Bedaquiline,Rv0678,p.Asn148fs,frameshift,G2,R,2) Assoc w R - Interim,frameshift,true,primary,R,consequence_inferred,true,,0,,NEGATIVE_LOF_SIGNATURE,no_direct_final_rs_record;inferred_from_frameshift_as_loss_of_function;logic_type=NEGATIVE,true,,unmatched,false,unsupported_non_snp_variant,catalogue_consequence_inferred,loss_of_function,LOSS_OF_FUNCTION,NEGATIVE
1025,Bedaquiline,Rv0678,p.Asn4Thr,missense_variant,G3,,3) Uncertain significance,protein_substitution,,primary,,excluded,,excluded_uncertain_g3_or_unmapped_grade,2,FAILED|PENDING,,NEGATIVE:FAILED::;NEGATIVE:PENDING::,,,excluded,,excluded_uncertain_g3_or_unmapped_grade,,,,
1026,Bedaquiline,Rv0678,p.Asn70Asp,missense_variant,G2,R,2) Assoc w R - Interim,protein_substitution,true,primary,R,matched_final,true,,2,LOSS_OF_FUNCTION|PENDING,NEGATIVE_LOF_REVIEWED,NEGATIVE:LOSS_OF_FUNCTION:RESISTANT:NEGATIVE_LOF_REVIEWED;NEGATIVE:PENDING::,true,R,matched_final,true,,direct_record_match,,,
1027,Bedaquiline,Rv0678,p.Asn70fs,frameshift,G2,R,2) Assoc w R - Interim,frameshift,true,primary,R,consequence_inferred,true,,0,,NEGATIVE_LOF_SIGNATURE,no_direct_final_rs_record;inferred_from_frameshift_as_loss_of_function;logic_type=NEGATIVE,true,,unmatched,false,unsupported_non_snp_variant,catalogue_consequence_inferred,loss_of_function,LOSS_OF_FUNCTION,NEGATIVE
1028,Bedaquiline,Rv0678,p.Asn70Ile,missense_variant,G3,,3) Uncertain significance,protein_substitution,,primary,R,excluded,,excluded_uncertain_g3_or_unmapped_grade,2,LOSS_OF_FUNCTION|PENDING,NEGATIVE_LOF_REVIEWED,NEGATIVE:LOSS_OF_FUNCTION:RESISTANT:NEGATIVE_LOF_REVIEWED;NEGATIVE:PENDING::,,R,excluded,,excluded_uncertain_g3_or_unmapped_grade,,,,
1029,Bedaquiline,Rv0678,p.Asn70Lys,missense_variant,G3,,3) Uncertain significance,protein_substitution,,primary,R,excluded,,excluded_uncertain_g3_or_unmapped_grade,4,LOSS_OF_FUNCTION|PENDING,NEGATIVE_LOF_REVIEWED,NEGATIVE:LOSS_OF_FUNCTION:RESISTANT:NEGATIVE_LOF_REVIEWED;NEGATIVE:LOSS_OF_FUNCTION:RESISTANT:NEGATIVE_LOF_REVIEWED;NEGATIVE:PENDING::;+1_more,,R,excluded,,excluded_uncertain_g3_or_unmapped_grade,,,,
1030,Bedaquiline,Rv0678,p.Asn98Asp,missense_variant,G3,,3) Uncertain significance,protein_substitution,,primary,,excluded,,excluded_uncertain_g3_or_unmapped_grade,2,FAILED|PENDING,,NEGATIVE:FAILED::;NEGATIVE:PENDING::,,,excluded,,excluded_uncertain_g3_or_unmapped_grade,,,,
1031,Bedaquiline,Rv0678,p.Asn98fs,frameshift,G2,R,2) Assoc w R - Interim,frameshift,true,primary,R,consequence_inferred,true,,0,,NEGATIVE_LOF_SIGNATURE,no_direct_final_rs_record;inferred_from_frameshift_as_loss_of_function;logic_type=NEGATIVE,true,,unmatched,false,unsupported_non_snp_variant,catalogue_consequence_inferred,loss_of_function,LOSS_OF_FUNCTION,NEGATIVE
1032,Bedaquiline,Rv0678,p.Asp116fs,frameshift,G2,R,2) Assoc w R - Interim,frameshift,true,primary,R,consequence_inferred,true,,0,,NEGATIVE_LOF_SIGNATURE,no_direct_final_rs_record;inferred_from_frameshift_as_loss_of_function;logic_type=NEGATIVE,true,,unmatched,false,unsupported_non_snp_variant,catalogue_consequence_inferred,loss_of_function,LOSS_OF_FUNCTION,NEGATIVE
1033,Bedaquiline,Rv0678,p.Asp141fs,frameshift,G2,R,2) Assoc w R - Interim,frameshift,true,primary,R,consequence_inferred,true,,0,,NEGATIVE_LOF_SIGNATURE,no_direct_final_rs_record;inferred_from_frameshift_as_loss_of_function;logic_type=NEGATIVE,true,,unmatched,false,unsupported_non_snp_variant,catalogue_consequence_inferred,loss_of_function,LOSS_OF_FUNCTION,NEGATIVE
1034,Bedaquiline,Rv0678,p.Asp141Tyr,missense_variant,G3,,3) Uncertain significance,protein_substitution,,primary,,excluded,,excluded_uncertain_g3_or_unmapped_grade,2,FAILED|PENDING,ANALYSIS_FAILED,NEGATIVE:FAILED:UNKNOWN:ANALYSIS_FAILED;NEGATIVE:PENDING::,,,excluded,,excluded_uncertain_g3_or_unmapped_grade,,,,
1035,Bedaquiline,Rv0678,p.Asp165fs,frameshift,G2,R,2) Assoc w R - Interim,frameshift,true,primary,R,consequence_inferred,true,,0,,NEGATIVE_LOF_SIGNATURE,no_direct_final_rs_record;inferred_from_frameshift_as_loss_of_function;logic_type=NEGATIVE,true,,unmatched,false,unsupported_non_snp_variant,catalogue_consequence_inferred,loss_of_function,LOSS_OF_FUNCTION,NEGATIVE
1036,Bedaquiline,Rv0678,p.Asp47dup,inframe_insertion,G3,,3) Uncertain significance,indel,,primary,,excluded,,excluded_uncertain_g3_or_unmapped_grade,0,,,,,,excluded,,excluded_uncertain_g3_or_unmapped_grade,,,,
1037,Bedaquiline,Rv0678,p.Asp47fs,frameshift,G1,R,1) Assoc w R,frameshift,true,primary,R,consequence_inferred,true,,0,,NEGATIVE_LOF_SIGNATURE,no_direct_final_rs_record;inferred_from_frameshift_as_loss_of_function;logic_type=NEGATIVE,true,,unmatched,false,unsupported_non_snp_variant,catalogue_consequence_inferred,loss_of_function,LOSS_OF_FUNCTION,NEGATIVE
1038,Bedaquiline,Rv0678,p.Asp47Glu,missense_variant,G3,,3) Uncertain significance,protein_substitution,,primary,,excluded,,excluded_uncertain_g3_or_unmapped_grade,4,FAILED|PENDING,,NEGATIVE:FAILED::;NEGATIVE:FAILED::;NEGATIVE:PENDING::;+1_more,,,excluded,,excluded_uncertain_g3_or_unmapped_grade,,,,
1039,Bedaquiline,Rv0678,p.Asp47Gly,missense_variant,G3,,3) Uncertain significance,protein_substitution,,primary,,excluded,,excluded_uncertain_g3_or_unmapped_grade,2,FAILED|PENDING,ANALYSIS_FAILED,NEGATIVE:FAILED:UNKNOWN:ANALYSIS_FAILED;NEGATIVE:PENDING::,,,excluded,,excluded_uncertain_g3_or_unmapped_grade,,,,
1040,Bedaquiline,Rv0678,p.Asp5Asn,missense_variant,G3,,3) Uncertain significance,protein_substitution,,primary,,excluded,,excluded_uncertain_g3_or_unmapped_grade,2,FAILED|PENDING,ANALYSIS_FAILED,NEGATIVE:FAILED:UNKNOWN:ANALYSIS_FAILED;NEGATIVE:PENDING::,,,excluded,,excluded_uncertain_g3_or_unmapped_grade,,,,
1041,Bedaquiline,Rv0678,p.Asp5Gly,missense_variant,G3,,3) Uncertain significance,protein_substitution,,primary,,excluded,,excluded_uncertain_g3_or_unmapped_grade,2,FAILED|PENDING,,NEGATIVE:FAILED::;NEGATIVE:PENDING::,,,excluded,,excluded_uncertain_g3_or_unmapped_grade,,,,
1042,Bedaquiline,Rv0678,p.Asp8fs,frameshift,G2,R,2) Assoc w R - Interim,frameshift,true,primary,R,consequence_inferred,true,,0,,NEGATIVE_LOF_SIGNATURE,no_direct_final_rs_record;inferred_from_frameshift_as_loss_of_function;logic_type=NEGATIVE,true,,unmatched,false,unsupported_non_snp_variant,catalogue_consequence_inferred,loss_of_function,LOSS_OF_FUNCTION,NEGATIVE
1043,Bedaquiline,Rv0678,p.Asp8Gly,missense_variant,G3,,3) Uncertain significance,protein_substitution,,primary,,excluded,,excluded_uncertain_g3_or_unmapped_grade,2,FAILED|PENDING,,NEGATIVE:FAILED::;NEGATIVE:PENDING::,,,excluded,,excluded_uncertain_g3_or_unmapped_grade,,,,
1044,Bedaquiline,Rv0678,p.Cys46_Asp47insGly,inframe_insertion,G3,,3) Uncertain significance,indel,,primary,,excluded,,excluded_uncertain_g3_or_unmapped_grade,0,,,,,,excluded,,excluded_uncertain_g3_or_unmapped_grade,,,,
1045,Bedaquiline,Rv0678,p.Cys46Arg,missense_variant,G2,R,2) Assoc w R - Interim,protein_substitution,true,primary,R,matched_final,true,,2,LOSS_OF_FUNCTION|PENDING,NEGATIVE_LOF_REVIEWED,NEGATIVE:LOSS_OF_FUNCTION:RESISTANT:NEGATIVE_LOF_REVIEWED;NEGATIVE:PENDING::,true,R,matched_final,true,,direct_record_match,,,
1046,Bedaquiline,Rv0678,p.Cys46fs,frameshift,G2,R,2) Assoc w R - Interim,frameshift,true,primary,R,consequence_inferred,true,,0,,NEGATIVE_LOF_SIGNATURE,no_direct_final_rs_record;inferred_from_frameshift_as_loss_of_function;logic_type=NEGATIVE,true,,unmatched,false,unsupported_non_snp_variant,catalogue_consequence_inferred,loss_of_function,LOSS_OF_FUNCTION,NEGATIVE
1047,Bedaquiline,Rv0678,p.Cys46Gly,missense_variant,G3,,3) Uncertain significance,protein_substitution,,primary,R,excluded,,excluded_uncertain_g3_or_unmapped_grade,2,LOSS_OF_FUNCTION|PENDING,NEGATIVE_LOF_REVIEWED,NEGATIVE:LOSS_OF_FUNCTION:RESISTANT:NEGATIVE_LOF_REVIEWED;NEGATIVE:PENDING::,,R,excluded,,excluded_uncertain_g3_or_unmapped_grade,,,,
1048,Bedaquiline,Rv0678,p.Cys46Trp,missense_variant,G3,,3) Uncertain significance,protein_substitution,,primary,S,excluded,,excluded_uncertain_g3_or_unmapped_grade,2,COMPLETED|PENDING,NEGATIVE_FUNCTION_RETAINED,NEGATIVE:COMPLETED:SENSITIVE:NEGATIVE_FUNCTION_RETAINED;NEGATIVE:PENDING::,,S,excluded,,excluded_uncertain_g3_or_unmapped_grade,,,,
1049,Bedaquiline,Rv0678,p.Cys46Tyr,missense_variant,G3,,3) Uncertain significance,protein_substitution,,primary,R,excluded,,excluded_uncertain_g3_or_unmapped_grade,2,LOSS_OF_FUNCTION|PENDING,NEGATIVE_LOF_REVIEWED,NEGATIVE:LOSS_OF_FUNCTION:RESISTANT:NEGATIVE_LOF_REVIEWED;NEGATIVE:PENDING::,,R,excluded,,excluded_uncertain_g3_or_unmapped_grade,,,,
1050,Bedaquiline,Rv0678,p.Gln115Pro,missense_variant,G3,,3) Uncertain significance,protein_substitution,,primary,,excluded,,excluded_uncertain_g3_or_unmapped_grade,2,FAILED|PENDING,ANALYSIS_FAILED,NEGATIVE:FAILED:UNKNOWN:ANALYSIS_FAILED;NEGATIVE:PENDING::,,,excluded,,excluded_uncertain_g3_or_unmapped_grade,,,,
1051,Bedaquiline,Rv0678,p.Gln115*,stop_gained,G2,R,2) Assoc w R - Interim,nonsense,true,primary,R,matched_final,true,,2,LOSS_OF_FUNCTION|PENDING,NEGATIVE_LOF_SIGNATURE,NEGATIVE:LOSS_OF_FUNCTION:RESISTANT:NEGATIVE_LOF_SIGNATURE;NEGATIVE:PENDING::,true,R,matched_final,true,,direct_record_match,,,
1052,Bedaquiline,Rv0678,p.Gln159fs,frameshift,G2,R,2) Assoc w R - Interim,frameshift,true,primary,R,consequence_inferred,true,,0,,NEGATIVE_LOF_SIGNATURE,no_direct_final_rs_record;inferred_from_frameshift_as_loss_of_function;logic_type=NEGATIVE,true,,unmatched,false,unsupported_non_snp_variant,catalogue_consequence_inferred,loss_of_function,LOSS_OF_FUNCTION,NEGATIVE
1053,Bedaquiline,Rv0678,p.Gln22Arg,missense_variant,G3,,3) Uncertain significance,protein_substitution,,primary,,excluded,,excluded_uncertain_g3_or_unmapped_grade,2,FAILED|PENDING,,NEGATIVE:FAILED::;NEGATIVE:PENDING::,,,excluded,,excluded_uncertain_g3_or_unmapped_grade,,,,
1054,Bedaquiline,Rv0678,p.Gln22Pro,missense_variant,G3,,3) Uncertain significance,protein_substitution,,primary,R,excluded,,excluded_uncertain_g3_or_unmapped_grade,2,LOSS_OF_FUNCTION|PENDING,NEGATIVE_LOF_REVIEWED,NEGATIVE:LOSS_OF_FUNCTION:RESISTANT:NEGATIVE_LOF_REVIEWED;NEGATIVE:PENDING::,,R,excluded,,excluded_uncertain_g3_or_unmapped_grade,,,,
1055,Bedaquiline,Rv0678,p.Gln22*,stop_gained,G2,R,2) Assoc w R - Interim,nonsense,true,primary,R,matched_final,true,,2,LOSS_OF_FUNCTION|PENDING,NEGATIVE_LOF_SIGNATURE,NEGATIVE:LOSS_OF_FUNCTION:RESISTANT:NEGATIVE_LOF_SIGNATURE;NEGATIVE:PENDING::,true,R,matched_final,true,,direct_record_match,,,
1056,Bedaquiline,Rv0678,p.Gln51Arg,missense_variant,G3,,3) Uncertain significance,protein_substitution,,primary,R,excluded,,excluded_uncertain_g3_or_unmapped_grade,2,LOSS_OF_FUNCTION|PENDING,NEGATIVE_LOF_REVIEWED,NEGATIVE:LOSS_OF_FUNCTION:RESISTANT:NEGATIVE_LOF_REVIEWED;NEGATIVE:PENDING::,,R,excluded,,excluded_uncertain_g3_or_unmapped_grade,,,,
1057,Bedaquiline,Rv0678,p.Gln51fs,frameshift,G2,R,2) Assoc w R - Interim,frameshift,true,primary,R,consequence_inferred,true,,0,,NEGATIVE_LOF_SIGNATURE,no_direct_final_rs_record;inferred_from_frameshift_as_loss_of_function;logic_type=NEGATIVE,true,,unmatched,false,unsupported_non_snp_variant,catalogue_consequence_inferred,loss_of_function,LOSS_OF_FUNCTION,NEGATIVE
1058,Bedaquiline,Rv0678,p.Gln51Lys,missense_variant,G3,,3) Uncertain significance,protein_substitution,,primary,,excluded,,excluded_uncertain_g3_or_unmapped_grade,2,FAILED|PENDING,ANALYSIS_FAILED,NEGATIVE:FAILED:UNKNOWN:ANALYSIS_FAILED;NEGATIVE:PENDING::,,,excluded,,excluded_uncertain_g3_or_unmapped_grade,,,,
1059,Bedaquiline,Rv0678,p.Gln51Pro,missense_variant,G3,,3) Uncertain significance,protein_substitution,,primary,,excluded,,excluded_uncertain_g3_or_unmapped_grade,2,FAILED|PENDING,ANALYSIS_FAILED,NEGATIVE:FAILED:UNKNOWN:ANALYSIS_FAILED;NEGATIVE:PENDING::,,,excluded,,excluded_uncertain_g3_or_unmapped_grade,,,,
1060,Bedaquiline,Rv0678,p.Gln76Arg,missense_variant,G3,,3) Uncertain significance,protein_substitution,,primary,,excluded,,excluded_uncertain_g3_or_unmapped_grade,2,FAILED|PENDING,,NEGATIVE:FAILED::;NEGATIVE:PENDING::,,,excluded,,excluded_uncertain_g3_or_unmapped_grade,,,,
1061,Bedaquiline,Rv0678,p.Gln76Glu,missense_variant,G3,,3) Uncertain significance,protein_substitution,,primary,,excluded,,excluded_uncertain_g3_or_unmapped_grade,2,FAILED|PENDING,,NEGATIVE:FAILED::;NEGATIVE:PENDING::,,,excluded,,excluded_uncertain_g3_or_unmapped_grade,,,,
1062,Bedaquiline,Rv0678,p.Gln76Lys,missense_variant,G3,,3) Uncertain significance,protein_substitution,,primary,,excluded,,excluded_uncertain_g3_or_unmapped_grade,2,FAILED|PENDING,,NEGATIVE:FAILED::;NEGATIVE:PENDING::,,,excluded,,excluded_uncertain_g3_or_unmapped_grade,,,,
1063,Bedaquiline,Rv0678,p.Gln76*,stop_gained,G2,R,2) Assoc w R - Interim,nonsense,true,primary,R,matched_final,true,,2,LOSS_OF_FUNCTION|PENDING,NEGATIVE_LOF_SIGNATURE,NEGATIVE:LOSS_OF_FUNCTION:RESISTANT:NEGATIVE_LOF_SIGNATURE;NEGATIVE:PENDING::,true,R,matched_final,true,,direct_record_match,,,
1064,Bedaquiline,Rv0678,p.Glu104Asp,missense_variant,G3,,3) Uncertain significance,protein_substitution,,primary,,excluded,,excluded_uncertain_g3_or_unmapped_grade,4,FAILED|PENDING,,NEGATIVE:FAILED::;NEGATIVE:FAILED::;NEGATIVE:PENDING::;+1_more,,,excluded,,excluded_uncertain_g3_or_unmapped_grade,,,,
1065,Bedaquiline,Rv0678,p.Glu104Gly,missense_variant,G3,,3) Uncertain significance,protein_substitution,,primary,,excluded,,excluded_uncertain_g3_or_unmapped_grade,2,FAILED|PENDING,,NEGATIVE:FAILED::;NEGATIVE:PENDING::,,,excluded,,excluded_uncertain_g3_or_unmapped_grade,,,,
1066,Bedaquiline,Rv0678,p.Glu104Lys,missense_variant,G3,,3) Uncertain significance,protein_substitution,,primary,,excluded,,excluded_uncertain_g3_or_unmapped_grade,2,FAILED|PENDING,,NEGATIVE:FAILED::;NEGATIVE:PENDING::,,,excluded,,excluded_uncertain_g3_or_unmapped_grade,,,,
1067,Bedaquiline,Rv0678,p.Glu113Lys,missense_variant,G3,,3) Uncertain significance,protein_substitution,,primary,,excluded,,excluded_uncertain_g3_or_unmapped_grade,2,FAILED|PENDING,,NEGATIVE:FAILED::;NEGATIVE:PENDING::,,,excluded,,excluded_uncertain_g3_or_unmapped_grade,,,,
1068,Bedaquiline,Rv0678,p.Glu113*,stop_gained,G2,R,2) Assoc w R - Interim,nonsense,true,primary,R,matched_final,true,,2,LOSS_OF_FUNCTION|PENDING,NEGATIVE_LOF_SIGNATURE,NEGATIVE:LOSS_OF_FUNCTION:RESISTANT:NEGATIVE_LOF_SIGNATURE;NEGATIVE:PENDING::,true,R,matched_final,true,,direct_record_match,,,
1069,Bedaquiline,Rv0678,p.Glu138*,stop_gained,G2,R,2) Assoc w R - Interim,nonsense,true,primary,R,matched_final,true,,2,LOSS_OF_FUNCTION|PENDING,NEGATIVE_LOF_SIGNATURE,NEGATIVE:LOSS_OF_FUNCTION:RESISTANT:NEGATIVE_LOF_SIGNATURE;NEGATIVE:PENDING::,true,R,matched_final,true,,direct_record_match,,,
1070,Bedaquiline,Rv0678,p.Glu147Asp,missense_variant,G3,,3) Uncertain significance,protein_substitution,,primary,,excluded,,excluded_uncertain_g3_or_unmapped_grade,4,FAILED|PENDING,,NEGATIVE:FAILED::;NEGATIVE:FAILED::;NEGATIVE:PENDING::;+1_more,,,excluded,,excluded_uncertain_g3_or_unmapped_grade,,,,
1071,Bedaquiline,Rv0678,p.Glu147*,stop_gained,G2,R,2) Assoc w R - Interim,nonsense,true,primary,R,matched_final,true,,2,LOSS_OF_FUNCTION|PENDING,NEGATIVE_LOF_SIGNATURE,NEGATIVE:LOSS_OF_FUNCTION:RESISTANT:NEGATIVE_LOF_SIGNATURE;NEGATIVE:PENDING::,true,R,matched_final,true,,direct_record_match,,,
1072,Bedaquiline,Rv0678,p.Glu21Lys,missense_variant,G3,,3) Uncertain significance,protein_substitution,,primary,,excluded,,excluded_uncertain_g3_or_unmapped_grade,2,FAILED|PENDING,,NEGATIVE:FAILED::;NEGATIVE:PENDING::,,,excluded,,excluded_uncertain_g3_or_unmapped_grade,,,,
1073,Bedaquiline,Rv0678,p.Glu49fs,frameshift,G1,R,1) Assoc w R,frameshift,true,primary,R,consequence_inferred,true,,0,,NEGATIVE_LOF_SIGNATURE,no_direct_final_rs_record;inferred_from_frameshift_as_loss_of_function;logic_type=NEGATIVE,true,,unmatched,false,unsupported_non_snp_variant,catalogue_consequence_inferred,loss_of_function,LOSS_OF_FUNCTION,NEGATIVE
1074,Bedaquiline,Rv0678,p.Glu55Asp,missense_variant,G3,,3) Uncertain significance,protein_substitution,,primary,,excluded,,excluded_uncertain_g3_or_unmapped_grade,4,FAILED|PENDING,,NEGATIVE:FAILED::;NEGATIVE:FAILED::;NEGATIVE:PENDING::;+1_more,,,excluded,,excluded_uncertain_g3_or_unmapped_grade,,,,
1075,Bedaquiline,Rv0678,p.Glu55fs,frameshift,G2,R,2) Assoc w R - Interim,frameshift,true,primary,R,consequence_inferred,true,,0,,NEGATIVE_LOF_SIGNATURE,no_direct_final_rs_record;inferred_from_frameshift_as_loss_of_function;logic_type=NEGATIVE,true,,unmatched,false,unsupported_non_snp_variant,catalogue_consequence_inferred,loss_of_function,LOSS_OF_FUNCTION,NEGATIVE
1076,Bedaquiline,Rv0678,p.Gly103Arg,missense_variant,G3,,3) Uncertain significance,protein_substitution,,primary,,excluded,,excluded_uncertain_g3_or_unmapped_grade,2,FAILED|PENDING,,NEGATIVE:FAILED::;NEGATIVE:PENDING::,,,excluded,,excluded_uncertain_g3_or_unmapped_grade,,,,
1077,Bedaquiline,Rv0678,p.Gly103Ser,missense_variant,G3,,3) Uncertain significance,protein_substitution,,primary,,excluded,,excluded_uncertain_g3_or_unmapped_grade,2,FAILED|PENDING,,NEGATIVE:FAILED::;NEGATIVE:PENDING::,,,excluded,,excluded_uncertain_g3_or_unmapped_grade,,,,
1078,Bedaquiline,Rv0678,p.Gly11fs,frameshift,G2,R,2) Assoc w R - Interim,frameshift,true,primary,R,consequence_inferred,true,,0,,NEGATIVE_LOF_SIGNATURE,no_direct_final_rs_record;inferred_from_frameshift_as_loss_of_function;logic_type=NEGATIVE,true,,unmatched,false,unsupported_non_snp_variant,catalogue_consequence_inferred,loss_of_function,LOSS_OF_FUNCTION,NEGATIVE
1079,Bedaquiline,Rv0678,p.Gly121Arg,missense_variant,G1,R,1) Assoc w R,protein_substitution,true,primary,R,matched_final,true,,4,LOSS_OF_FUNCTION|PENDING,NEGATIVE_LOF_REVIEWED,NEGATIVE:LOSS_OF_FUNCTION:RESISTANT:NEGATIVE_LOF_REVIEWED;NEGATIVE:LOSS_OF_FUNCTION:RESISTANT:NEGATIVE_LOF_REVIEWED;NEGATIVE:PENDING::;+1_more,true,R,matched_final,true,,direct_record_match,,,
1080,Bedaquiline,Rv0678,p.Gly162Glu,missense_variant,G3,,3) Uncertain significance,protein_substitution,,primary,,excluded,,excluded_uncertain_g3_or_unmapped_grade,2,FAILED|PENDING,,NEGATIVE:FAILED::;NEGATIVE:PENDING::,,,excluded,,excluded_uncertain_g3_or_unmapped_grade,,,,
1081,Bedaquiline,Rv0678,p.Gly24Arg,missense_variant,G3,,3) Uncertain significance,protein_substitution,,primary,R,excluded,,excluded_uncertain_g3_or_unmapped_grade,2,LOSS_OF_FUNCTION|PENDING,NEGATIVE_LOF_REVIEWED,NEGATIVE:LOSS_OF_FUNCTION:RESISTANT:NEGATIVE_LOF_REVIEWED;NEGATIVE:PENDING::,,R,excluded,,excluded_uncertain_g3_or_unmapped_grade,,,,
1082,Bedaquiline,Rv0678,p.Gly24Cys,missense_variant,G3,,3) Uncertain significance,protein_substitution,,primary,,excluded,,excluded_uncertain_g3_or_unmapped_grade,2,FAILED|PENDING,ANALYSIS_FAILED,NEGATIVE:FAILED:UNKNOWN:ANALYSIS_FAILED;NEGATIVE:PENDING::,,,excluded,,excluded_uncertain_g3_or_unmapped_grade,,,,
1083,Bedaquiline,Rv0678,p.Gly25Asp,missense_variant,G3,,3) Uncertain significance,protein_substitution,,primary,,excluded,,excluded_uncertain_g3_or_unmapped_grade,2,FAILED|PENDING,,NEGATIVE:FAILED::;NEGATIVE:PENDING::,,,excluded,,excluded_uncertain_g3_or_unmapped_grade,,,,
1084,Bedaquiline,Rv0678,p.Gly25Cys,missense_variant,G3,,3) Uncertain significance,protein_substitution,,primary,,excluded,,excluded_uncertain_g3_or_unmapped_grade,2,FAILED|PENDING,,NEGATIVE:FAILED::;NEGATIVE:PENDING::,,,excluded,,excluded_uncertain_g3_or_unmapped_grade,,,,
1085,Bedaquiline,Rv0678,p.Gly41Asp,missense_variant,G3,,3) Uncertain significance,protein_substitution,,primary,R,excluded,,excluded_uncertain_g3_or_unmapped_grade,2,LOSS_OF_FUNCTION|PENDING,NEGATIVE_LOF_REVIEWED,NEGATIVE:LOSS_OF_FUNCTION:RESISTANT:NEGATIVE_LOF_REVIEWED;NEGATIVE:PENDING::,,R,excluded,,excluded_uncertain_g3_or_unmapped_grade,,,,
1086,Bedaquiline,Rv0678,p.Gly41fs,frameshift,G2,R,2) Assoc w R - Interim,frameshift,true,primary,R,consequence_inferred,true,,0,,NEGATIVE_LOF_SIGNATURE,no_direct_final_rs_record;inferred_from_frameshift_as_loss_of_function;logic_type=NEGATIVE,true,,unmatched,false,unsupported_non_snp_variant,catalogue_consequence_inferred,loss_of_function,LOSS_OF_FUNCTION,NEGATIVE
1087,Bedaquiline,Rv0678,p.Gly65Arg,missense_variant,G3,,3) Uncertain significance,protein_substitution,,primary,R,excluded,,excluded_uncertain_g3_or_unmapped_grade,4,LOSS_OF_FUNCTION|PENDING,NEGATIVE_LOF_REVIEWED,NEGATIVE:LOSS_OF_FUNCTION:RESISTANT:NEGATIVE_LOF_REVIEWED;NEGATIVE:LOSS_OF_FUNCTION:RESISTANT:NEGATIVE_LOF_REVIEWED;NEGATIVE:PENDING::;+1_more,,R,excluded,,excluded_uncertain_g3_or_unmapped_grade,,,,
1088,Bedaquiline,Rv0678,p.Gly65Glu,missense_variant,G3,,3) Uncertain significance,protein_substitution,,primary,R,excluded,,excluded_uncertain_g3_or_unmapped_grade,2,LOSS_OF_FUNCTION|PENDING,NEGATIVE_LOF_REVIEWED,NEGATIVE:LOSS_OF_FUNCTION:RESISTANT:NEGATIVE_LOF_REVIEWED;NEGATIVE:PENDING::,,R,excluded,,excluded_uncertain_g3_or_unmapped_grade,,,,
1089,Bedaquiline,Rv0678,p.Gly78Arg,missense_variant,G3,,3) Uncertain significance,protein_substitution,,primary,R,excluded,,excluded_uncertain_g3_or_unmapped_grade,4,FAILED|LOSS_OF_FUNCTION|PENDING,ANALYSIS_FAILED|NEGATIVE_LOF_REVIEWED,NEGATIVE:LOSS_OF_FUNCTION:RESISTANT:NEGATIVE_LOF_REVIEWED;NEGATIVE:FAILED:UNKNOWN:ANALYSIS_FAILED;NEGATIVE:PENDING::;+1_more,,R,excluded,,excluded_uncertain_g3_or_unmapped_grade,,,,
1090,Bedaquiline,Rv0678,p.Gly78Trp,missense_variant,G3,,3) Uncertain significance,protein_substitution,,primary,R,excluded,,excluded_uncertain_g3_or_unmapped_grade,2,LOSS_OF_FUNCTION|PENDING,NEGATIVE_LOF_REVIEWED,NEGATIVE:LOSS_OF_FUNCTION:RESISTANT:NEGATIVE_LOF_REVIEWED;NEGATIVE:PENDING::,,R,excluded,,excluded_uncertain_g3_or_unmapped_grade,,,,
1091,Bedaquiline,Rv0678,p.Gly87Arg,missense_variant,G3,,3) Uncertain significance,protein_substitution,,primary,,excluded,,excluded_uncertain_g3_or_unmapped_grade,4,FAILED|PENDING,ANALYSIS_FAILED,NEGATIVE:FAILED:UNKNOWN:ANALYSIS_FAILED;NEGATIVE:FAILED:UNKNOWN:ANALYSIS_FAILED;NEGATIVE:PENDING::;+1_more,,,excluded,,excluded_uncertain_g3_or_unmapped_grade,,,,
1092,Bedaquiline,Rv0678,p.Gly87Trp,missense_variant,G3,,3) Uncertain significance,protein_substitution,,primary,R,excluded,,excluded_uncertain_g3_or_unmapped_grade,2,LOSS_OF_FUNCTION|PENDING,NEGATIVE_LOF_REVIEWED,NEGATIVE:LOSS_OF_FUNCTION:RESISTANT:NEGATIVE_LOF_REVIEWED;NEGATIVE:PENDING::,,R,excluded,,excluded_uncertain_g3_or_unmapped_grade,,,,
1093,Bedaquiline,Rv0678,p.Ile108Thr,missense_variant,G3,,3) Uncertain significance,protein_substitution,,primary,,excluded,,excluded_uncertain_g3_or_unmapped_grade,2,FAILED|PENDING,,NEGATIVE:FAILED::;NEGATIVE:PENDING::,,,excluded,,excluded_uncertain_g3_or_unmapped_grade,,,,
1094,Bedaquiline,Rv0678,p.Ile108Val,missense_variant,G3,,3) Uncertain significance,protein_substitution,,primary,,excluded,,excluded_uncertain_g3_or_unmapped_grade,2,FAILED|PENDING,,NEGATIVE:FAILED::;NEGATIVE:PENDING::,,,excluded,,excluded_uncertain_g3_or_unmapped_grade,,,,
1095,Bedaquiline,Rv0678,p.Ile16fs,frameshift,G2,R,2) Assoc w R - Interim,frameshift,true,primary,R,consequence_inferred,true,,0,,NEGATIVE_LOF_SIGNATURE,no_direct_final_rs_record;inferred_from_frameshift_as_loss_of_function;logic_type=NEGATIVE,true,,unmatched,false,unsupported_non_snp_variant,catalogue_consequence_inferred,loss_of_function,LOSS_OF_FUNCTION,NEGATIVE
1096,Bedaquiline,Rv0678,p.Ile16Ser,missense_variant,G3,,3) Uncertain significance,protein_substitution,,primary,,excluded,,excluded_uncertain_g3_or_unmapped_grade,2,FAILED|PENDING,ANALYSIS_FAILED,NEGATIVE:FAILED:UNKNOWN:ANALYSIS_FAILED;NEGATIVE:PENDING::,,,excluded,,excluded_uncertain_g3_or_unmapped_grade,,,,
1097,Bedaquiline,Rv0678,p.Ile67fs,frameshift,G1,R,1) Assoc w R,frameshift,true,primary,R,consequence_inferred,true,,0,,NEGATIVE_LOF_SIGNATURE,no_direct_final_rs_record;inferred_from_frameshift_as_loss_of_function;logic_type=NEGATIVE,true,,unmatched,false,unsupported_non_snp_variant,catalogue_consequence_inferred,loss_of_function,LOSS_OF_FUNCTION,NEGATIVE
1098,Bedaquiline,Rv0678,p.Ile67Leu,missense_variant,G3,,3) Uncertain significance,protein_substitution,,primary,,excluded,,excluded_uncertain_g3_or_unmapped_grade,2,FAILED|PENDING,ANALYSIS_FAILED,NEGATIVE:FAILED:UNKNOWN:ANALYSIS_FAILED;NEGATIVE:PENDING::,,,excluded,,excluded_uncertain_g3_or_unmapped_grade,,,,
1099,Bedaquiline,Rv0678,p.Ile67Met,missense_variant,G3,,3) Uncertain significance,protein_substitution,,primary,,excluded,,excluded_uncertain_g3_or_unmapped_grade,2,FAILED|PENDING,ANALYSIS_FAILED,NEGATIVE:FAILED:UNKNOWN:ANALYSIS_FAILED;NEGATIVE:PENDING::,,,excluded,,excluded_uncertain_g3_or_unmapped_grade,,,,
1100,Bedaquiline,Rv0678,p.Ile67Ser,missense_variant,G2,R,2) Assoc w R - Interim,protein_substitution,true,primary,R,matched_final,true,,2,LOSS_OF_FUNCTION|PENDING,NEGATIVE_LOF_REVIEWED,NEGATIVE:LOSS_OF_FUNCTION:RESISTANT:NEGATIVE_LOF_REVIEWED;NEGATIVE:PENDING::,true,R,matched_final,true,,direct_record_match,,,
1101,Bedaquiline,Rv0678,p.Ile80fs,frameshift,G2,R,2) Assoc w R - Interim,frameshift,true,primary,R,consequence_inferred,true,,0,,NEGATIVE_LOF_SIGNATURE,no_direct_final_rs_record;inferred_from_frameshift_as_loss_of_function;logic_type=NEGATIVE,true,,unmatched,false,unsupported_non_snp_variant,catalogue_consequence_inferred,loss_of_function,LOSS_OF_FUNCTION,NEGATIVE
1102,Bedaquiline,Rv0678,p.Ile80Met,missense_variant,G3,,3) Uncertain significance,protein_substitution,,primary,,excluded,,excluded_uncertain_g3_or_unmapped_grade,2,FAILED|PENDING,,NEGATIVE:FAILED::;NEGATIVE:PENDING::,,,excluded,,excluded_uncertain_g3_or_unmapped_grade,,,,
1103,Bedaquiline,Rv0678,p.Ile80Ser,missense_variant,G3,,3) Uncertain significance,protein_substitution,,primary,R,excluded,,excluded_uncertain_g3_or_unmapped_grade,2,LOSS_OF_FUNCTION|PENDING,NEGATIVE_LOF_REVIEWED,NEGATIVE:LOSS_OF_FUNCTION:RESISTANT:NEGATIVE_LOF_REVIEWED;NEGATIVE:PENDING::,,R,excluded,,excluded_uncertain_g3_or_unmapped_grade,,,,
1104,Bedaquiline,Rv0678,p.Leu117Arg,missense_variant,G1,R,1) Assoc w R,protein_substitution,true,primary,R,matched_final,true,,2,LOSS_OF_FUNCTION|PENDING,NEGATIVE_LOF_REVIEWED,NEGATIVE:LOSS_OF_FUNCTION:RESISTANT:NEGATIVE_LOF_REVIEWED;NEGATIVE:PENDING::,true,R,matched_final,true,,direct_record_match,,,
1105,Bedaquiline,Rv0678,p.Leu117fs,frameshift,G2,R,2) Assoc w R - Interim,frameshift,true,primary,R,consequence_inferred,true,,0,,NEGATIVE_LOF_SIGNATURE,no_direct_final_rs_record;inferred_from_frameshift_as_loss_of_function;logic_type=NEGATIVE,true,,unmatched,false,unsupported_non_snp_variant,catalogue_consequence_inferred,loss_of_function,LOSS_OF_FUNCTION,NEGATIVE
1106,Bedaquiline,Rv0678,p.Leu117Pro,missense_variant,G3,,3) Uncertain significance,protein_substitution,,primary,R,excluded,,excluded_uncertain_g3_or_unmapped_grade,2,LOSS_OF_FUNCTION|PENDING,NEGATIVE_LOF_REVIEWED,NEGATIVE:LOSS_OF_FUNCTION:RESISTANT:NEGATIVE_LOF_REVIEWED;NEGATIVE:PENDING::,,R,excluded,,excluded_uncertain_g3_or_unmapped_grade,,,,
1107,Bedaquiline,Rv0678,p.Leu122Pro,missense_variant,G3,,3) Uncertain significance,protein_substitution,,primary,R,excluded,,excluded_uncertain_g3_or_unmapped_grade,2,LOSS_OF_FUNCTION|PENDING,NEGATIVE_LOF_REVIEWED,NEGATIVE:LOSS_OF_FUNCTION:RESISTANT:NEGATIVE_LOF_REVIEWED;NEGATIVE:PENDING::,,R,excluded,,excluded_uncertain_g3_or_unmapped_grade,,,,
1108,Bedaquiline,Rv0678,p.Leu125fs,frameshift,G2,R,2) Assoc w R - Interim,frameshift,true,primary,R,consequence_inferred,true,,0,,NEGATIVE_LOF_SIGNATURE,no_direct_final_rs_record;inferred_from_frameshift_as_loss_of_function;logic_type=NEGATIVE,true,,unmatched,false,unsupported_non_snp_variant,catalogue_consequence_inferred,loss_of_function,LOSS_OF_FUNCTION,NEGATIVE
1109,Bedaquiline,Rv0678,p.Leu136Pro,missense_variant,G3,,3) Uncertain significance,protein_substitution,,primary,R,excluded,,excluded_uncertain_g3_or_unmapped_grade,2,LOSS_OF_FUNCTION|PENDING,NEGATIVE_LOF_REVIEWED,NEGATIVE:LOSS_OF_FUNCTION:RESISTANT:NEGATIVE_LOF_REVIEWED;NEGATIVE:PENDING::,,R,excluded,,excluded_uncertain_g3_or_unmapped_grade,,,,
1110,Bedaquiline,Rv0678,p.Leu142Arg,missense_variant,G3,,3) Uncertain significance,protein_substitution,,primary,,excluded,,excluded_uncertain_g3_or_unmapped_grade,2,FAILED|PENDING,ANALYSIS_FAILED,NEGATIVE:FAILED:UNKNOWN:ANALYSIS_FAILED;NEGATIVE:PENDING::,,,excluded,,excluded_uncertain_g3_or_unmapped_grade,,,,
1111,Bedaquiline,Rv0678,p.Leu142fs,frameshift,G2,R,2) Assoc w R - Interim,frameshift,true,primary,R,consequence_inferred,true,,0,,NEGATIVE_LOF_SIGNATURE,no_direct_final_rs_record;inferred_from_frameshift_as_loss_of_function;logic_type=NEGATIVE,true,,unmatched,false,unsupported_non_snp_variant,catalogue_consequence_inferred,loss_of_function,LOSS_OF_FUNCTION,NEGATIVE
1112,Bedaquiline,Rv0678,p.Leu142Pro,missense_variant,G3,,3) Uncertain significance,protein_substitution,,primary,,excluded,,excluded_uncertain_g3_or_unmapped_grade,2,FAILED|PENDING,ANALYSIS_FAILED,NEGATIVE:FAILED:UNKNOWN:ANALYSIS_FAILED;NEGATIVE:PENDING::,,,excluded,,excluded_uncertain_g3_or_unmapped_grade,,,,
1113,Bedaquiline,Rv0678,p.Leu143fs,frameshift,G2,R,2) Assoc w R - Interim,frameshift,true,primary,R,consequence_inferred,true,,0,,NEGATIVE_LOF_SIGNATURE,no_direct_final_rs_record;inferred_from_frameshift_as_loss_of_function;logic_type=NEGATIVE,true,,unmatched,false,unsupported_non_snp_variant,catalogue_consequence_inferred,loss_of_function,LOSS_OF_FUNCTION,NEGATIVE
1114,Bedaquiline,Rv0678,p.Leu32fs,frameshift,G2,R,2) Assoc w R - Interim,frameshift,true,primary,R,consequence_inferred,true,,0,,NEGATIVE_LOF_SIGNATURE,no_direct_final_rs_record;inferred_from_frameshift_as_loss_of_function;logic_type=NEGATIVE,true,,unmatched,false,unsupported_non_snp_variant,catalogue_consequence_inferred,loss_of_function,LOSS_OF_FUNCTION,NEGATIVE
1115,Bedaquiline,Rv0678,p.Leu32Ser,missense_variant,G2,R,2) Assoc w R - Interim,protein_substitution,true,primary,R,matched_final,true,,2,LOSS_OF_FUNCTION|PENDING,NEGATIVE_LOF_REVIEWED,NEGATIVE:LOSS_OF_FUNCTION:RESISTANT:NEGATIVE_LOF_REVIEWED;NEGATIVE:PENDING::,true,R,matched_final,true,,direct_record_match,,,
1116,Bedaquiline,Rv0678,p.Leu35Trp,missense_variant,G3,,3) Uncertain significance,protein_substitution,,primary,R,excluded,,excluded_uncertain_g3_or_unmapped_grade,2,LOSS_OF_FUNCTION|PENDING,NEGATIVE_LOF_REVIEWED,NEGATIVE:LOSS_OF_FUNCTION:RESISTANT:NEGATIVE_LOF_REVIEWED;NEGATIVE:PENDING::,,R,excluded,,excluded_uncertain_g3_or_unmapped_grade,,,,
1117,Bedaquiline,Rv0678,p.Leu40Met,missense_variant,G3,,3) Uncertain significance,protein_substitution,,primary,,excluded,,excluded_uncertain_g3_or_unmapped_grade,2,FAILED|PENDING,,NEGATIVE:FAILED::;NEGATIVE:PENDING::,,,excluded,,excluded_uncertain_g3_or_unmapped_grade,,,,
1118,Bedaquiline,Rv0678,p.Leu40Phe,missense_variant,G3,,3) Uncertain significance,protein_substitution,,primary,,excluded,,excluded_uncertain_g3_or_unmapped_grade,4,FAILED|PENDING,,NEGATIVE:FAILED::;NEGATIVE:FAILED::;NEGATIVE:PENDING::;+1_more,,,excluded,,excluded_uncertain_g3_or_unmapped_grade,,,,
1119,Bedaquiline,Rv0678,p.Leu40Ser,missense_variant,G3,,3) Uncertain significance,protein_substitution,,primary,R,excluded,,excluded_uncertain_g3_or_unmapped_grade,2,LOSS_OF_FUNCTION|PENDING,NEGATIVE_LOF_REVIEWED,NEGATIVE:LOSS_OF_FUNCTION:RESISTANT:NEGATIVE_LOF_REVIEWED;NEGATIVE:PENDING::,,R,excluded,,excluded_uncertain_g3_or_unmapped_grade,,,,
1120,Bedaquiline,Rv0678,p.Leu40Val,missense_variant,G3,,3) Uncertain significance,protein_substitution,,primary,R,excluded,,excluded_uncertain_g3_or_unmapped_grade,2,LOSS_OF_FUNCTION|PENDING,NEGATIVE_LOF_REVIEWED,NEGATIVE:LOSS_OF_FUNCTION:RESISTANT:NEGATIVE_LOF_REVIEWED;NEGATIVE:PENDING::,,R,excluded,,excluded_uncertain_g3_or_unmapped_grade,,,,
1121,Bedaquiline,Rv0678,p.Leu43fs,frameshift,G2,R,2) Assoc w R - Interim,frameshift,true,primary,R,consequence_inferred,true,,0,,NEGATIVE_LOF_SIGNATURE,no_direct_final_rs_record;inferred_from_frameshift_as_loss_of_function;logic_type=NEGATIVE,true,,unmatched,false,unsupported_non_snp_variant,catalogue_consequence_inferred,loss_of_function,LOSS_OF_FUNCTION,NEGATIVE
1122,Bedaquiline,Rv0678,p.Leu44fs,frameshift,G2,R,2) Assoc w R - Interim,frameshift,true,primary,R,consequence_inferred,true,,0,,NEGATIVE_LOF_SIGNATURE,no_direct_final_rs_record;inferred_from_frameshift_as_loss_of_function;logic_type=NEGATIVE,true,,unmatched,false,unsupported_non_snp_variant,catalogue_consequence_inferred,loss_of_function,LOSS_OF_FUNCTION,NEGATIVE
1123,Bedaquiline,Rv0678,p.Leu56fs,frameshift,G2,R,2) Assoc w R - Interim,frameshift,true,primary,R,consequence_inferred,true,,0,,NEGATIVE_LOF_SIGNATURE,no_direct_final_rs_record;inferred_from_frameshift_as_loss_of_function;logic_type=NEGATIVE,true,,unmatched,false,unsupported_non_snp_variant,catalogue_consequence_inferred,loss_of_function,LOSS_OF_FUNCTION,NEGATIVE
1124,Bedaquiline,Rv0678,p.Leu56Pro,missense_variant,G3,,3) Uncertain significance,protein_substitution,,primary,R,excluded,,excluded_uncertain_g3_or_unmapped_grade,2,LOSS_OF_FUNCTION|PENDING,NEGATIVE_LOF_REVIEWED,NEGATIVE:LOSS_OF_FUNCTION:RESISTANT:NEGATIVE_LOF_REVIEWED;NEGATIVE:PENDING::,,R,excluded,,excluded_uncertain_g3_or_unmapped_grade,,,,
1125,Bedaquiline,Rv0678,p.Leu60Gln,missense_variant,G3,,3) Uncertain significance,protein_substitution,,primary,R,excluded,,excluded_uncertain_g3_or_unmapped_grade,2,LOSS_OF_FUNCTION|PENDING,NEGATIVE_LOF_REVIEWED,NEGATIVE:LOSS_OF_FUNCTION:RESISTANT:NEGATIVE_LOF_REVIEWED;NEGATIVE:PENDING::,,R,excluded,,excluded_uncertain_g3_or_unmapped_grade,,,,
1126,Bedaquiline,Rv0678,p.Leu60Pro,missense_variant,G3,,3) Uncertain significance,protein_substitution,,primary,R,excluded,,excluded_uncertain_g3_or_unmapped_grade,2,LOSS_OF_FUNCTION|PENDING,NEGATIVE_LOF_REVIEWED,NEGATIVE:LOSS_OF_FUNCTION:RESISTANT:NEGATIVE_LOF_REVIEWED;NEGATIVE:PENDING::,,R,excluded,,excluded_uncertain_g3_or_unmapped_grade,,,,
1127,Bedaquiline,Rv0678,p.Leu74Met,missense_variant,G3,,3) Uncertain significance,protein_substitution,,primary,,excluded,,excluded_uncertain_g3_or_unmapped_grade,2,FAILED|PENDING,ANALYSIS_FAILED,NEGATIVE:FAILED:UNKNOWN:ANALYSIS_FAILED;NEGATIVE:PENDING::,,,excluded,,excluded_uncertain_g3_or_unmapped_grade,,,,
1128,Bedaquiline,Rv0678,p.Leu83fs,frameshift,G2,R,2) Assoc w R - Interim,frameshift,true,primary,R,consequence_inferred,true,,0,,NEGATIVE_LOF_SIGNATURE,no_direct_final_rs_record;inferred_from_frameshift_as_loss_of_function;logic_type=NEGATIVE,true,,unmatched,false,unsupported_non_snp_variant,catalogue_consequence_inferred,loss_of_function,LOSS_OF_FUNCTION,NEGATIVE
1129,Bedaquiline,Rv0678,p.Leu83His,missense_variant,G3,,3) Uncertain significance,protein_substitution,,primary,,excluded,,excluded_uncertain_g3_or_unmapped_grade,2,FAILED|PENDING,,NEGATIVE:FAILED::;NEGATIVE:PENDING::,,,excluded,,excluded_uncertain_g3_or_unmapped_grade,,,,
1130,Bedaquiline,Rv0678,p.Leu83Pro,missense_variant,G3,,3) Uncertain significance,protein_substitution,,primary,,excluded,,excluded_uncertain_g3_or_unmapped_grade,2,FAILED|PENDING,ANALYSIS_FAILED,NEGATIVE:FAILED:UNKNOWN:ANALYSIS_FAILED;NEGATIVE:PENDING::,,,excluded,,excluded_uncertain_g3_or_unmapped_grade,,,,
1131,Bedaquiline,Rv0678,p.Leu95Ser,missense_variant,G3,,3) Uncertain significance,protein_substitution,,primary,,excluded,,excluded_uncertain_g3_or_unmapped_grade,2,FAILED|PENDING,ANALYSIS_FAILED,NEGATIVE:FAILED:UNKNOWN:ANALYSIS_FAILED;NEGATIVE:PENDING::,,,excluded,,excluded_uncertain_g3_or_unmapped_grade,,,,
1132,Bedaquiline,Rv0678,p.Met1?,start_lost,G2,R,2) Assoc w R - Interim,start_lost,true,primary,R,consequence_inferred,true,,0,,NEGATIVE_LOF_SIGNATURE,no_direct_final_rs_record;inferred_from_start_lost_as_loss_of_function;logic_type=NEGATIVE,true,,unmatched,false,unsupported_non_snp_variant,catalogue_consequence_inferred,loss_of_function,LOSS_OF_FUNCTION,NEGATIVE
1133,Bedaquiline,Rv0678,p.Met10fs,frameshift,G2,R,2) Assoc w R - Interim,frameshift,true,primary,R,consequence_inferred,true,,0,,NEGATIVE_LOF_SIGNATURE,no_direct_final_rs_record;inferred_from_frameshift_as_loss_of_function;logic_type=NEGATIVE,true,,unmatched,false,unsupported_non_snp_variant,catalogue_consequence_inferred,loss_of_function,LOSS_OF_FUNCTION,NEGATIVE
1134,Bedaquiline,Rv0678,p.Met10Ile,missense_variant,G3,,3) Uncertain significance,start_lost,,primary,,excluded,,excluded_uncertain_g3_or_unmapped_grade,6,FAILED|PENDING,,NEGATIVE:FAILED::;NEGATIVE:FAILED::;NEGATIVE:FAILED::;+3_more,,,excluded,,excluded_uncertain_g3_or_unmapped_grade,,,,
1135,Bedaquiline,Rv0678,p.Met111fs,frameshift,G2,R,2) Assoc w R - Interim,frameshift,true,primary,R,consequence_inferred,true,,0,,NEGATIVE_LOF_SIGNATURE,no_direct_final_rs_record;inferred_from_frameshift_as_loss_of_function;logic_type=NEGATIVE,true,,unmatched,false,unsupported_non_snp_variant,catalogue_consequence_inferred,loss_of_function,LOSS_OF_FUNCTION,NEGATIVE
1136,Bedaquiline,Rv0678,p.Met139Ile,missense_variant,G3,,3) Uncertain significance,start_lost,,primary,,excluded,,excluded_uncertain_g3_or_unmapped_grade,6,FAILED|PENDING,ANALYSIS_FAILED,NEGATIVE:FAILED:UNKNOWN:ANALYSIS_FAILED;NEGATIVE:FAILED::;NEGATIVE:FAILED:UNKNOWN:ANALYSIS_FAILED;+3_more,,,excluded,,excluded_uncertain_g3_or_unmapped_grade,,,,
1137,Bedaquiline,Rv0678,p.Met139Thr,missense_variant,G3,,3) Uncertain significance,start_lost,,primary,,excluded,,excluded_uncertain_g3_or_unmapped_grade,2,FAILED|PENDING,ANALYSIS_FAILED,NEGATIVE:FAILED:UNKNOWN:ANALYSIS_FAILED;NEGATIVE:PENDING::,,,excluded,,excluded_uncertain_g3_or_unmapped_grade,,,,
1138,Bedaquiline,Rv0678,p.Met146fs,frameshift,G2,R,2) Assoc w R - Interim,frameshift,true,primary,R,consequence_inferred,true,,0,,NEGATIVE_LOF_SIGNATURE,no_direct_final_rs_record;inferred_from_frameshift_as_loss_of_function;logic_type=NEGATIVE,true,,unmatched,false,unsupported_non_snp_variant,catalogue_consequence_inferred,loss_of_function,LOSS_OF_FUNCTION,NEGATIVE
1139,Bedaquiline,Rv0678,p.Met146Thr,missense_variant,G2,R,2) Assoc w R - Interim,start_lost,true,primary,R,matched_final,true,,2,LOSS_OF_FUNCTION|PENDING,NEGATIVE_LOF_REVIEWED,NEGATIVE:LOSS_OF_FUNCTION:RESISTANT:NEGATIVE_LOF_REVIEWED;NEGATIVE:PENDING::,true,R,matched_final,true,,direct_record_match,,,
1140,Bedaquiline,Rv0678,p.Met17Val,missense_variant,G3,,3) Uncertain significance,start_lost,,primary,,excluded,,excluded_uncertain_g3_or_unmapped_grade,2,FAILED|PENDING,,NEGATIVE:FAILED::;NEGATIVE:PENDING::,,,excluded,,excluded_uncertain_g3_or_unmapped_grade,,,,
1141,Bedaquiline,Rv0678,p.Met23Leu,missense_variant,G3,,3) Uncertain significance,protein_substitution,,primary,,excluded,,excluded_uncertain_g3_or_unmapped_grade,4,FAILED|PENDING,,NEGATIVE:FAILED::;NEGATIVE:FAILED::;NEGATIVE:PENDING::;+1_more,,,excluded,,excluded_uncertain_g3_or_unmapped_grade,,,,
1142,Bedaquiline,Rv0678,p.Met23Val,missense_variant,G3,,3) Uncertain significance,protein_substitution,,primary,,excluded,,excluded_uncertain_g3_or_unmapped_grade,2,FAILED|PENDING,,NEGATIVE:FAILED::;NEGATIVE:PENDING::,,,excluded,,excluded_uncertain_g3_or_unmapped_grade,,,,
1143,Bedaquiline,Rv0678,p.Met73Ile,missense_variant,G3,,3) Uncertain significance,protein_substitution,,primary,,excluded,,excluded_uncertain_g3_or_unmapped_grade,6,FAILED|PENDING,,NEGATIVE:FAILED::;NEGATIVE:FAILED::;NEGATIVE:FAILED::;+3_more,,,excluded,,excluded_uncertain_g3_or_unmapped_grade,,,,
1144,Bedaquiline,Rv0678,p.Phe100Ile,missense_variant,G3,,3) Uncertain significance,protein_substitution,,primary,,excluded,,excluded_uncertain_g3_or_unmapped_grade,2,FAILED|PENDING,ANALYSIS_FAILED,NEGATIVE:FAILED:UNKNOWN:ANALYSIS_FAILED;NEGATIVE:PENDING::,,,excluded,,excluded_uncertain_g3_or_unmapped_grade,,,,
1145,Bedaquiline,Rv0678,p.Phe19Leu,missense_variant,G3,,3) Uncertain significance,protein_substitution,,primary,,excluded,,excluded_uncertain_g3_or_unmapped_grade,6,FAILED|PENDING,ANALYSIS_FAILED,NEGATIVE:FAILED::;NEGATIVE:FAILED:UNKNOWN:ANALYSIS_FAILED;NEGATIVE:FAILED::;+3_more,,,excluded,,excluded_uncertain_g3_or_unmapped_grade,,,,
1146,Bedaquiline,Rv0678,p.Phe19Ser,missense_variant,G3,,3) Uncertain significance,protein_substitution,,primary,,excluded,,excluded_uncertain_g3_or_unmapped_grade,2,FAILED|PENDING,ANALYSIS_FAILED,NEGATIVE:FAILED:UNKNOWN:ANALYSIS_FAILED;NEGATIVE:PENDING::,,,excluded,,excluded_uncertain_g3_or_unmapped_grade,,,,
1147,Bedaquiline,Rv0678,p.Phe79Leu,missense_variant,G3,,3) Uncertain significance,protein_substitution,,primary,,excluded,,excluded_uncertain_g3_or_unmapped_grade,6,FAILED|PENDING,,NEGATIVE:FAILED::;NEGATIVE:FAILED::;NEGATIVE:FAILED::;+3_more,,,excluded,,excluded_uncertain_g3_or_unmapped_grade,,,,
1148,Bedaquiline,Rv0678,p.Phe93Leu,missense_variant,G3,,3) Uncertain significance,protein_substitution,,primary,R,excluded,,excluded_uncertain_g3_or_unmapped_grade,6,LOSS_OF_FUNCTION|PENDING,NEGATIVE_LOF_REVIEWED,NEGATIVE:LOSS_OF_FUNCTION:RESISTANT:NEGATIVE_LOF_REVIEWED;NEGATIVE:LOSS_OF_FUNCTION:RESISTANT:NEGATIVE_LOF_REVIEWED;NEGATIVE:LOSS_OF_FUNCTION:RESISTANT:NEGATIVE_LOF_REVIEWED;+3_more,,R,excluded,,excluded_uncertain_g3_or_unmapped_grade,,,,
1149,Bedaquiline,Rv0678,p.Phe93Ser,missense_variant,G3,,3) Uncertain significance,protein_substitution,,primary,R,excluded,,excluded_uncertain_g3_or_unmapped_grade,2,LOSS_OF_FUNCTION|PENDING,NEGATIVE_LOF_REVIEWED,NEGATIVE:LOSS_OF_FUNCTION:RESISTANT:NEGATIVE_LOF_REVIEWED;NEGATIVE:PENDING::,,R,excluded,,excluded_uncertain_g3_or_unmapped_grade,,,,
1150,Bedaquiline,Rv0678,p.Pro129fs,frameshift,G2,R,2) Assoc w R - Interim,frameshift,true,primary,R,consequence_inferred,true,,0,,NEGATIVE_LOF_SIGNATURE,no_direct_final_rs_record;inferred_from_frameshift_as_loss_of_function;logic_type=NEGATIVE,true,,unmatched,false,unsupported_non_snp_variant,catalogue_consequence_inferred,loss_of_function,LOSS_OF_FUNCTION,NEGATIVE
1151,Bedaquiline,Rv0678,p.Pro14Leu,missense_variant,G3,,3) Uncertain significance,protein_substitution,,primary,,excluded,,excluded_uncertain_g3_or_unmapped_grade,2,FAILED|PENDING,ANALYSIS_FAILED,NEGATIVE:FAILED:UNKNOWN:ANALYSIS_FAILED;NEGATIVE:PENDING::,,,excluded,,excluded_uncertain_g3_or_unmapped_grade,,,,
1152,Bedaquiline,Rv0678,p.Pro14Ser,missense_variant,G3,,3) Uncertain significance,protein_substitution,,primary,,excluded,,excluded_uncertain_g3_or_unmapped_grade,2,FAILED|PENDING,,NEGATIVE:FAILED::;NEGATIVE:PENDING::,,,excluded,,excluded_uncertain_g3_or_unmapped_grade,,,,
1153,Bedaquiline,Rv0678,p.Pro48fs,frameshift,G2,R,2) Assoc w R - Interim,frameshift,true,primary,R,consequence_inferred,true,,0,,NEGATIVE_LOF_SIGNATURE,no_direct_final_rs_record;inferred_from_frameshift_as_loss_of_function;logic_type=NEGATIVE,true,,unmatched,false,unsupported_non_snp_variant,catalogue_consequence_inferred,loss_of_function,LOSS_OF_FUNCTION,NEGATIVE
1154,Bedaquiline,Rv0678,p.Pro48Leu,missense_variant,G3,,3) Uncertain significance,protein_substitution,,primary,R,excluded,,excluded_uncertain_g3_or_unmapped_grade,2,LOSS_OF_FUNCTION|PENDING,NEGATIVE_LOF_REVIEWED,NEGATIVE:LOSS_OF_FUNCTION:RESISTANT:NEGATIVE_LOF_REVIEWED;NEGATIVE:PENDING::,,R,excluded,,excluded_uncertain_g3_or_unmapped_grade,,,,
1155,Bedaquiline,Rv0678,p.Ser151Pro,missense_variant,G3,,3) Uncertain significance,protein_substitution,,primary,,excluded,,excluded_uncertain_g3_or_unmapped_grade,2,FAILED|PENDING,,NEGATIVE:FAILED::;NEGATIVE:PENDING::,,,excluded,,excluded_uncertain_g3_or_unmapped_grade,,,,
1156,Bedaquiline,Rv0678,p.Ser158Arg,missense_variant,G3,,3) Uncertain significance,protein_substitution,,primary,,excluded,,excluded_uncertain_g3_or_unmapped_grade,6,FAILED|PENDING,,NEGATIVE:FAILED::;NEGATIVE:FAILED::;NEGATIVE:FAILED::;+3_more,,,excluded,,excluded_uncertain_g3_or_unmapped_grade,,,,
1157,Bedaquiline,Rv0678,p.Ser2Arg,missense_variant,G3,,3) Uncertain significance,protein_substitution,,primary,,excluded,,excluded_uncertain_g3_or_unmapped_grade,6,FAILED|PENDING,ANALYSIS_FAILED,NEGATIVE:FAILED:UNKNOWN:ANALYSIS_FAILED;NEGATIVE:FAILED::;NEGATIVE:FAILED::;+3_more,,,excluded,,excluded_uncertain_g3_or_unmapped_grade,,,,
1158,Bedaquiline,Rv0678,p.Ser2Ile,missense_variant,G3,,3) Uncertain significance,protein_substitution,,primary,,excluded,,excluded_uncertain_g3_or_unmapped_grade,2,FAILED|PENDING,ANALYSIS_FAILED,NEGATIVE:FAILED:UNKNOWN:ANALYSIS_FAILED;NEGATIVE:PENDING::,,,excluded,,excluded_uncertain_g3_or_unmapped_grade,,,,
1159,Bedaquiline,Rv0678,p.Ser31Gly,missense_variant,G3,,3) Uncertain significance,protein_substitution,,primary,,excluded,,excluded_uncertain_g3_or_unmapped_grade,2,FAILED|PENDING,,NEGATIVE:FAILED::;NEGATIVE:PENDING::,,,excluded,,excluded_uncertain_g3_or_unmapped_grade,,,,
1160,Bedaquiline,Rv0678,p.Ser52Phe,missense_variant,G3,,3) Uncertain significance,protein_substitution,,primary,R,excluded,,excluded_uncertain_g3_or_unmapped_grade,2,LOSS_OF_FUNCTION|PENDING,NEGATIVE_LOF_REVIEWED,NEGATIVE:LOSS_OF_FUNCTION:RESISTANT:NEGATIVE_LOF_REVIEWED;NEGATIVE:PENDING::,,R,excluded,,excluded_uncertain_g3_or_unmapped_grade,,,,
1161,Bedaquiline,Rv0678,p.Ser52Pro,missense_variant,G3,,3) Uncertain significance,protein_substitution,,primary,R,excluded,,excluded_uncertain_g3_or_unmapped_grade,2,LOSS_OF_FUNCTION|PENDING,NEGATIVE_LOF_REVIEWED,NEGATIVE:LOSS_OF_FUNCTION:RESISTANT:NEGATIVE_LOF_REVIEWED;NEGATIVE:PENDING::,,R,excluded,,excluded_uncertain_g3_or_unmapped_grade,,,,
1162,Bedaquiline,Rv0678,p.Ser52Tyr,missense_variant,G3,,3) Uncertain significance,protein_substitution,,primary,R,excluded,,excluded_uncertain_g3_or_unmapped_grade,2,LOSS_OF_FUNCTION|PENDING,NEGATIVE_LOF_REVIEWED,NEGATIVE:LOSS_OF_FUNCTION:RESISTANT:NEGATIVE_LOF_REVIEWED;NEGATIVE:PENDING::,,R,excluded,,excluded_uncertain_g3_or_unmapped_grade,,,,
1163,Bedaquiline,Rv0678,p.Ser53Leu,missense_variant,G3,,3) Uncertain significance,protein_substitution,,primary,,excluded,,excluded_uncertain_g3_or_unmapped_grade,2,FAILED|PENDING,ANALYSIS_FAILED,NEGATIVE:FAILED:UNKNOWN:ANALYSIS_FAILED;NEGATIVE:PENDING::,,,excluded,,excluded_uncertain_g3_or_unmapped_grade,,,,
1164,Bedaquiline,Rv0678,p.Ser53Pro,missense_variant,G3,,3) Uncertain significance,protein_substitution,,primary,,excluded,,excluded_uncertain_g3_or_unmapped_grade,2,FAILED|PENDING,ANALYSIS_FAILED,NEGATIVE:FAILED:UNKNOWN:ANALYSIS_FAILED;NEGATIVE:PENDING::,,,excluded,,excluded_uncertain_g3_or_unmapped_grade,,,,
1165,Bedaquiline,Rv0678,p.Ser53*,stop_gained,G2,R,2) Assoc w R - Interim,nonsense,true,primary,R,matched_final,true,,2,LOSS_OF_FUNCTION|PENDING,NEGATIVE_LOF_SIGNATURE,NEGATIVE:LOSS_OF_FUNCTION:RESISTANT:NEGATIVE_LOF_SIGNATURE;NEGATIVE:PENDING::,true,R,matched_final,true,,direct_record_match,,,
1166,Bedaquiline,Rv0678,p.Ser63Arg,missense_variant,G3,,3) Uncertain significance,protein_substitution,,primary,R,excluded,,excluded_uncertain_g3_or_unmapped_grade,6,LOSS_OF_FUNCTION|PENDING,NEGATIVE_LOF_REVIEWED,NEGATIVE:LOSS_OF_FUNCTION:RESISTANT:NEGATIVE_LOF_REVIEWED;NEGATIVE:LOSS_OF_FUNCTION:RESISTANT:NEGATIVE_LOF_REVIEWED;NEGATIVE:LOSS_OF_FUNCTION:RESISTANT:NEGATIVE_LOF_REVIEWED;+3_more,,R,excluded,,excluded_uncertain_g3_or_unmapped_grade,,,,
1167,Bedaquiline,Rv0678,p.Ser63Gly,missense_variant,G3,,3) Uncertain significance,protein_substitution,,primary,R,excluded,,excluded_uncertain_g3_or_unmapped_grade,2,LOSS_OF_FUNCTION|PENDING,NEGATIVE_LOF_REVIEWED,NEGATIVE:LOSS_OF_FUNCTION:RESISTANT:NEGATIVE_LOF_REVIEWED;NEGATIVE:PENDING::,,R,excluded,,excluded_uncertain_g3_or_unmapped_grade,,,,
1168,Bedaquiline,Rv0678,p.Ser64Ile,missense_variant,G3,,3) Uncertain significance,protein_substitution,,primary,R,excluded,,excluded_uncertain_g3_or_unmapped_grade,2,LOSS_OF_FUNCTION|PENDING,NEGATIVE_LOF_REVIEWED,NEGATIVE:LOSS_OF_FUNCTION:RESISTANT:NEGATIVE_LOF_REVIEWED;NEGATIVE:PENDING::,,R,excluded,,excluded_uncertain_g3_or_unmapped_grade,,,,
1169,Bedaquiline,Rv0678,p.Ser68Asn,missense_variant,G3,,3) Uncertain significance,protein_substitution,,primary,R,excluded,,excluded_uncertain_g3_or_unmapped_grade,2,LOSS_OF_FUNCTION|PENDING,NEGATIVE_LOF_REVIEWED,NEGATIVE:LOSS_OF_FUNCTION:RESISTANT:NEGATIVE_LOF_REVIEWED;NEGATIVE:PENDING::,,R,excluded,,excluded_uncertain_g3_or_unmapped_grade,,,,
1170,Bedaquiline,Rv0678,p.Ser68fs,frameshift,G2,R,2) Assoc w R - Interim,frameshift,true,primary,R,consequence_inferred,true,,0,,NEGATIVE_LOF_SIGNATURE,no_direct_final_rs_record;inferred_from_frameshift_as_loss_of_function;logic_type=NEGATIVE,true,,unmatched,false,unsupported_non_snp_variant,catalogue_consequence_inferred,loss_of_function,LOSS_OF_FUNCTION,NEGATIVE
1171,Bedaquiline,Rv0678,p.Ser68Gly,missense_variant,G3,,3) Uncertain significance,protein_substitution,,primary,R,excluded,,excluded_uncertain_g3_or_unmapped_grade,2,LOSS_OF_FUNCTION|PENDING,NEGATIVE_LOF_REVIEWED,NEGATIVE:LOSS_OF_FUNCTION:RESISTANT:NEGATIVE_LOF_REVIEWED;NEGATIVE:PENDING::,,R,excluded,,excluded_uncertain_g3_or_unmapped_grade,,,,
1172,Bedaquiline,Rv0678,p.Ser68Ile,missense_variant,G3,,3) Uncertain significance,protein_substitution,,primary,R,excluded,,excluded_uncertain_g3_or_unmapped_grade,2,LOSS_OF_FUNCTION|PENDING,NEGATIVE_LOF_REVIEWED,NEGATIVE:LOSS_OF_FUNCTION:RESISTANT:NEGATIVE_LOF_REVIEWED;NEGATIVE:PENDING::,,R,excluded,,excluded_uncertain_g3_or_unmapped_grade,,,,
1173,Bedaquiline,Rv0678,p.Ter166Argext*?,stop_lost,G3,,3) Uncertain significance,start_lost,,primary,,excluded,,excluded_uncertain_g3_or_unmapped_grade,0,,,,,,excluded,,excluded_uncertain_g3_or_unmapped_grade,,,,
1174,Bedaquiline,Rv0678,p.Thr33Ile,missense_variant,G3,,3) Uncertain significance,protein_substitution,,primary,R,excluded,,excluded_uncertain_g3_or_unmapped_grade,2,LOSS_OF_FUNCTION|PENDING,NEGATIVE_LOF_REVIEWED,NEGATIVE:LOSS_OF_FUNCTION:RESISTANT:NEGATIVE_LOF_REVIEWED;NEGATIVE:PENDING::,,R,excluded,,excluded_uncertain_g3_or_unmapped_grade,,,,
1175,Bedaquiline,Rv0678,p.Thr58Pro,missense_variant,G3,,3) Uncertain significance,protein_substitution,,primary,R,excluded,,excluded_uncertain_g3_or_unmapped_grade,2,LOSS_OF_FUNCTION|PENDING,NEGATIVE_LOF_REVIEWED,NEGATIVE:LOSS_OF_FUNCTION:RESISTANT:NEGATIVE_LOF_REVIEWED;NEGATIVE:PENDING::,,R,excluded,,excluded_uncertain_g3_or_unmapped_grade,,,,
1176,Bedaquiline,Rv0678,p.Thr69fs,frameshift,G2,R,2) Assoc w R - Interim,frameshift,true,primary,R,consequence_inferred,true,,0,,NEGATIVE_LOF_SIGNATURE,no_direct_final_rs_record;inferred_from_frameshift_as_loss_of_function;logic_type=NEGATIVE,true,,unmatched,false,unsupported_non_snp_variant,catalogue_consequence_inferred,loss_of_function,LOSS_OF_FUNCTION,NEGATIVE
1177,Bedaquiline,Rv0678,p.Thr69Pro,missense_variant,G3,,3) Uncertain significance,protein_substitution,,primary,R,excluded,,excluded_uncertain_g3_or_unmapped_grade,2,LOSS_OF_FUNCTION|PENDING,NEGATIVE_LOF_REVIEWED,NEGATIVE:LOSS_OF_FUNCTION:RESISTANT:NEGATIVE_LOF_REVIEWED;NEGATIVE:PENDING::,,R,excluded,,excluded_uncertain_g3_or_unmapped_grade,,,,
1178,Bedaquiline,Rv0678,p.Thr91Ile,missense_variant,G3,,3) Uncertain significance,protein_substitution,,primary,,excluded,,excluded_uncertain_g3_or_unmapped_grade,2,FAILED|PENDING,ANALYSIS_FAILED,NEGATIVE:FAILED:UNKNOWN:ANALYSIS_FAILED;NEGATIVE:PENDING::,,,excluded,,excluded_uncertain_g3_or_unmapped_grade,,,,
1179,Bedaquiline,Rv0678,p.Trp42Arg,missense_variant,G3,,3) Uncertain significance,protein_substitution,,primary,R,excluded,,excluded_uncertain_g3_or_unmapped_grade,4,LOSS_OF_FUNCTION|PENDING,NEGATIVE_LOF_REVIEWED,NEGATIVE:LOSS_OF_FUNCTION:RESISTANT:NEGATIVE_LOF_REVIEWED;NEGATIVE:LOSS_OF_FUNCTION:RESISTANT:NEGATIVE_LOF_REVIEWED;NEGATIVE:PENDING::;+1_more,,R,excluded,,excluded_uncertain_g3_or_unmapped_grade,,,,
1180,Bedaquiline,Rv0678,p.Trp42fs,frameshift,G2,R,2) Assoc w R - Interim,frameshift,true,primary,R,consequence_inferred,true,,0,,NEGATIVE_LOF_SIGNATURE,no_direct_final_rs_record;inferred_from_frameshift_as_loss_of_function;logic_type=NEGATIVE,true,,unmatched,false,unsupported_non_snp_variant,catalogue_consequence_inferred,loss_of_function,LOSS_OF_FUNCTION,NEGATIVE
1181,Bedaquiline,Rv0678,p.Trp42*,stop_gained,G2,R,2) Assoc w R - Interim,nonsense,true,primary,R,matched_final,true,,4,LOSS_OF_FUNCTION|PENDING,NEGATIVE_LOF_SIGNATURE,NEGATIVE:LOSS_OF_FUNCTION:RESISTANT:NEGATIVE_LOF_SIGNATURE;NEGATIVE:LOSS_OF_FUNCTION:RESISTANT:NEGATIVE_LOF_SIGNATURE;NEGATIVE:PENDING::;+1_more,true,R,matched_final,true,,direct_record_match,,,
1182,Bedaquiline,Rv0678,p.Tyr145fs,frameshift,G2,R,2) Assoc w R - Interim,frameshift,true,primary,R,consequence_inferred,true,,0,,NEGATIVE_LOF_SIGNATURE,no_direct_final_rs_record;inferred_from_frameshift_as_loss_of_function;logic_type=NEGATIVE,true,,unmatched,false,unsupported_non_snp_variant,catalogue_consequence_inferred,loss_of_function,LOSS_OF_FUNCTION,NEGATIVE
1183,Bedaquiline,Rv0678,p.Tyr145His,missense_variant,G3,,3) Uncertain significance,protein_substitution,,primary,,excluded,,excluded_uncertain_g3_or_unmapped_grade,2,FAILED|PENDING,,NEGATIVE:FAILED::;NEGATIVE:PENDING::,,,excluded,,excluded_uncertain_g3_or_unmapped_grade,,,,
1184,Bedaquiline,Rv0678,p.Tyr145*,stop_gained,G2,R,2) Assoc w R - Interim,nonsense,true,primary,R,matched_final,true,,4,LOSS_OF_FUNCTION|PENDING,NEGATIVE_LOF_SIGNATURE,NEGATIVE:LOSS_OF_FUNCTION:RESISTANT:NEGATIVE_LOF_SIGNATURE;NEGATIVE:LOSS_OF_FUNCTION:RESISTANT:NEGATIVE_LOF_SIGNATURE;NEGATIVE:PENDING::;+1_more,true,R,matched_final,true,,direct_record_match,,,
1185,Bedaquiline,Rv0678,p.Tyr157fs,frameshift,G2,R,2) Assoc w R - Interim,frameshift,true,primary,R,consequence_inferred,true,,0,,NEGATIVE_LOF_SIGNATURE,no_direct_final_rs_record;inferred_from_frameshift_as_loss_of_function;logic_type=NEGATIVE,true,,unmatched,false,unsupported_non_snp_variant,catalogue_consequence_inferred,loss_of_function,LOSS_OF_FUNCTION,NEGATIVE
1186,Bedaquiline,Rv0678,p.Tyr157Ser,missense_variant,G3,,3) Uncertain significance,protein_substitution,,primary,,excluded,,excluded_uncertain_g3_or_unmapped_grade,2,FAILED|PENDING,,NEGATIVE:FAILED::;NEGATIVE:PENDING::,,,excluded,,excluded_uncertain_g3_or_unmapped_grade,,,,
1187,Bedaquiline,Rv0678,p.Tyr157*,stop_gained,G2,R,2) Assoc w R - Interim,nonsense,true,primary,R,matched_final,true,,4,LOSS_OF_FUNCTION|PENDING,NEGATIVE_LOF_SIGNATURE,NEGATIVE:LOSS_OF_FUNCTION:RESISTANT:NEGATIVE_LOF_SIGNATURE;NEGATIVE:LOSS_OF_FUNCTION:RESISTANT:NEGATIVE_LOF_SIGNATURE;NEGATIVE:PENDING::;+1_more,true,R,matched_final,true,,direct_record_match,,,
1188,Bedaquiline,Rv0678,p.Tyr26Asp,missense_variant,G3,,3) Uncertain significance,protein_substitution,,primary,R,excluded,,excluded_uncertain_g3_or_unmapped_grade,2,LOSS_OF_FUNCTION|PENDING,NEGATIVE_LOF_REVIEWED,NEGATIVE:LOSS_OF_FUNCTION:RESISTANT:NEGATIVE_LOF_REVIEWED;NEGATIVE:PENDING::,,R,excluded,,excluded_uncertain_g3_or_unmapped_grade,,,,
1189,Bedaquiline,Rv0678,p.Tyr26Cys,missense_variant,G3,,3) Uncertain significance,protein_substitution,,primary,R,excluded,,excluded_uncertain_g3_or_unmapped_grade,2,LOSS_OF_FUNCTION|PENDING,NEGATIVE_LOF_REVIEWED,NEGATIVE:LOSS_OF_FUNCTION:RESISTANT:NEGATIVE_LOF_REVIEWED;NEGATIVE:PENDING::,,R,excluded,,excluded_uncertain_g3_or_unmapped_grade,,,,
1190,Bedaquiline,Rv0678,p.Tyr26His,missense_variant,G3,,3) Uncertain significance,protein_substitution,,primary,R,excluded,,excluded_uncertain_g3_or_unmapped_grade,2,LOSS_OF_FUNCTION|PENDING,NEGATIVE_LOF_REVIEWED,NEGATIVE:LOSS_OF_FUNCTION:RESISTANT:NEGATIVE_LOF_REVIEWED;NEGATIVE:PENDING::,,R,excluded,,excluded_uncertain_g3_or_unmapped_grade,,,,
1191,Bedaquiline,Rv0678,p.Tyr92Cys,missense_variant,G3,,3) Uncertain significance,protein_substitution,,primary,R,excluded,,excluded_uncertain_g3_or_unmapped_grade,2,LOSS_OF_FUNCTION|PENDING,NEGATIVE_LOF_REVIEWED,NEGATIVE:LOSS_OF_FUNCTION:RESISTANT:NEGATIVE_LOF_REVIEWED;NEGATIVE:PENDING::,,R,excluded,,excluded_uncertain_g3_or_unmapped_grade,,,,
1192,Bedaquiline,Rv0678,p.Tyr92fs,frameshift,G2,R,2) Assoc w R - Interim,frameshift,true,primary,R,consequence_inferred,true,,0,,NEGATIVE_LOF_SIGNATURE,no_direct_final_rs_record;inferred_from_frameshift_as_loss_of_function;logic_type=NEGATIVE,true,,unmatched,false,unsupported_non_snp_variant,catalogue_consequence_inferred,loss_of_function,LOSS_OF_FUNCTION,NEGATIVE
1193,Bedaquiline,Rv0678,p.Tyr92*,stop_gained,G2,R,2) Assoc w R - Interim,nonsense,true,primary,R,matched_final,true,,4,LOSS_OF_FUNCTION|PENDING,NEGATIVE_LOF_SIGNATURE,NEGATIVE:LOSS_OF_FUNCTION:RESISTANT:NEGATIVE_LOF_SIGNATURE;NEGATIVE:LOSS_OF_FUNCTION:RESISTANT:NEGATIVE_LOF_SIGNATURE;NEGATIVE:PENDING::;+1_more,true,R,matched_final,true,,direct_record_match,,,
1194,Bedaquiline,Rv0678,p.Val120Met,missense_variant,G3,,3) Uncertain significance,protein_substitution,,primary,,excluded,,excluded_uncertain_g3_or_unmapped_grade,2,FAILED|PENDING,,NEGATIVE:FAILED::;NEGATIVE:PENDING::,,,excluded,,excluded_uncertain_g3_or_unmapped_grade,,,,
1195,Bedaquiline,Rv0678,p.Val20Ala,missense_variant,G3,,3) Uncertain significance,protein_substitution,,primary,,excluded,,excluded_uncertain_g3_or_unmapped_grade,2,FAILED|PENDING,,NEGATIVE:FAILED::;NEGATIVE:PENDING::,,,excluded,,excluded_uncertain_g3_or_unmapped_grade,,,,
1196,Bedaquiline,Rv0678,p.Val20Gly,missense_variant,G3,,3) Uncertain significance,protein_substitution,,primary,R,excluded,,excluded_uncertain_g3_or_unmapped_grade,2,LOSS_OF_FUNCTION|PENDING,NEGATIVE_LOF_REVIEWED,NEGATIVE:LOSS_OF_FUNCTION:RESISTANT:NEGATIVE_LOF_REVIEWED;NEGATIVE:PENDING::,,R,excluded,,excluded_uncertain_g3_or_unmapped_grade,,,,
1197,Bedaquiline,Rv0678,p.Val7del,inframe_deletion,G3,,3) Uncertain significance,indel,,primary,,excluded,,excluded_uncertain_g3_or_unmapped_grade,0,,,,,,excluded,,excluded_uncertain_g3_or_unmapped_grade,,,,
1198,Bedaquiline,Rv0678,p.Val7fs,frameshift,G2,R,2) Assoc w R - Interim,frameshift,true,primary,R,consequence_inferred,true,,0,,NEGATIVE_LOF_SIGNATURE,no_direct_final_rs_record;inferred_from_frameshift_as_loss_of_function;logic_type=NEGATIVE,true,,unmatched,false,unsupported_non_snp_variant,catalogue_consequence_inferred,loss_of_function,LOSS_OF_FUNCTION,NEGATIVE
1199,Bedaquiline,Rv0678,p.Val85Ala,missense_variant,G3,,3) Uncertain significance,protein_substitution,,primary,,excluded,,excluded_uncertain_g3_or_unmapped_grade,2,FAILED|PENDING,,NEGATIVE:FAILED::;NEGATIVE:PENDING::,,,excluded,,excluded_uncertain_g3_or_unmapped_grade,,,,
1200,Bedaquiline,Rv1979c,c.1006C>T,synonymous_variant,G4,S,4) Not assoc w R - Interim,snv,true,primary,S,matched_final,true,,2,COMPLETED,SYNONYMOUS_NO_PROTEIN_CHANGE,NEGATIVE:COMPLETED:SENSITIVE:SYNONYMOUS_NO_PROTEIN_CHANGE;NEGATIVE:COMPLETED:SENSITIVE:SYNONYMOUS_NO_PROTEIN_CHANGE,true,S,matched_final,true,,direct_record_match,,,
1201,Bedaquiline,Rv1979c,c.1035A>G,synonymous_variant,G4,S,4) Not assoc w R - Interim,snv,true,primary,S,matched_final,true,,2,COMPLETED,SYNONYMOUS_NO_PROTEIN_CHANGE,NEGATIVE:COMPLETED:SENSITIVE:SYNONYMOUS_NO_PROTEIN_CHANGE;NEGATIVE:COMPLETED:SENSITIVE:SYNONYMOUS_NO_PROTEIN_CHANGE,true,S,matched_final,true,,direct_record_match,,,
1202,Bedaquiline,Rv1979c,c.1041C>T,synonymous_variant,G4,S,4) Not assoc w R - Interim,snv,true,primary,S,matched_final,true,,2,COMPLETED,SYNONYMOUS_NO_PROTEIN_CHANGE,NEGATIVE:COMPLETED:SENSITIVE:SYNONYMOUS_NO_PROTEIN_CHANGE;NEGATIVE:COMPLETED:SENSITIVE:SYNONYMOUS_NO_PROTEIN_CHANGE,true,S,matched_final,true,,direct_record_match,,,
1203,Bedaquiline,Rv1979c,c.-106C>T,upstream_gene_variant,G3,,3) Uncertain significance,regulatory,,primary,S,excluded,,excluded_uncertain_g3_or_unmapped_grade,2,COMPLETED|PENDING,REGULATORY_SCENARIO_UNSUPPORTED,NEGATIVE:COMPLETED:UNKNOWN:REGULATORY_SCENARIO_UNSUPPORTED;NEGATIVE:PENDING::,,S,excluded,,excluded_uncertain_g3_or_unmapped_grade,,,,
1204,Bedaquiline,Rv1979c,c.-107G>A,upstream_gene_variant,G3,,3) Uncertain significance,regulatory,,primary,S,excluded,,excluded_uncertain_g3_or_unmapped_grade,2,COMPLETED|PENDING,REGULATORY_SCENARIO_UNSUPPORTED,NEGATIVE:COMPLETED:UNKNOWN:REGULATORY_SCENARIO_UNSUPPORTED;NEGATIVE:PENDING::,,S,excluded,,excluded_uncertain_g3_or_unmapped_grade,,,,
1205,Bedaquiline,Rv1979c,c.-10C>T,upstream_gene_variant,G3,,3) Uncertain significance,regulatory,,primary,S,excluded,,excluded_uncertain_g3_or_unmapped_grade,6,COMPLETED|PENDING,REGULATORY_SCENARIO_UNSUPPORTED,NEGATIVE:COMPLETED:UNKNOWN:REGULATORY_SCENARIO_UNSUPPORTED;NEGATIVE:PENDING::;NEGATIVE:COMPLETED:UNKNOWN:REGULATORY_SCENARIO_UNSUPPORTED;+3_more,,S,excluded,,excluded_uncertain_g3_or_unmapped_grade,,,,
1206,Bedaquiline,Rv1979c,c.1104G>T,synonymous_variant,G4,S,4) Not assoc w R - Interim,snv,true,primary,S,matched_final,true,,2,COMPLETED,SYNONYMOUS_NO_PROTEIN_CHANGE,NEGATIVE:COMPLETED:SENSITIVE:SYNONYMOUS_NO_PROTEIN_CHANGE;NEGATIVE:COMPLETED:SENSITIVE:SYNONYMOUS_NO_PROTEIN_CHANGE,true,S,matched_final,true,,direct_record_match,,,
1207,Bedaquiline,Rv1979c,c.-111delC,upstream_gene_variant,G3,,3) Uncertain significance,regulatory,,primary,,excluded,,excluded_uncertain_g3_or_unmapped_grade,0,,,,,,excluded,,excluded_uncertain_g3_or_unmapped_grade,,,,
1208,Bedaquiline,Rv1979c,c.1122G>A,synonymous_variant,G4,S,4) Not assoc w R - Interim,snv,true,primary,S,matched_final,true,,2,COMPLETED,SYNONYMOUS_NO_PROTEIN_CHANGE,NEGATIVE:COMPLETED:SENSITIVE:SYNONYMOUS_NO_PROTEIN_CHANGE;NEGATIVE:COMPLETED:SENSITIVE:SYNONYMOUS_NO_PROTEIN_CHANGE,true,S,matched_final,true,,direct_record_match,,,
1209,Bedaquiline,Rv1979c,c.1140C>T,synonymous_variant,G4,S,4) Not assoc w R - Interim,snv,true,primary,S,matched_final,true,,2,COMPLETED,SYNONYMOUS_NO_PROTEIN_CHANGE,NEGATIVE:COMPLETED:SENSITIVE:SYNONYMOUS_NO_PROTEIN_CHANGE;NEGATIVE:COMPLETED:SENSITIVE:SYNONYMOUS_NO_PROTEIN_CHANGE,true,S,matched_final,true,,direct_record_match,,,
1210,Bedaquiline,Rv1979c,c.-114G>A,upstream_gene_variant,G3,,3) Uncertain significance,regulatory,,primary,S,excluded,,excluded_uncertain_g3_or_unmapped_grade,2,COMPLETED|PENDING,REGULATORY_SCENARIO_UNSUPPORTED,NEGATIVE:COMPLETED:UNKNOWN:REGULATORY_SCENARIO_UNSUPPORTED;NEGATIVE:PENDING::,,S,excluded,,excluded_uncertain_g3_or_unmapped_grade,,,,
1211,Bedaquiline,Rv1979c,c.1176T>G,synonymous_variant,G4,S,4) Not assoc w R - Interim,snv,true,primary,S,matched_final,true,,2,COMPLETED,SYNONYMOUS_NO_PROTEIN_CHANGE,NEGATIVE:COMPLETED:SENSITIVE:SYNONYMOUS_NO_PROTEIN_CHANGE;NEGATIVE:COMPLETED:SENSITIVE:SYNONYMOUS_NO_PROTEIN_CHANGE,true,S,matched_final,true,,direct_record_match,,,
1212,Bedaquiline,Rv1979c,c.-120C>T,upstream_gene_variant,G3,,3) Uncertain significance,regulatory,,primary,S,excluded,,excluded_uncertain_g3_or_unmapped_grade,2,COMPLETED|PENDING,REGULATORY_SCENARIO_UNSUPPORTED,NEGATIVE:COMPLETED:UNKNOWN:REGULATORY_SCENARIO_UNSUPPORTED;NEGATIVE:PENDING::,,S,excluded,,excluded_uncertain_g3_or_unmapped_grade,,,,
1213,Bedaquiline,Rv1979c,c.-123G>T,upstream_gene_variant,G3,,3) Uncertain significance,regulatory,,primary,,excluded,,excluded_uncertain_g3_or_unmapped_grade,0,,,,,,excluded,,excluded_uncertain_g3_or_unmapped_grade,,,,
1214,Bedaquiline,Rv1979c,c.1254G>A,synonymous_variant,G4,S,4) Not assoc w R - Interim,snv,true,primary,S,matched_final,true,,2,COMPLETED,SYNONYMOUS_NO_PROTEIN_CHANGE,NEGATIVE:COMPLETED:SENSITIVE:SYNONYMOUS_NO_PROTEIN_CHANGE;NEGATIVE:COMPLETED:SENSITIVE:SYNONYMOUS_NO_PROTEIN_CHANGE,true,S,matched_final,true,,direct_record_match,,,
1215,Bedaquiline,Rv1979c,c.1254G>T,synonymous_variant,G4,S,4) Not assoc w R - Interim,snv,true,primary,S,matched_final,true,,2,COMPLETED,SYNONYMOUS_NO_PROTEIN_CHANGE,NEGATIVE:COMPLETED:SENSITIVE:SYNONYMOUS_NO_PROTEIN_CHANGE;NEGATIVE:COMPLETED:SENSITIVE:SYNONYMOUS_NO_PROTEIN_CHANGE,true,S,matched_final,true,,direct_record_match,,,
1216,Bedaquiline,Rv1979c,c.-125G>C,upstream_gene_variant,G3,,3) Uncertain significance,regulatory,,primary,,excluded,,excluded_uncertain_g3_or_unmapped_grade,0,,,,,,excluded,,excluded_uncertain_g3_or_unmapped_grade,,,,
1217,Bedaquiline,Rv1979c,c.1282C>T,synonymous_variant,G4,S,4) Not assoc w R - Interim,snv,true,primary,S,matched_final,true,,2,COMPLETED,SYNONYMOUS_NO_PROTEIN_CHANGE,NEGATIVE:COMPLETED:SENSITIVE:SYNONYMOUS_NO_PROTEIN_CHANGE;NEGATIVE:COMPLETED:SENSITIVE:SYNONYMOUS_NO_PROTEIN_CHANGE,true,S,matched_final,true,,direct_record_match,,,
1218,Bedaquiline,Rv1979c,c.1296C>T,synonymous_variant,G4,S,4) Not assoc w R - Interim,snv,true,primary,S,matched_final,true,,2,COMPLETED,SYNONYMOUS_NO_PROTEIN_CHANGE,NEGATIVE:COMPLETED:SENSITIVE:SYNONYMOUS_NO_PROTEIN_CHANGE;NEGATIVE:COMPLETED:SENSITIVE:SYNONYMOUS_NO_PROTEIN_CHANGE,true,S,matched_final,true,,direct_record_match,,,
1219,Bedaquiline,Rv1979c,c.-129A>G,upstream_gene_variant,G4,S,4) Not assoc w R - Interim,regulatory,false,primary,,unmatched,false,regulatory_out_of_config_window,0,,,,false,,unmatched,false,regulatory_out_of_config_window,,,,
1220,Bedaquiline,Rv1979c,c.-13_-12insC,upstream_gene_variant,G3,,3) Uncertain significance,regulatory,,primary,,excluded,,excluded_uncertain_g3_or_unmapped_grade,0,,,,,,excluded,,excluded_uncertain_g3_or_unmapped_grade,,,,
1221,Bedaquiline,Rv1979c,c.1302C>T,synonymous_variant,G4,S,4) Not assoc w R - Interim,snv,true,primary,S,matched_final,true,,2,COMPLETED,SYNONYMOUS_NO_PROTEIN_CHANGE,NEGATIVE:COMPLETED:SENSITIVE:SYNONYMOUS_NO_PROTEIN_CHANGE;NEGATIVE:COMPLETED:SENSITIVE:SYNONYMOUS_NO_PROTEIN_CHANGE,true,S,matched_final,true,,direct_record_match,,,
1222,Bedaquiline,Rv1979c,c.-130A>C,upstream_gene_variant,G3,,3) Uncertain significance,regulatory,,primary,,excluded,,excluded_uncertain_g3_or_unmapped_grade,0,,,,,,excluded,,excluded_uncertain_g3_or_unmapped_grade,,,,
1223,Bedaquiline,Rv1979c,c.1317A>G,synonymous_variant,G4,S,4) Not assoc w R - Interim,snv,true,primary,S,matched_final,true,,2,COMPLETED,SYNONYMOUS_NO_PROTEIN_CHANGE,NEGATIVE:COMPLETED:SENSITIVE:SYNONYMOUS_NO_PROTEIN_CHANGE;NEGATIVE:COMPLETED:SENSITIVE:SYNONYMOUS_NO_PROTEIN_CHANGE,true,S,matched_final,true,,direct_record_match,,,
1224,Bedaquiline,Rv1979c,c.1320G>A,synonymous_variant,G4,S,4) Not assoc w R - Interim,snv,true,primary,S,matched_final,true,,2,COMPLETED,SYNONYMOUS_NO_PROTEIN_CHANGE,NEGATIVE:COMPLETED:SENSITIVE:SYNONYMOUS_NO_PROTEIN_CHANGE;NEGATIVE:COMPLETED:SENSITIVE:SYNONYMOUS_NO_PROTEIN_CHANGE,true,S,matched_final,true,,direct_record_match,,,
1225,Bedaquiline,Rv1979c,c.1329T>G,synonymous_variant,G4,S,4) Not assoc w R - Interim,snv,true,primary,S,matched_final,true,,2,COMPLETED,SYNONYMOUS_NO_PROTEIN_CHANGE,NEGATIVE:COMPLETED:SENSITIVE:SYNONYMOUS_NO_PROTEIN_CHANGE;NEGATIVE:COMPLETED:SENSITIVE:SYNONYMOUS_NO_PROTEIN_CHANGE,true,S,matched_final,true,,direct_record_match,,,
1226,Bedaquiline,Rv1979c,c.-133G>C,upstream_gene_variant,G3,,3) Uncertain significance,regulatory,,primary,,excluded,,excluded_uncertain_g3_or_unmapped_grade,0,,,,,,excluded,,excluded_uncertain_g3_or_unmapped_grade,,,,
1227,Bedaquiline,Rv1979c,c.1350T>G,synonymous_variant,G4,S,4) Not assoc w R - Interim,snv,true,primary,S,matched_final,true,,2,COMPLETED,SYNONYMOUS_NO_PROTEIN_CHANGE,NEGATIVE:COMPLETED:SENSITIVE:SYNONYMOUS_NO_PROTEIN_CHANGE;NEGATIVE:COMPLETED:SENSITIVE:SYNONYMOUS_NO_PROTEIN_CHANGE,true,S,matched_final,true,,direct_record_match,,,
1228,Bedaquiline,Rv1979c,c.1440T>G,synonymous_variant,G4,S,4) Not assoc w R - Interim,snv,true,primary,S,matched_final,true,,2,COMPLETED,SYNONYMOUS_NO_PROTEIN_CHANGE,NEGATIVE:COMPLETED:SENSITIVE:SYNONYMOUS_NO_PROTEIN_CHANGE;NEGATIVE:COMPLETED:SENSITIVE:SYNONYMOUS_NO_PROTEIN_CHANGE,true,S,matched_final,true,,direct_record_match,,,
1229,Bedaquiline,Rv1979c,c.1443C>T,synonymous_variant,G4,S,4) Not assoc w R - Interim,snv,true,primary,S,matched_final,true,,2,COMPLETED,SYNONYMOUS_NO_PROTEIN_CHANGE,NEGATIVE:COMPLETED:SENSITIVE:SYNONYMOUS_NO_PROTEIN_CHANGE;NEGATIVE:COMPLETED:SENSITIVE:SYNONYMOUS_NO_PROTEIN_CHANGE,true,S,matched_final,true,,direct_record_match,,,
1230,Bedaquiline,Rv1979c,c.-154A>G,upstream_gene_variant,G3,,3) Uncertain significance,regulatory,,primary,,excluded,,excluded_uncertain_g3_or_unmapped_grade,0,,,,,,excluded,,excluded_uncertain_g3_or_unmapped_grade,,,,
1231,Bedaquiline,Rv1979c,c.165C>T,synonymous_variant,G4,S,4) Not assoc w R - Interim,snv,true,primary,S,matched_final,true,,2,COMPLETED,SYNONYMOUS_NO_PROTEIN_CHANGE,NEGATIVE:COMPLETED:SENSITIVE:SYNONYMOUS_NO_PROTEIN_CHANGE;NEGATIVE:COMPLETED:SENSITIVE:SYNONYMOUS_NO_PROTEIN_CHANGE,true,S,matched_final,true,,direct_record_match,,,
1232,Bedaquiline,Rv1979c,c.-168A>C,upstream_gene_variant,G3,,3) Uncertain significance,regulatory,,primary,,excluded,,excluded_uncertain_g3_or_unmapped_grade,0,,,,,,excluded,,excluded_uncertain_g3_or_unmapped_grade,,,,
1233,Bedaquiline,Rv1979c,c.-168A>G,upstream_gene_variant,G3,,3) Uncertain significance,regulatory,,primary,,excluded,,excluded_uncertain_g3_or_unmapped_grade,0,,,,,,excluded,,excluded_uncertain_g3_or_unmapped_grade,,,,
1234,Bedaquiline,Rv1979c,c.-16A>C,upstream_gene_variant,G3,,3) Uncertain significance,regulatory,,primary,S,excluded,,excluded_uncertain_g3_or_unmapped_grade,6,COMPLETED|PENDING,REGULATORY_SCENARIO_UNSUPPORTED,NEGATIVE:COMPLETED:UNKNOWN:REGULATORY_SCENARIO_UNSUPPORTED;NEGATIVE:PENDING::;NEGATIVE:COMPLETED:UNKNOWN:REGULATORY_SCENARIO_UNSUPPORTED;+3_more,,S,excluded,,excluded_uncertain_g3_or_unmapped_grade,,,,
1235,Bedaquiline,Rv1979c,c.180C>A,synonymous_variant,G4,S,4) Not assoc w R - Interim,snv,true,primary,S,matched_final,true,,2,COMPLETED,SYNONYMOUS_NO_PROTEIN_CHANGE,NEGATIVE:COMPLETED:SENSITIVE:SYNONYMOUS_NO_PROTEIN_CHANGE;NEGATIVE:COMPLETED:SENSITIVE:SYNONYMOUS_NO_PROTEIN_CHANGE,true,S,matched_final,true,,direct_record_match,,,
1236,Bedaquiline,Rv1979c,c.183G>A,synonymous_variant,G4,S,4) Not assoc w R - Interim,snv,true,primary,S,matched_final,true,,2,COMPLETED,SYNONYMOUS_NO_PROTEIN_CHANGE,NEGATIVE:COMPLETED:SENSITIVE:SYNONYMOUS_NO_PROTEIN_CHANGE;NEGATIVE:COMPLETED:SENSITIVE:SYNONYMOUS_NO_PROTEIN_CHANGE,true,S,matched_final,true,,direct_record_match,,,
1237,Bedaquiline,Rv1979c,c.-186T>G,upstream_gene_variant,G3,,3) Uncertain significance,regulatory,,primary,,excluded,,excluded_uncertain_g3_or_unmapped_grade,0,,,,,,excluded,,excluded_uncertain_g3_or_unmapped_grade,,,,
1238,Bedaquiline,Rv1979c,c.-18C>T,upstream_gene_variant,G3,,3) Uncertain significance,regulatory,,primary,S,excluded,,excluded_uncertain_g3_or_unmapped_grade,6,COMPLETED|PENDING,REGULATORY_SCENARIO_UNSUPPORTED,NEGATIVE:COMPLETED:UNKNOWN:REGULATORY_SCENARIO_UNSUPPORTED;NEGATIVE:PENDING::;NEGATIVE:COMPLETED:UNKNOWN:REGULATORY_SCENARIO_UNSUPPORTED;+3_more,,S,excluded,,excluded_uncertain_g3_or_unmapped_grade,,,,
1239,Bedaquiline,Rv1979c,c.18G>A,synonymous_variant,G4,S,4) Not assoc w R - Interim,snv,true,primary,S,matched_final,true,,2,COMPLETED,SYNONYMOUS_NO_PROTEIN_CHANGE,NEGATIVE:COMPLETED:SENSITIVE:SYNONYMOUS_NO_PROTEIN_CHANGE;NEGATIVE:COMPLETED:SENSITIVE:SYNONYMOUS_NO_PROTEIN_CHANGE,true,S,matched_final,true,,direct_record_match,,,
1240,Bedaquiline,Rv1979c,c.-191_-187delGATGC,upstream_gene_variant,G3,,3) Uncertain significance,regulatory,,primary,,excluded,,excluded_uncertain_g3_or_unmapped_grade,0,,,,,,excluded,,excluded_uncertain_g3_or_unmapped_grade,,,,
1241,Bedaquiline,Rv1979c,c.192C>T,synonymous_variant,G4,S,4) Not assoc w R - Interim,snv,true,primary,S,matched_final,true,,2,COMPLETED,SYNONYMOUS_NO_PROTEIN_CHANGE,NEGATIVE:COMPLETED:SENSITIVE:SYNONYMOUS_NO_PROTEIN_CHANGE;NEGATIVE:COMPLETED:SENSITIVE:SYNONYMOUS_NO_PROTEIN_CHANGE,true,S,matched_final,true,,direct_record_match,,,
1242,Bedaquiline,Rv1979c,c.-19G>A,upstream_gene_variant,G3,,3) Uncertain significance,regulatory,,primary,S,excluded,,excluded_uncertain_g3_or_unmapped_grade,6,COMPLETED|PENDING,REGULATORY_SCENARIO_UNSUPPORTED,NEGATIVE:COMPLETED:UNKNOWN:REGULATORY_SCENARIO_UNSUPPORTED;NEGATIVE:PENDING::;NEGATIVE:COMPLETED:UNKNOWN:REGULATORY_SCENARIO_UNSUPPORTED;+3_more,,S,excluded,,excluded_uncertain_g3_or_unmapped_grade,,,,
1243,Bedaquiline,Rv1979c,c.1G>C,initiator_codon_variant,G4,S,4) Not assoc w R - Interim,snv,true,primary,S,matched_final,true,,2,COMPLETED|PENDING,NEGATIVE_FUNCTION_RETAINED,NEGATIVE:COMPLETED:SENSITIVE:NEGATIVE_FUNCTION_RETAINED;NEGATIVE:PENDING::,true,S,matched_final,true,,direct_record_match,,,
1244,Bedaquiline,Rv1979c,c.-208C>G,upstream_gene_variant,G3,,3) Uncertain significance,regulatory,,primary,,excluded,,excluded_uncertain_g3_or_unmapped_grade,0,,,,,,excluded,,excluded_uncertain_g3_or_unmapped_grade,,,,
1245,Bedaquiline,Rv1979c,c.-210C>T,upstream_gene_variant,G3,,3) Uncertain significance,regulatory,,primary,,excluded,,excluded_uncertain_g3_or_unmapped_grade,0,,,,,,excluded,,excluded_uncertain_g3_or_unmapped_grade,,,,
1246,Bedaquiline,Rv1979c,c.-214G>A,upstream_gene_variant,G3,,3) Uncertain significance,regulatory,,primary,,excluded,,excluded_uncertain_g3_or_unmapped_grade,0,,,,,,excluded,,excluded_uncertain_g3_or_unmapped_grade,,,,
1247,Bedaquiline,Rv1979c,c.-218A>G,upstream_gene_variant,G3,,3) Uncertain significance,regulatory,,primary,,excluded,,excluded_uncertain_g3_or_unmapped_grade,0,,,,,,excluded,,excluded_uncertain_g3_or_unmapped_grade,,,,
1248,Bedaquiline,Rv1979c,c.-221G>A,upstream_gene_variant,G3,,3) Uncertain significance,regulatory,,primary,,excluded,,excluded_uncertain_g3_or_unmapped_grade,0,,,,,,excluded,,excluded_uncertain_g3_or_unmapped_grade,,,,
1249,Bedaquiline,Rv1979c,c.-234_-217delCCGGCCCAACCCAGGTAT,upstream_gene_variant,G3,,3) Uncertain significance,regulatory,,primary,,excluded,,excluded_uncertain_g3_or_unmapped_grade,0,,,,,,excluded,,excluded_uncertain_g3_or_unmapped_grade,,,,
1250,Bedaquiline,Rv1979c,c.234C>G,synonymous_variant,G4,S,4) Not assoc w R - Interim,snv,true,primary,S,matched_final,true,,2,COMPLETED,SYNONYMOUS_NO_PROTEIN_CHANGE,NEGATIVE:COMPLETED:SENSITIVE:SYNONYMOUS_NO_PROTEIN_CHANGE;NEGATIVE:COMPLETED:SENSITIVE:SYNONYMOUS_NO_PROTEIN_CHANGE,true,S,matched_final,true,,direct_record_match,,,
1251,Bedaquiline,Rv1979c,c.-235G>T,upstream_gene_variant,G3,,3) Uncertain significance,regulatory,,primary,,excluded,,excluded_uncertain_g3_or_unmapped_grade,0,,,,,,excluded,,excluded_uncertain_g3_or_unmapped_grade,,,,
1252,Bedaquiline,Rv1979c,c.-236A>C,upstream_gene_variant,G3,,3) Uncertain significance,regulatory,,primary,,excluded,,excluded_uncertain_g3_or_unmapped_grade,0,,,,,,excluded,,excluded_uncertain_g3_or_unmapped_grade,,,,
1253,Bedaquiline,Rv1979c,c.240C>T,synonymous_variant,G4,S,4) Not assoc w R - Interim,snv,true,primary,S,matched_final,true,,2,COMPLETED,SYNONYMOUS_NO_PROTEIN_CHANGE,NEGATIVE:COMPLETED:SENSITIVE:SYNONYMOUS_NO_PROTEIN_CHANGE;NEGATIVE:COMPLETED:SENSITIVE:SYNONYMOUS_NO_PROTEIN_CHANGE,true,S,matched_final,true,,direct_record_match,,,
1254,Bedaquiline,Rv1979c,c.-241G>A,upstream_gene_variant,G3,,3) Uncertain significance,regulatory,,primary,,excluded,,excluded_uncertain_g3_or_unmapped_grade,0,,,,,,excluded,,excluded_uncertain_g3_or_unmapped_grade,,,,
1255,Bedaquiline,Rv1979c,c.-248G>A,upstream_gene_variant,G3,,3) Uncertain significance,regulatory,,primary,,excluded,,excluded_uncertain_g3_or_unmapped_grade,0,,,,,,excluded,,excluded_uncertain_g3_or_unmapped_grade,,,,
1256,Bedaquiline,Rv1979c,c.249G>A,synonymous_variant,G4,S,4) Not assoc w R - Interim,snv,true,primary,S,matched_final,true,,2,COMPLETED,SYNONYMOUS_NO_PROTEIN_CHANGE,NEGATIVE:COMPLETED:SENSITIVE:SYNONYMOUS_NO_PROTEIN_CHANGE;NEGATIVE:COMPLETED:SENSITIVE:SYNONYMOUS_NO_PROTEIN_CHANGE,true,S,matched_final,true,,direct_record_match,,,
1257,Bedaquiline,Rv1979c,c.-250T>G,upstream_gene_variant,G3,,3) Uncertain significance,regulatory,,primary,,excluded,,excluded_uncertain_g3_or_unmapped_grade,0,,,,,,excluded,,excluded_uncertain_g3_or_unmapped_grade,,,,
1258,Bedaquiline,Rv1979c,c.-253dupG,upstream_gene_variant,G3,,3) Uncertain significance,regulatory,,primary,,excluded,,excluded_uncertain_g3_or_unmapped_grade,0,,,,,,excluded,,excluded_uncertain_g3_or_unmapped_grade,,,,
1259,Bedaquiline,Rv1979c,c.-258C>A,upstream_gene_variant,G3,,3) Uncertain significance,regulatory,,primary,,excluded,,excluded_uncertain_g3_or_unmapped_grade,0,,,,,,excluded,,excluded_uncertain_g3_or_unmapped_grade,,,,
1260,Bedaquiline,Rv1979c,c.-258C>T,upstream_gene_variant,G3,,3) Uncertain significance,regulatory,,primary,,excluded,,excluded_uncertain_g3_or_unmapped_grade,0,,,,,,excluded,,excluded_uncertain_g3_or_unmapped_grade,,,,
1261,Bedaquiline,Rv1979c,c.-265T>C,upstream_gene_variant,G3,,3) Uncertain significance,regulatory,,primary,,excluded,,excluded_uncertain_g3_or_unmapped_grade,0,,,,,,excluded,,excluded_uncertain_g3_or_unmapped_grade,,,,
1262,Bedaquiline,Rv1979c,c.-265T>G,upstream_gene_variant,G3,,3) Uncertain significance,regulatory,,primary,,excluded,,excluded_uncertain_g3_or_unmapped_grade,0,,,,,,excluded,,excluded_uncertain_g3_or_unmapped_grade,,,,
1263,Bedaquiline,Rv1979c,c.-26A>C,upstream_gene_variant,G3,,3) Uncertain significance,regulatory,,primary,S,excluded,,excluded_uncertain_g3_or_unmapped_grade,6,COMPLETED|PENDING,REGULATORY_SCENARIO_UNSUPPORTED,NEGATIVE:COMPLETED:UNKNOWN:REGULATORY_SCENARIO_UNSUPPORTED;NEGATIVE:PENDING::;NEGATIVE:COMPLETED:UNKNOWN:REGULATORY_SCENARIO_UNSUPPORTED;+3_more,,S,excluded,,excluded_uncertain_g3_or_unmapped_grade,,,,
1264,Bedaquiline,Rv1979c,c.-273T>G,upstream_gene_variant,G3,,3) Uncertain significance,regulatory,,primary,,excluded,,excluded_uncertain_g3_or_unmapped_grade,0,,,,,,excluded,,excluded_uncertain_g3_or_unmapped_grade,,,,
1265,Bedaquiline,Rv1979c,c.-275G>A,upstream_gene_variant,G3,,3) Uncertain significance,regulatory,,primary,,excluded,,excluded_uncertain_g3_or_unmapped_grade,0,,,,,,excluded,,excluded_uncertain_g3_or_unmapped_grade,,,,
1266,Bedaquiline,Rv1979c,c.-277G>T,upstream_gene_variant,G3,,3) Uncertain significance,regulatory,,primary,,excluded,,excluded_uncertain_g3_or_unmapped_grade,0,,,,,,excluded,,excluded_uncertain_g3_or_unmapped_grade,,,,
1267,Bedaquiline,Rv1979c,c.-279G>A,upstream_gene_variant,G3,,3) Uncertain significance,regulatory,,primary,,excluded,,excluded_uncertain_g3_or_unmapped_grade,0,,,,,,excluded,,excluded_uncertain_g3_or_unmapped_grade,,,,
1268,Bedaquiline,Rv1979c,c.-280G>A,upstream_gene_variant,G3,,3) Uncertain significance,regulatory,,primary,,excluded,,excluded_uncertain_g3_or_unmapped_grade,0,,,,,,excluded,,excluded_uncertain_g3_or_unmapped_grade,,,,
1269,Bedaquiline,Rv1979c,c.-281C>A,upstream_gene_variant,G3,,3) Uncertain significance,regulatory,,primary,,excluded,,excluded_uncertain_g3_or_unmapped_grade,0,,,,,,excluded,,excluded_uncertain_g3_or_unmapped_grade,,,,
1270,Bedaquiline,Rv1979c,c.-281C>T,upstream_gene_variant,G3,,3) Uncertain significance,regulatory,,primary,,excluded,,excluded_uncertain_g3_or_unmapped_grade,0,,,,,,excluded,,excluded_uncertain_g3_or_unmapped_grade,,,,
1271,Bedaquiline,Rv1979c,c.285T>A,synonymous_variant,G4,S,4) Not assoc w R - Interim,snv,true,primary,S,matched_final,true,,2,COMPLETED,SYNONYMOUS_NO_PROTEIN_CHANGE,NEGATIVE:COMPLETED:SENSITIVE:SYNONYMOUS_NO_PROTEIN_CHANGE;NEGATIVE:COMPLETED:SENSITIVE:SYNONYMOUS_NO_PROTEIN_CHANGE,true,S,matched_final,true,,direct_record_match,,,
1272,Bedaquiline,Rv1979c,c.291C>G,synonymous_variant,G4,S,4) Not assoc w R - Interim,snv,true,primary,S,matched_final,true,,2,COMPLETED,SYNONYMOUS_NO_PROTEIN_CHANGE,NEGATIVE:COMPLETED:SENSITIVE:SYNONYMOUS_NO_PROTEIN_CHANGE;NEGATIVE:COMPLETED:SENSITIVE:SYNONYMOUS_NO_PROTEIN_CHANGE,true,S,matched_final,true,,direct_record_match,,,
1273,Bedaquiline,Rv1979c,c.-291T>C,upstream_gene_variant,G3,,3) Uncertain significance,regulatory,,primary,,excluded,,excluded_uncertain_g3_or_unmapped_grade,0,,,,,,excluded,,excluded_uncertain_g3_or_unmapped_grade,,,,
1274,Bedaquiline,Rv1979c,c.-299C>T,upstream_gene_variant,G3,,3) Uncertain significance,regulatory,,primary,,excluded,,excluded_uncertain_g3_or_unmapped_grade,0,,,,,,excluded,,excluded_uncertain_g3_or_unmapped_grade,,,,
1275,Bedaquiline,Rv1979c,c.306G>A,synonymous_variant,G4,S,4) Not assoc w R - Interim,snv,true,primary,S,matched_final,true,,2,COMPLETED,SYNONYMOUS_NO_PROTEIN_CHANGE,NEGATIVE:COMPLETED:SENSITIVE:SYNONYMOUS_NO_PROTEIN_CHANGE;NEGATIVE:COMPLETED:SENSITIVE:SYNONYMOUS_NO_PROTEIN_CHANGE,true,S,matched_final,true,,direct_record_match,,,
1276,Bedaquiline,Rv1979c,c.312C>T,synonymous_variant,G4,S,4) Not assoc w R - Interim,snv,true,primary,S,matched_final,true,,2,COMPLETED,SYNONYMOUS_NO_PROTEIN_CHANGE,NEGATIVE:COMPLETED:SENSITIVE:SYNONYMOUS_NO_PROTEIN_CHANGE;NEGATIVE:COMPLETED:SENSITIVE:SYNONYMOUS_NO_PROTEIN_CHANGE,true,S,matched_final,true,,direct_record_match,,,
1277,Bedaquiline,Rv1979c,c.-315C>T,upstream_gene_variant,G3,,3) Uncertain significance,regulatory,,primary,,excluded,,excluded_uncertain_g3_or_unmapped_grade,0,,,,,,excluded,,excluded_uncertain_g3_or_unmapped_grade,,,,
1278,Bedaquiline,Rv1979c,c.-322T>C,upstream_gene_variant,G3,,3) Uncertain significance,regulatory,,primary,,excluded,,excluded_uncertain_g3_or_unmapped_grade,0,,,,,,excluded,,excluded_uncertain_g3_or_unmapped_grade,,,,
1279,Bedaquiline,Rv1979c,c.-327C>A,upstream_gene_variant,G3,,3) Uncertain significance,regulatory,,primary,,excluded,,excluded_uncertain_g3_or_unmapped_grade,0,,,,,,excluded,,excluded_uncertain_g3_or_unmapped_grade,,,,
1280,Bedaquiline,Rv1979c,c.-328G>C,upstream_gene_variant,G3,,3) Uncertain significance,regulatory,,primary,,excluded,,excluded_uncertain_g3_or_unmapped_grade,0,,,,,,excluded,,excluded_uncertain_g3_or_unmapped_grade,,,,
1281,Bedaquiline,Rv1979c,c.-328G>T,upstream_gene_variant,G3,,3) Uncertain significance,regulatory,,primary,,excluded,,excluded_uncertain_g3_or_unmapped_grade,0,,,,,,excluded,,excluded_uncertain_g3_or_unmapped_grade,,,,
1282,Bedaquiline,Rv1979c,c.-345T>C,upstream_gene_variant,G3,,3) Uncertain significance,regulatory,,primary,,excluded,,excluded_uncertain_g3_or_unmapped_grade,0,,,,,,excluded,,excluded_uncertain_g3_or_unmapped_grade,,,,
1283,Bedaquiline,Rv1979c,c.-356C>G,upstream_gene_variant,G3,,3) Uncertain significance,regulatory,,primary,,excluded,,excluded_uncertain_g3_or_unmapped_grade,0,,,,,,excluded,,excluded_uncertain_g3_or_unmapped_grade,,,,
1284,Bedaquiline,Rv1979c,c.-361_-353delCAGACCGGAinsT,upstream_gene_variant,G3,,3) Uncertain significance,regulatory,,primary,,excluded,,excluded_uncertain_g3_or_unmapped_grade,0,,,,,,excluded,,excluded_uncertain_g3_or_unmapped_grade,,,,
1285,Bedaquiline,Rv1979c,c.-368G>A,upstream_gene_variant,G3,,3) Uncertain significance,regulatory,,primary,,excluded,,excluded_uncertain_g3_or_unmapped_grade,0,,,,,,excluded,,excluded_uncertain_g3_or_unmapped_grade,,,,
1286,Bedaquiline,Rv1979c,c.369C>G,synonymous_variant,G4,S,4) Not assoc w R - Interim,snv,true,primary,S,matched_final,true,,2,COMPLETED,SYNONYMOUS_NO_PROTEIN_CHANGE,NEGATIVE:COMPLETED:SENSITIVE:SYNONYMOUS_NO_PROTEIN_CHANGE;NEGATIVE:COMPLETED:SENSITIVE:SYNONYMOUS_NO_PROTEIN_CHANGE,true,S,matched_final,true,,direct_record_match,,,
1287,Bedaquiline,Rv1979c,c.-378A>G,upstream_gene_variant,G3,,3) Uncertain significance,regulatory,,primary,,excluded,,excluded_uncertain_g3_or_unmapped_grade,0,,,,,,excluded,,excluded_uncertain_g3_or_unmapped_grade,,,,
1288,Bedaquiline,Rv1979c,c.-386C>T,upstream_gene_variant,G3,,3) Uncertain significance,regulatory,,primary,,excluded,,excluded_uncertain_g3_or_unmapped_grade,0,,,,,,excluded,,excluded_uncertain_g3_or_unmapped_grade,,,,
1289,Bedaquiline,Rv1979c,c.387C>T,synonymous_variant,G4,S,4) Not assoc w R - Interim,snv,true,primary,S,matched_final,true,,2,COMPLETED,SYNONYMOUS_NO_PROTEIN_CHANGE,NEGATIVE:COMPLETED:SENSITIVE:SYNONYMOUS_NO_PROTEIN_CHANGE;NEGATIVE:COMPLETED:SENSITIVE:SYNONYMOUS_NO_PROTEIN_CHANGE,true,S,matched_final,true,,direct_record_match,,,
1290,Bedaquiline,Rv1979c,c.-389C>A,upstream_gene_variant,G3,,3) Uncertain significance,regulatory,,primary,,excluded,,excluded_uncertain_g3_or_unmapped_grade,0,,,,,,excluded,,excluded_uncertain_g3_or_unmapped_grade,,,,
1291,Bedaquiline,Rv1979c,c.-393T>C,upstream_gene_variant,G3,,3) Uncertain significance,regulatory,,primary,,excluded,,excluded_uncertain_g3_or_unmapped_grade,0,,,,,,excluded,,excluded_uncertain_g3_or_unmapped_grade,,,,
1292,Bedaquiline,Rv1979c,c.-398A>G,upstream_gene_variant,G3,,3) Uncertain significance,regulatory,,primary,,excluded,,excluded_uncertain_g3_or_unmapped_grade,0,,,,,,excluded,,excluded_uncertain_g3_or_unmapped_grade,,,,
1293,Bedaquiline,Rv1979c,c.-402T>C,upstream_gene_variant,G3,,3) Uncertain significance,regulatory,,primary,,excluded,,excluded_uncertain_g3_or_unmapped_grade,0,,,,,,excluded,,excluded_uncertain_g3_or_unmapped_grade,,,,
1294,Bedaquiline,Rv1979c,c.408G>A,synonymous_variant,G4,S,4) Not assoc w R - Interim,snv,true,primary,S,matched_final,true,,2,COMPLETED,SYNONYMOUS_NO_PROTEIN_CHANGE,NEGATIVE:COMPLETED:SENSITIVE:SYNONYMOUS_NO_PROTEIN_CHANGE;NEGATIVE:COMPLETED:SENSITIVE:SYNONYMOUS_NO_PROTEIN_CHANGE,true,S,matched_final,true,,direct_record_match,,,
1295,Bedaquiline,Rv1979c,c.-411C>G,upstream_gene_variant,G3,,3) Uncertain significance,regulatory,,primary,,excluded,,excluded_uncertain_g3_or_unmapped_grade,0,,,,,,excluded,,excluded_uncertain_g3_or_unmapped_grade,,,,
1296,Bedaquiline,Rv1979c,c.-426T>G,upstream_gene_variant,G3,,3) Uncertain significance,regulatory,,primary,,excluded,,excluded_uncertain_g3_or_unmapped_grade,0,,,,,,excluded,,excluded_uncertain_g3_or_unmapped_grade,,,,
1297,Bedaquiline,Rv1979c,c.-429C>T,upstream_gene_variant,G3,,3) Uncertain significance,regulatory,,primary,,excluded,,excluded_uncertain_g3_or_unmapped_grade,0,,,,,,excluded,,excluded_uncertain_g3_or_unmapped_grade,,,,
1298,Bedaquiline,Rv1979c,c.42G>A,synonymous_variant,G4,S,4) Not assoc w R - Interim,snv,true,primary,S,matched_final,true,,2,COMPLETED,SYNONYMOUS_NO_PROTEIN_CHANGE,NEGATIVE:COMPLETED:SENSITIVE:SYNONYMOUS_NO_PROTEIN_CHANGE;NEGATIVE:COMPLETED:SENSITIVE:SYNONYMOUS_NO_PROTEIN_CHANGE,true,S,matched_final,true,,direct_record_match,,,
1299,Bedaquiline,Rv1979c,c.42G>C,synonymous_variant,G4,S,4) Not assoc w R - Interim,snv,true,primary,S,matched_final,true,,2,COMPLETED,SYNONYMOUS_NO_PROTEIN_CHANGE,NEGATIVE:COMPLETED:SENSITIVE:SYNONYMOUS_NO_PROTEIN_CHANGE;NEGATIVE:COMPLETED:SENSITIVE:SYNONYMOUS_NO_PROTEIN_CHANGE,true,S,matched_final,true,,direct_record_match,,,
1300,Bedaquiline,Rv1979c,c.-440C>T,upstream_gene_variant,G3,,3) Uncertain significance,regulatory,,primary,,excluded,,excluded_uncertain_g3_or_unmapped_grade,0,,,,,,excluded,,excluded_uncertain_g3_or_unmapped_grade,,,,
1301,Bedaquiline,Rv1979c,c.-447A>C,upstream_gene_variant,G3,,3) Uncertain significance,regulatory,,primary,,excluded,,excluded_uncertain_g3_or_unmapped_grade,0,,,,,,excluded,,excluded_uncertain_g3_or_unmapped_grade,,,,
1302,Bedaquiline,Rv1979c,c.-44T>G,upstream_gene_variant,G3,,3) Uncertain significance,regulatory,,primary,S,excluded,,excluded_uncertain_g3_or_unmapped_grade,6,COMPLETED|PENDING,REGULATORY_SCENARIO_UNSUPPORTED,NEGATIVE:COMPLETED:UNKNOWN:REGULATORY_SCENARIO_UNSUPPORTED;NEGATIVE:PENDING::;NEGATIVE:COMPLETED:UNKNOWN:REGULATORY_SCENARIO_UNSUPPORTED;+3_more,,S,excluded,,excluded_uncertain_g3_or_unmapped_grade,,,,
1303,Bedaquiline,Rv1979c,c.-452T>C,upstream_gene_variant,G3,,3) Uncertain significance,regulatory,,primary,,excluded,,excluded_uncertain_g3_or_unmapped_grade,0,,,,,,excluded,,excluded_uncertain_g3_or_unmapped_grade,,,,
1304,Bedaquiline,Rv1979c,c.-458G>A,upstream_gene_variant,G3,,3) Uncertain significance,regulatory,,primary,,excluded,,excluded_uncertain_g3_or_unmapped_grade,0,,,,,,excluded,,excluded_uncertain_g3_or_unmapped_grade,,,,
1305,Bedaquiline,Rv1979c,c.-461C>A,upstream_gene_variant,G3,,3) Uncertain significance,regulatory,,primary,,excluded,,excluded_uncertain_g3_or_unmapped_grade,0,,,,,,excluded,,excluded_uncertain_g3_or_unmapped_grade,,,,
1306,Bedaquiline,Rv1979c,c.465C>T,synonymous_variant,G4,S,4) Not assoc w R - Interim,snv,true,primary,S,matched_final,true,,2,COMPLETED,SYNONYMOUS_NO_PROTEIN_CHANGE,NEGATIVE:COMPLETED:SENSITIVE:SYNONYMOUS_NO_PROTEIN_CHANGE;NEGATIVE:COMPLETED:SENSITIVE:SYNONYMOUS_NO_PROTEIN_CHANGE,true,S,matched_final,true,,direct_record_match,,,
1307,Bedaquiline,Rv1979c,c.-50A>C,upstream_gene_variant,G3,,3) Uncertain significance,regulatory,,primary,S,excluded,,excluded_uncertain_g3_or_unmapped_grade,6,COMPLETED|PENDING,REGULATORY_SCENARIO_UNSUPPORTED,NEGATIVE:COMPLETED:UNKNOWN:REGULATORY_SCENARIO_UNSUPPORTED;NEGATIVE:PENDING::;NEGATIVE:COMPLETED:UNKNOWN:REGULATORY_SCENARIO_UNSUPPORTED;+3_more,,S,excluded,,excluded_uncertain_g3_or_unmapped_grade,,,,
1308,Bedaquiline,Rv1979c,c.546G>T,synonymous_variant,G4,S,4) Not assoc w R - Interim,snv,true,primary,S,matched_final,true,,2,COMPLETED,SYNONYMOUS_NO_PROTEIN_CHANGE,NEGATIVE:COMPLETED:SENSITIVE:SYNONYMOUS_NO_PROTEIN_CHANGE;NEGATIVE:COMPLETED:SENSITIVE:SYNONYMOUS_NO_PROTEIN_CHANGE,true,S,matched_final,true,,direct_record_match,,,
1309,Bedaquiline,Rv1979c,c.561C>T,synonymous_variant,G4,S,4) Not assoc w R - Interim,snv,true,primary,S,matched_final,true,,2,COMPLETED,SYNONYMOUS_NO_PROTEIN_CHANGE,NEGATIVE:COMPLETED:SENSITIVE:SYNONYMOUS_NO_PROTEIN_CHANGE;NEGATIVE:COMPLETED:SENSITIVE:SYNONYMOUS_NO_PROTEIN_CHANGE,true,S,matched_final,true,,direct_record_match,,,
1310,Bedaquiline,Rv1979c,c.594G>A,synonymous_variant,G4,S,4) Not assoc w R - Interim,snv,true,primary,S,matched_final,true,,2,COMPLETED,SYNONYMOUS_NO_PROTEIN_CHANGE,NEGATIVE:COMPLETED:SENSITIVE:SYNONYMOUS_NO_PROTEIN_CHANGE;NEGATIVE:COMPLETED:SENSITIVE:SYNONYMOUS_NO_PROTEIN_CHANGE,true,S,matched_final,true,,direct_record_match,,,
1311,Bedaquiline,Rv1979c,c.-59A>G,upstream_gene_variant,G3,,3) Uncertain significance,regulatory,,primary,S,excluded,,excluded_uncertain_g3_or_unmapped_grade,6,COMPLETED|PENDING,REGULATORY_SCENARIO_UNSUPPORTED,NEGATIVE:COMPLETED:UNKNOWN:REGULATORY_SCENARIO_UNSUPPORTED;NEGATIVE:PENDING::;NEGATIVE:COMPLETED:UNKNOWN:REGULATORY_SCENARIO_UNSUPPORTED;+3_more,,S,excluded,,excluded_uncertain_g3_or_unmapped_grade,,,,
1312,Bedaquiline,Rv1979c,c.612G>T,synonymous_variant,G4,S,4) Not assoc w R - Interim,snv,true,primary,S,matched_final,true,,2,COMPLETED,SYNONYMOUS_NO_PROTEIN_CHANGE,NEGATIVE:COMPLETED:SENSITIVE:SYNONYMOUS_NO_PROTEIN_CHANGE;NEGATIVE:COMPLETED:SENSITIVE:SYNONYMOUS_NO_PROTEIN_CHANGE,true,S,matched_final,true,,direct_record_match,,,
1313,Bedaquiline,Rv1979c,c.660T>C,synonymous_variant,G4,S,4) Not assoc w R - Interim,snv,true,primary,S,matched_final,true,,2,COMPLETED,SYNONYMOUS_NO_PROTEIN_CHANGE,NEGATIVE:COMPLETED:SENSITIVE:SYNONYMOUS_NO_PROTEIN_CHANGE;NEGATIVE:COMPLETED:SENSITIVE:SYNONYMOUS_NO_PROTEIN_CHANGE,true,S,matched_final,true,,direct_record_match,,,
1314,Bedaquiline,Rv1979c,c.681C>A,synonymous_variant,G4,S,4) Not assoc w R - Interim,snv,true,primary,S,matched_final,true,,2,COMPLETED,SYNONYMOUS_NO_PROTEIN_CHANGE,NEGATIVE:COMPLETED:SENSITIVE:SYNONYMOUS_NO_PROTEIN_CHANGE;NEGATIVE:COMPLETED:SENSITIVE:SYNONYMOUS_NO_PROTEIN_CHANGE,true,S,matched_final,true,,direct_record_match,,,
1315,Bedaquiline,Rv1979c,c.-68A>G,upstream_gene_variant,G3,,3) Uncertain significance,regulatory,,primary,S,excluded,,excluded_uncertain_g3_or_unmapped_grade,6,COMPLETED|PENDING,REGULATORY_SCENARIO_UNSUPPORTED,NEGATIVE:COMPLETED:UNKNOWN:REGULATORY_SCENARIO_UNSUPPORTED;NEGATIVE:PENDING::;NEGATIVE:COMPLETED:UNKNOWN:REGULATORY_SCENARIO_UNSUPPORTED;+3_more,,S,excluded,,excluded_uncertain_g3_or_unmapped_grade,,,,
1316,Bedaquiline,Rv1979c,c.-69G>C,upstream_gene_variant,G3,,3) Uncertain significance,regulatory,,primary,S,excluded,,excluded_uncertain_g3_or_unmapped_grade,6,COMPLETED|PENDING,REGULATORY_SCENARIO_UNSUPPORTED,NEGATIVE:COMPLETED:UNKNOWN:REGULATORY_SCENARIO_UNSUPPORTED;NEGATIVE:PENDING::;NEGATIVE:COMPLETED:UNKNOWN:REGULATORY_SCENARIO_UNSUPPORTED;+3_more,,S,excluded,,excluded_uncertain_g3_or_unmapped_grade,,,,
1317,Bedaquiline,Rv1979c,c.6C>T,synonymous_variant,G4,S,4) Not assoc w R - Interim,snv,true,primary,S,matched_final,true,,2,COMPLETED,SYNONYMOUS_NO_PROTEIN_CHANGE,NEGATIVE:COMPLETED:SENSITIVE:SYNONYMOUS_NO_PROTEIN_CHANGE;NEGATIVE:COMPLETED:SENSITIVE:SYNONYMOUS_NO_PROTEIN_CHANGE,true,S,matched_final,true,,direct_record_match,,,
1318,Bedaquiline,Rv1979c,c.702T>C,synonymous_variant,G4,S,4) Not assoc w R - Interim,snv,true,primary,S,matched_final,true,,2,COMPLETED,SYNONYMOUS_NO_PROTEIN_CHANGE,NEGATIVE:COMPLETED:SENSITIVE:SYNONYMOUS_NO_PROTEIN_CHANGE;NEGATIVE:COMPLETED:SENSITIVE:SYNONYMOUS_NO_PROTEIN_CHANGE,true,S,matched_final,true,,direct_record_match,,,
1319,Bedaquiline,Rv1979c,c.-70G>A,upstream_gene_variant,G3,,3) Uncertain significance,regulatory,,primary,S,excluded,,excluded_uncertain_g3_or_unmapped_grade,6,COMPLETED|PENDING,REGULATORY_SCENARIO_UNSUPPORTED,NEGATIVE:COMPLETED:UNKNOWN:REGULATORY_SCENARIO_UNSUPPORTED;NEGATIVE:PENDING::;NEGATIVE:COMPLETED:UNKNOWN:REGULATORY_SCENARIO_UNSUPPORTED;+3_more,,S,excluded,,excluded_uncertain_g3_or_unmapped_grade,,,,
1320,Bedaquiline,Rv1979c,c.741G>T,synonymous_variant,G4,S,4) Not assoc w R - Interim,snv,true,primary,S,matched_final,true,,2,COMPLETED,SYNONYMOUS_NO_PROTEIN_CHANGE,NEGATIVE:COMPLETED:SENSITIVE:SYNONYMOUS_NO_PROTEIN_CHANGE;NEGATIVE:COMPLETED:SENSITIVE:SYNONYMOUS_NO_PROTEIN_CHANGE,true,S,matched_final,true,,direct_record_match,,,
1321,Bedaquiline,Rv1979c,c.750G>A,synonymous_variant,G4,S,4) Not assoc w R - Interim,snv,true,primary,S,matched_final,true,,2,COMPLETED,SYNONYMOUS_NO_PROTEIN_CHANGE,NEGATIVE:COMPLETED:SENSITIVE:SYNONYMOUS_NO_PROTEIN_CHANGE;NEGATIVE:COMPLETED:SENSITIVE:SYNONYMOUS_NO_PROTEIN_CHANGE,true,S,matched_final,true,,direct_record_match,,,
1322,Bedaquiline,Rv1979c,c.754C>T,synonymous_variant,G4,S,4) Not assoc w R - Interim,snv,true,primary,S,matched_final,true,,2,COMPLETED,SYNONYMOUS_NO_PROTEIN_CHANGE,NEGATIVE:COMPLETED:SENSITIVE:SYNONYMOUS_NO_PROTEIN_CHANGE;NEGATIVE:COMPLETED:SENSITIVE:SYNONYMOUS_NO_PROTEIN_CHANGE,true,S,matched_final,true,,direct_record_match,,,
1323,Bedaquiline,Rv1979c,c.777G>A,synonymous_variant,G4,S,4) Not assoc w R - Interim,snv,true,primary,S,matched_final,true,,2,COMPLETED,SYNONYMOUS_NO_PROTEIN_CHANGE,NEGATIVE:COMPLETED:SENSITIVE:SYNONYMOUS_NO_PROTEIN_CHANGE;NEGATIVE:COMPLETED:SENSITIVE:SYNONYMOUS_NO_PROTEIN_CHANGE,true,S,matched_final,true,,direct_record_match,,,
1324,Bedaquiline,Rv1979c,c.-78_-67delACAGGCCGGGAG,upstream_gene_variant,G3,,3) Uncertain significance,regulatory,,primary,,excluded,,excluded_uncertain_g3_or_unmapped_grade,0,,,,,,excluded,,excluded_uncertain_g3_or_unmapped_grade,,,,
1325,Bedaquiline,Rv1979c,c.780C>T,synonymous_variant,G4,S,4) Not assoc w R - Interim,snv,true,primary,S,matched_final,true,,2,COMPLETED,SYNONYMOUS_NO_PROTEIN_CHANGE,NEGATIVE:COMPLETED:SENSITIVE:SYNONYMOUS_NO_PROTEIN_CHANGE;NEGATIVE:COMPLETED:SENSITIVE:SYNONYMOUS_NO_PROTEIN_CHANGE,true,S,matched_final,true,,direct_record_match,,,
1326,Bedaquiline,Rv1979c,c.802T>C,synonymous_variant,G4,S,4) Not assoc w R - Interim,snv,true,primary,S,matched_final,true,,2,COMPLETED,SYNONYMOUS_NO_PROTEIN_CHANGE,NEGATIVE:COMPLETED:SENSITIVE:SYNONYMOUS_NO_PROTEIN_CHANGE;NEGATIVE:COMPLETED:SENSITIVE:SYNONYMOUS_NO_PROTEIN_CHANGE,true,S,matched_final,true,,direct_record_match,,,
1327,Bedaquiline,Rv1979c,c.84C>T,synonymous_variant,G4,S,4) Not assoc w R - Interim,snv,true,primary,S,matched_final,true,,2,COMPLETED,SYNONYMOUS_NO_PROTEIN_CHANGE,NEGATIVE:COMPLETED:SENSITIVE:SYNONYMOUS_NO_PROTEIN_CHANGE;NEGATIVE:COMPLETED:SENSITIVE:SYNONYMOUS_NO_PROTEIN_CHANGE,true,S,matched_final,true,,direct_record_match,,,
1328,Bedaquiline,Rv1979c,c.867G>C,synonymous_variant,G4,S,4) Not assoc w R - Interim,snv,true,primary,S,matched_final,true,,2,COMPLETED,SYNONYMOUS_NO_PROTEIN_CHANGE,NEGATIVE:COMPLETED:SENSITIVE:SYNONYMOUS_NO_PROTEIN_CHANGE;NEGATIVE:COMPLETED:SENSITIVE:SYNONYMOUS_NO_PROTEIN_CHANGE,true,S,matched_final,true,,direct_record_match,,,
1329,Bedaquiline,Rv1979c,c.882C>G,synonymous_variant,G4,S,4) Not assoc w R - Interim,snv,true,primary,S,matched_final,true,,2,COMPLETED,SYNONYMOUS_NO_PROTEIN_CHANGE,NEGATIVE:COMPLETED:SENSITIVE:SYNONYMOUS_NO_PROTEIN_CHANGE;NEGATIVE:COMPLETED:SENSITIVE:SYNONYMOUS_NO_PROTEIN_CHANGE,true,S,matched_final,true,,direct_record_match,,,
1330,Bedaquiline,Rv1979c,c.93T>C,synonymous_variant,G4,S,4) Not assoc w R - Interim,snv,true,primary,S,matched_final,true,,2,COMPLETED,SYNONYMOUS_NO_PROTEIN_CHANGE,NEGATIVE:COMPLETED:SENSITIVE:SYNONYMOUS_NO_PROTEIN_CHANGE;NEGATIVE:COMPLETED:SENSITIVE:SYNONYMOUS_NO_PROTEIN_CHANGE,true,S,matched_final,true,,direct_record_match,,,
1331,Bedaquiline,Rv1979c,c.-96C>T,upstream_gene_variant,G3,,3) Uncertain significance,regulatory,,primary,S,excluded,,excluded_uncertain_g3_or_unmapped_grade,2,COMPLETED|PENDING,REGULATORY_SCENARIO_UNSUPPORTED,NEGATIVE:COMPLETED:UNKNOWN:REGULATORY_SCENARIO_UNSUPPORTED;NEGATIVE:PENDING::,,S,excluded,,excluded_uncertain_g3_or_unmapped_grade,,,,
1332,Bedaquiline,Rv1979c,deletion,feature_ablation,G3,,3) Uncertain significance,indel,,primary,,excluded,,excluded_uncertain_g3_or_unmapped_grade,0,,,,,,excluded,,excluded_uncertain_g3_or_unmapped_grade,,,,
1333,Bedaquiline,Rv1979c,LoF,LoF,G3,,3) Uncertain significance,generic_lof,,primary,,excluded,,excluded_uncertain_g3_or_unmapped_grade,0,,,,,,excluded,,excluded_uncertain_g3_or_unmapped_grade,,,,
1334,Bedaquiline,Rv1979c,p.Ala105Asp,missense_variant,G3,,3) Uncertain significance,protein_substitution,,primary,R,excluded,,excluded_uncertain_g3_or_unmapped_grade,2,LOSS_OF_FUNCTION|PENDING,NEGATIVE_LOF_REVIEWED,NEGATIVE:LOSS_OF_FUNCTION:RESISTANT:NEGATIVE_LOF_REVIEWED;NEGATIVE:PENDING::,,R,excluded,,excluded_uncertain_g3_or_unmapped_grade,,,,
1335,Bedaquiline,Rv1979c,p.Ala105Thr,missense_variant,G3,,3) Uncertain significance,protein_substitution,,primary,,excluded,,excluded_uncertain_g3_or_unmapped_grade,2,FAILED|PENDING,,NEGATIVE:FAILED::;NEGATIVE:PENDING::,,,excluded,,excluded_uncertain_g3_or_unmapped_grade,,,,
1336,Bedaquiline,Rv1979c,p.Ala10Val,missense_variant,G3,,3) Uncertain significance,protein_substitution,,primary,,excluded,,excluded_uncertain_g3_or_unmapped_grade,2,FAILED|PENDING,ANALYSIS_FAILED,NEGATIVE:FAILED:UNKNOWN:ANALYSIS_FAILED;NEGATIVE:PENDING::,,,excluded,,excluded_uncertain_g3_or_unmapped_grade,,,,
1337,Bedaquiline,Rv1979c,p.Ala121Val,missense_variant,G3,,3) Uncertain significance,protein_substitution,,primary,,excluded,,excluded_uncertain_g3_or_unmapped_grade,2,FAILED|PENDING,,NEGATIVE:FAILED::;NEGATIVE:PENDING::,,,excluded,,excluded_uncertain_g3_or_unmapped_grade,,,,
1338,Bedaquiline,Rv1979c,p.Ala126Thr,missense_variant,G3,,3) Uncertain significance,protein_substitution,,primary,,excluded,,excluded_uncertain_g3_or_unmapped_grade,2,FAILED|PENDING,,NEGATIVE:FAILED::;NEGATIVE:PENDING::,,,excluded,,excluded_uncertain_g3_or_unmapped_grade,,,,
1339,Bedaquiline,Rv1979c,p.Ala158Thr,missense_variant,G3,,3) Uncertain significance,protein_substitution,,primary,,excluded,,excluded_uncertain_g3_or_unmapped_grade,2,FAILED|PENDING,,NEGATIVE:FAILED::;NEGATIVE:PENDING::,,,excluded,,excluded_uncertain_g3_or_unmapped_grade,,,,
1340,Bedaquiline,Rv1979c,p.Ala199Gly,missense_variant,G3,,3) Uncertain significance,protein_substitution,,primary,,excluded,,excluded_uncertain_g3_or_unmapped_grade,2,FAILED|PENDING,,NEGATIVE:FAILED::;NEGATIVE:PENDING::,,,excluded,,excluded_uncertain_g3_or_unmapped_grade,,,,
1341,Bedaquiline,Rv1979c,p.Ala202Ser,missense_variant,G3,,3) Uncertain significance,protein_substitution,,primary,,excluded,,excluded_uncertain_g3_or_unmapped_grade,2,FAILED|PENDING,,NEGATIVE:FAILED::;NEGATIVE:PENDING::,,,excluded,,excluded_uncertain_g3_or_unmapped_grade,,,,
1342,Bedaquiline,Rv1979c,p.Ala222Thr,missense_variant,G3,,3) Uncertain significance,protein_substitution,,primary,,excluded,,excluded_uncertain_g3_or_unmapped_grade,2,FAILED|PENDING,ANALYSIS_FAILED,NEGATIVE:FAILED:UNKNOWN:ANALYSIS_FAILED;NEGATIVE:PENDING::,,,excluded,,excluded_uncertain_g3_or_unmapped_grade,,,,
1343,Bedaquiline,Rv1979c,p.Ala247Thr,missense_variant,G3,,3) Uncertain significance,protein_substitution,,primary,,excluded,,excluded_uncertain_g3_or_unmapped_grade,2,FAILED|PENDING,,NEGATIVE:FAILED::;NEGATIVE:PENDING::,,,excluded,,excluded_uncertain_g3_or_unmapped_grade,,,,
1344,Bedaquiline,Rv1979c,p.Ala247Val,missense_variant,G3,,3) Uncertain significance,protein_substitution,,primary,,excluded,,excluded_uncertain_g3_or_unmapped_grade,2,FAILED|PENDING,,NEGATIVE:FAILED::;NEGATIVE:PENDING::,,,excluded,,excluded_uncertain_g3_or_unmapped_grade,,,,
1345,Bedaquiline,Rv1979c,p.Ala259Glu,missense_variant,G3,,3) Uncertain significance,protein_substitution,,primary,R,excluded,,excluded_uncertain_g3_or_unmapped_grade,2,LOSS_OF_FUNCTION|PENDING,NEGATIVE_LOF_REVIEWED,NEGATIVE:LOSS_OF_FUNCTION:RESISTANT:NEGATIVE_LOF_REVIEWED;NEGATIVE:PENDING::,,R,excluded,,excluded_uncertain_g3_or_unmapped_grade,,,,
1346,Bedaquiline,Rv1979c,p.Ala259Thr,missense_variant,G3,,3) Uncertain significance,protein_substitution,,primary,,excluded,,excluded_uncertain_g3_or_unmapped_grade,2,FAILED|PENDING,ANALYSIS_FAILED,NEGATIVE:FAILED:UNKNOWN:ANALYSIS_FAILED;NEGATIVE:PENDING::,,,excluded,,excluded_uncertain_g3_or_unmapped_grade,,,,
1347,Bedaquiline,Rv1979c,p.Ala298Ser,missense_variant,G3,,3) Uncertain significance,protein_substitution,,primary,,excluded,,excluded_uncertain_g3_or_unmapped_grade,2,FAILED|PENDING,,NEGATIVE:FAILED::;NEGATIVE:PENDING::,,,excluded,,excluded_uncertain_g3_or_unmapped_grade,,,,
1348,Bedaquiline,Rv1979c,p.Ala331Val,missense_variant,G3,,3) Uncertain significance,protein_substitution,,primary,,excluded,,excluded_uncertain_g3_or_unmapped_grade,2,FAILED|PENDING,ANALYSIS_FAILED,NEGATIVE:FAILED:UNKNOWN:ANALYSIS_FAILED;NEGATIVE:PENDING::,,,excluded,,excluded_uncertain_g3_or_unmapped_grade,,,,
1349,Bedaquiline,Rv1979c,p.Ala357Val,missense_variant,G3,,3) Uncertain significance,protein_substitution,,primary,,excluded,,excluded_uncertain_g3_or_unmapped_grade,2,FAILED|PENDING,,NEGATIVE:FAILED::;NEGATIVE:PENDING::,,,excluded,,excluded_uncertain_g3_or_unmapped_grade,,,,
1350,Bedaquiline,Rv1979c,p.Ala378Thr,missense_variant,G3,,3) Uncertain significance,protein_substitution,,primary,,excluded,,excluded_uncertain_g3_or_unmapped_grade,2,FAILED|PENDING,,NEGATIVE:FAILED::;NEGATIVE:PENDING::,,,excluded,,excluded_uncertain_g3_or_unmapped_grade,,,,
1351,Bedaquiline,Rv1979c,p.Ala401Thr,missense_variant,G3,,3) Uncertain significance,protein_substitution,,primary,,excluded,,excluded_uncertain_g3_or_unmapped_grade,2,FAILED|PENDING,,NEGATIVE:FAILED::;NEGATIVE:PENDING::,,,excluded,,excluded_uncertain_g3_or_unmapped_grade,,,,
1352,Bedaquiline,Rv1979c,p.Ala405Pro,missense_variant,G3,,3) Uncertain significance,protein_substitution,,primary,,excluded,,excluded_uncertain_g3_or_unmapped_grade,2,FAILED|PENDING,,NEGATIVE:FAILED::;NEGATIVE:PENDING::,,,excluded,,excluded_uncertain_g3_or_unmapped_grade,,,,
1353,Bedaquiline,Rv1979c,p.Ala406Thr,missense_variant,G3,,3) Uncertain significance,protein_substitution,,primary,,excluded,,excluded_uncertain_g3_or_unmapped_grade,2,FAILED|PENDING,,NEGATIVE:FAILED::;NEGATIVE:PENDING::,,,excluded,,excluded_uncertain_g3_or_unmapped_grade,,,,
1354,Bedaquiline,Rv1979c,p.Ala429fs,frameshift,G3,,3) Uncertain significance,frameshift,,primary,,excluded,,excluded_uncertain_g3_or_unmapped_grade,0,,,,,,excluded,,excluded_uncertain_g3_or_unmapped_grade,,,,
1355,Bedaquiline,Rv1979c,p.Ala461Glu,missense_variant,G3,,3) Uncertain significance,protein_substitution,,primary,,excluded,,excluded_uncertain_g3_or_unmapped_grade,2,FAILED|PENDING,ANALYSIS_FAILED,NEGATIVE:FAILED:UNKNOWN:ANALYSIS_FAILED;NEGATIVE:PENDING::,,,excluded,,excluded_uncertain_g3_or_unmapped_grade,,,,
1356,Bedaquiline,Rv1979c,p.Ala47Thr,missense_variant,G3,,3) Uncertain significance,protein_substitution,,primary,,excluded,,excluded_uncertain_g3_or_unmapped_grade,2,FAILED|PENDING,,NEGATIVE:FAILED::;NEGATIVE:PENDING::,,,excluded,,excluded_uncertain_g3_or_unmapped_grade,,,,
1357,Bedaquiline,Rv1979c,p.Ala66Ser,missense_variant,G3,,3) Uncertain significance,protein_substitution,,primary,,excluded,,excluded_uncertain_g3_or_unmapped_grade,2,FAILED|PENDING,ANALYSIS_FAILED,NEGATIVE:FAILED:UNKNOWN:ANALYSIS_FAILED;NEGATIVE:PENDING::,,,excluded,,excluded_uncertain_g3_or_unmapped_grade,,,,
1358,Bedaquiline,Rv1979c,p.Ala66Val,missense_variant,G3,,3) Uncertain significance,protein_substitution,,primary,,excluded,,excluded_uncertain_g3_or_unmapped_grade,2,FAILED|PENDING,ANALYSIS_FAILED,NEGATIVE:FAILED:UNKNOWN:ANALYSIS_FAILED;NEGATIVE:PENDING::,,,excluded,,excluded_uncertain_g3_or_unmapped_grade,,,,
1359,Bedaquiline,Rv1979c,p.Ala84Thr,missense_variant,G3,,3) Uncertain significance,protein_substitution,,primary,,excluded,,excluded_uncertain_g3_or_unmapped_grade,2,FAILED|PENDING,,NEGATIVE:FAILED::;NEGATIVE:PENDING::,,,excluded,,excluded_uncertain_g3_or_unmapped_grade,,,,
1360,Bedaquiline,Rv1979c,p.Ala85Gly,missense_variant,G3,,3) Uncertain significance,protein_substitution,,primary,,excluded,,excluded_uncertain_g3_or_unmapped_grade,2,FAILED|PENDING,ANALYSIS_FAILED,NEGATIVE:FAILED:UNKNOWN:ANALYSIS_FAILED;NEGATIVE:PENDING::,,,excluded,,excluded_uncertain_g3_or_unmapped_grade,,,,
1361,Bedaquiline,Rv1979c,p.Ala85Thr,missense_variant,G3,,3) Uncertain significance,protein_substitution,,primary,,excluded,,excluded_uncertain_g3_or_unmapped_grade,2,FAILED|PENDING,ANALYSIS_FAILED,NEGATIVE:FAILED:UNKNOWN:ANALYSIS_FAILED;NEGATIVE:PENDING::,,,excluded,,excluded_uncertain_g3_or_unmapped_grade,,,,
1362,Bedaquiline,Rv1979c,p.Arg409Gln,missense_variant,G3,,3) Uncertain significance,protein_substitution,,primary,,excluded,,excluded_uncertain_g3_or_unmapped_grade,2,FAILED|PENDING,,NEGATIVE:FAILED::;NEGATIVE:PENDING::,,,excluded,,excluded_uncertain_g3_or_unmapped_grade,,,,
1363,Bedaquiline,Rv1979c,p.Arg441Trp,missense_variant,G3,,3) Uncertain significance,protein_substitution,,primary,,excluded,,excluded_uncertain_g3_or_unmapped_grade,2,FAILED|PENDING,,NEGATIVE:FAILED::;NEGATIVE:PENDING::,,,excluded,,excluded_uncertain_g3_or_unmapped_grade,,,,
1364,Bedaquiline,Rv1979c,p.Arg473dup,inframe_insertion,G3,,3) Uncertain significance,indel,,primary,,excluded,,excluded_uncertain_g3_or_unmapped_grade,0,,,,,,excluded,,excluded_uncertain_g3_or_unmapped_grade,,,,
1365,Bedaquiline,Rv1979c,p.Arg7Lys,missense_variant,G3,,3) Uncertain significance,protein_substitution,,primary,,excluded,,excluded_uncertain_g3_or_unmapped_grade,2,FAILED|PENDING,,NEGATIVE:FAILED::;NEGATIVE:PENDING::,,,excluded,,excluded_uncertain_g3_or_unmapped_grade,,,,
1366,Bedaquiline,Rv1979c,p.Arg7Ser,missense_variant,G3,,3) Uncertain significance,protein_substitution,,primary,,excluded,,excluded_uncertain_g3_or_unmapped_grade,4,FAILED|PENDING,,NEGATIVE:FAILED::;NEGATIVE:FAILED::;NEGATIVE:PENDING::;+1_more,,,excluded,,excluded_uncertain_g3_or_unmapped_grade,,,,
1367,Bedaquiline,Rv1979c,p.Arg88fs,frameshift,G3,,3) Uncertain significance,frameshift,,primary,,excluded,,excluded_uncertain_g3_or_unmapped_grade,0,,,,,,excluded,,excluded_uncertain_g3_or_unmapped_grade,,,,
1368,Bedaquiline,Rv1979c,p.Arg88His,missense_variant,G3,,3) Uncertain significance,protein_substitution,,primary,,excluded,,excluded_uncertain_g3_or_unmapped_grade,2,FAILED|PENDING,,NEGATIVE:FAILED::;NEGATIVE:PENDING::,,,excluded,,excluded_uncertain_g3_or_unmapped_grade,,,,
1369,Bedaquiline,Rv1979c,p.Arg88Leu,missense_variant,G3,,3) Uncertain significance,protein_substitution,,primary,R,excluded,,excluded_uncertain_g3_or_unmapped_grade,2,LOSS_OF_FUNCTION|PENDING,NEGATIVE_LOF_REVIEWED,NEGATIVE:LOSS_OF_FUNCTION:RESISTANT:NEGATIVE_LOF_REVIEWED;NEGATIVE:PENDING::,,R,excluded,,excluded_uncertain_g3_or_unmapped_grade,,,,
1370,Bedaquiline,Rv1979c,p.Asn240fs,frameshift,G3,,3) Uncertain significance,frameshift,,primary,,excluded,,excluded_uncertain_g3_or_unmapped_grade,0,,,,,,excluded,,excluded_uncertain_g3_or_unmapped_grade,,,,
1371,Bedaquiline,Rv1979c,p.Asn297Ser,missense_variant,G3,,3) Uncertain significance,protein_substitution,,primary,,excluded,,excluded_uncertain_g3_or_unmapped_grade,2,FAILED|PENDING,,NEGATIVE:FAILED::;NEGATIVE:PENDING::,,,excluded,,excluded_uncertain_g3_or_unmapped_grade,,,,
1372,Bedaquiline,Rv1979c,p.Asp129fs,frameshift,G3,,3) Uncertain significance,frameshift,,primary,,excluded,,excluded_uncertain_g3_or_unmapped_grade,0,,,,,,excluded,,excluded_uncertain_g3_or_unmapped_grade,,,,
1373,Bedaquiline,Rv1979c,p.Asp249Glu,missense_variant,G3,,3) Uncertain significance,protein_substitution,,primary,,excluded,,excluded_uncertain_g3_or_unmapped_grade,4,FAILED|PENDING,,NEGATIVE:FAILED::;NEGATIVE:FAILED::;NEGATIVE:PENDING::;+1_more,,,excluded,,excluded_uncertain_g3_or_unmapped_grade,,,,
1374,Bedaquiline,Rv1979c,p.Asp286Gly,missense_variant,G4,S,4) Not assoc w R - Interim,protein_substitution,true,primary,S,matched_final,true,,2,COMPLETED|PENDING,NEGATIVE_FUNCTION_RETAINED,NEGATIVE:COMPLETED:SENSITIVE:NEGATIVE_FUNCTION_RETAINED;NEGATIVE:PENDING::,true,S,matched_final,true,,direct_record_match,,,
1375,Bedaquiline,Rv1979c,p.Asp347Gly,missense_variant,G3,,3) Uncertain significance,protein_substitution,,primary,,excluded,,excluded_uncertain_g3_or_unmapped_grade,2,FAILED|PENDING,,NEGATIVE:FAILED::;NEGATIVE:PENDING::,,,excluded,,excluded_uncertain_g3_or_unmapped_grade,,,,
1376,Bedaquiline,Rv1979c,p.Gln188fs,frameshift,G3,,3) Uncertain significance,frameshift,,primary,,excluded,,excluded_uncertain_g3_or_unmapped_grade,0,,,,,,excluded,,excluded_uncertain_g3_or_unmapped_grade,,,,
1377,Bedaquiline,Rv1979c,p.Gln385*,stop_gained,G3,,3) Uncertain significance,nonsense,,primary,R,excluded,,excluded_uncertain_g3_or_unmapped_grade,2,LOSS_OF_FUNCTION|PENDING,NEGATIVE_LOF_SIGNATURE,NEGATIVE:LOSS_OF_FUNCTION:RESISTANT:NEGATIVE_LOF_SIGNATURE;NEGATIVE:PENDING::,,R,excluded,,excluded_uncertain_g3_or_unmapped_grade,,,,
1378,Bedaquiline,Rv1979c,p.Glu38Asp,missense_variant,G3,,3) Uncertain significance,protein_substitution,,primary,,excluded,,excluded_uncertain_g3_or_unmapped_grade,4,FAILED|PENDING,ANALYSIS_FAILED,NEGATIVE:FAILED:UNKNOWN:ANALYSIS_FAILED;NEGATIVE:FAILED:UNKNOWN:ANALYSIS_FAILED;NEGATIVE:PENDING::;+1_more,,,excluded,,excluded_uncertain_g3_or_unmapped_grade,,,,
1379,Bedaquiline,Rv1979c,p.Glu38Lys,missense_variant,G3,,3) Uncertain significance,protein_substitution,,primary,,excluded,,excluded_uncertain_g3_or_unmapped_grade,2,FAILED|PENDING,ANALYSIS_FAILED,NEGATIVE:FAILED:UNKNOWN:ANALYSIS_FAILED;NEGATIVE:PENDING::,,,excluded,,excluded_uncertain_g3_or_unmapped_grade,,,,
1380,Bedaquiline,Rv1979c,p.Glu403Gly,missense_variant,G3,,3) Uncertain significance,protein_substitution,,primary,,excluded,,excluded_uncertain_g3_or_unmapped_grade,2,FAILED|PENDING,,NEGATIVE:FAILED::;NEGATIVE:PENDING::,,,excluded,,excluded_uncertain_g3_or_unmapped_grade,,,,
1381,Bedaquiline,Rv1979c,p.Gly107Ala,missense_variant,G3,,3) Uncertain significance,protein_substitution,,primary,,excluded,,excluded_uncertain_g3_or_unmapped_grade,2,FAILED|PENDING,,NEGATIVE:FAILED::;NEGATIVE:PENDING::,,,excluded,,excluded_uncertain_g3_or_unmapped_grade,,,,
1382,Bedaquiline,Rv1979c,p.Gly181_Ile185del,inframe_deletion,G3,,3) Uncertain significance,indel,,primary,,excluded,,excluded_uncertain_g3_or_unmapped_grade,0,,,,,,excluded,,excluded_uncertain_g3_or_unmapped_grade,,,,
1383,Bedaquiline,Rv1979c,p.Gly181Glu,missense_variant,G3,,3) Uncertain significance,protein_substitution,,primary,,excluded,,excluded_uncertain_g3_or_unmapped_grade,2,FAILED|PENDING,ANALYSIS_FAILED,NEGATIVE:FAILED:UNKNOWN:ANALYSIS_FAILED;NEGATIVE:PENDING::,,,excluded,,excluded_uncertain_g3_or_unmapped_grade,,,,
1384,Bedaquiline,Rv1979c,p.Gly214Ser,missense_variant,G3,,3) Uncertain significance,protein_substitution,,primary,,excluded,,excluded_uncertain_g3_or_unmapped_grade,2,FAILED|PENDING,ANALYSIS_FAILED,NEGATIVE:FAILED:UNKNOWN:ANALYSIS_FAILED;NEGATIVE:PENDING::,,,excluded,,excluded_uncertain_g3_or_unmapped_grade,,,,
1385,Bedaquiline,Rv1979c,p.Gly216Asp,missense_variant,G3,,3) Uncertain significance,protein_substitution,,primary,,excluded,,excluded_uncertain_g3_or_unmapped_grade,2,FAILED|PENDING,,NEGATIVE:FAILED::;NEGATIVE:PENDING::,,,excluded,,excluded_uncertain_g3_or_unmapped_grade,,,,
1386,Bedaquiline,Rv1979c,p.Gly334Glu,missense_variant,G3,,3) Uncertain significance,protein_substitution,,primary,,excluded,,excluded_uncertain_g3_or_unmapped_grade,2,FAILED|PENDING,,NEGATIVE:FAILED::;NEGATIVE:PENDING::,,,excluded,,excluded_uncertain_g3_or_unmapped_grade,,,,
1387,Bedaquiline,Rv1979c,p.His12Tyr,missense_variant,G3,,3) Uncertain significance,protein_substitution,,primary,,excluded,,excluded_uncertain_g3_or_unmapped_grade,2,FAILED|PENDING,ANALYSIS_FAILED,NEGATIVE:FAILED:UNKNOWN:ANALYSIS_FAILED;NEGATIVE:PENDING::,,,excluded,,excluded_uncertain_g3_or_unmapped_grade,,,,
1388,Bedaquiline,Rv1979c,p.His404Tyr,missense_variant,G3,,3) Uncertain significance,protein_substitution,,primary,,excluded,,excluded_uncertain_g3_or_unmapped_grade,2,FAILED|PENDING,ANALYSIS_FAILED,NEGATIVE:FAILED:UNKNOWN:ANALYSIS_FAILED;NEGATIVE:PENDING::,,,excluded,,excluded_uncertain_g3_or_unmapped_grade,,,,
1389,Bedaquiline,Rv1979c,p.His98Tyr,missense_variant,G3,,3) Uncertain significance,protein_substitution,,primary,,excluded,,excluded_uncertain_g3_or_unmapped_grade,2,FAILED|PENDING,,NEGATIVE:FAILED::;NEGATIVE:PENDING::,,,excluded,,excluded_uncertain_g3_or_unmapped_grade,,,,
1390,Bedaquiline,Rv1979c,p.Ile100del,inframe_deletion,G3,,3) Uncertain significance,indel,,primary,,excluded,,excluded_uncertain_g3_or_unmapped_grade,0,,,,,,excluded,,excluded_uncertain_g3_or_unmapped_grade,,,,
1391,Bedaquiline,Rv1979c,p.Ile104Thr,missense_variant,G3,,3) Uncertain significance,protein_substitution,,primary,,excluded,,excluded_uncertain_g3_or_unmapped_grade,2,FAILED|PENDING,,NEGATIVE:FAILED::;NEGATIVE:PENDING::,,,excluded,,excluded_uncertain_g3_or_unmapped_grade,,,,
1392,Bedaquiline,Rv1979c,p.Ile226Thr,missense_variant,G3,,3) Uncertain significance,protein_substitution,,primary,,excluded,,excluded_uncertain_g3_or_unmapped_grade,2,FAILED|PENDING,,NEGATIVE:FAILED::;NEGATIVE:PENDING::,,,excluded,,excluded_uncertain_g3_or_unmapped_grade,,,,
1393,Bedaquiline,Rv1979c,p.Ile238Thr,missense_variant,G3,,3) Uncertain significance,protein_substitution,,primary,,excluded,,excluded_uncertain_g3_or_unmapped_grade,2,FAILED|PENDING,ANALYSIS_FAILED,NEGATIVE:FAILED:UNKNOWN:ANALYSIS_FAILED;NEGATIVE:PENDING::,,,excluded,,excluded_uncertain_g3_or_unmapped_grade,,,,
1394,Bedaquiline,Rv1979c,p.Ile256Thr,missense_variant,G3,,3) Uncertain significance,protein_substitution,,primary,,excluded,,excluded_uncertain_g3_or_unmapped_grade,2,FAILED|PENDING,ANALYSIS_FAILED,NEGATIVE:FAILED:UNKNOWN:ANALYSIS_FAILED;NEGATIVE:PENDING::,,,excluded,,excluded_uncertain_g3_or_unmapped_grade,,,,
1395,Bedaquiline,Rv1979c,p.Ile304_Ala381del,inframe_deletion,G3,,3) Uncertain significance,indel,,primary,,excluded,,excluded_uncertain_g3_or_unmapped_grade,0,,,,,,excluded,,excluded_uncertain_g3_or_unmapped_grade,,,,
1396,Bedaquiline,Rv1979c,p.Ile394Thr,missense_variant,G3,,3) Uncertain significance,protein_substitution,,primary,,excluded,,excluded_uncertain_g3_or_unmapped_grade,2,FAILED|PENDING,ANALYSIS_FAILED,NEGATIVE:FAILED:UNKNOWN:ANALYSIS_FAILED;NEGATIVE:PENDING::,,,excluded,,excluded_uncertain_g3_or_unmapped_grade,,,,
1397,Bedaquiline,Rv1979c,p.Ile394Val,missense_variant,G3,,3) Uncertain significance,protein_substitution,,primary,,excluded,,excluded_uncertain_g3_or_unmapped_grade,2,FAILED|PENDING,,NEGATIVE:FAILED::;NEGATIVE:PENDING::,,,excluded,,excluded_uncertain_g3_or_unmapped_grade,,,,
1398,Bedaquiline,Rv1979c,p.Leu14Arg,missense_variant,G3,,3) Uncertain significance,protein_substitution,,primary,,excluded,,excluded_uncertain_g3_or_unmapped_grade,2,FAILED|PENDING,,NEGATIVE:FAILED::;NEGATIVE:PENDING::,,,excluded,,excluded_uncertain_g3_or_unmapped_grade,,,,
1399,Bedaquiline,Rv1979c,p.Leu174Phe,missense_variant,G3,,3) Uncertain significance,protein_substitution,,primary,,excluded,,excluded_uncertain_g3_or_unmapped_grade,2,FAILED|PENDING,,NEGATIVE:FAILED::;NEGATIVE:PENDING::,,,excluded,,excluded_uncertain_g3_or_unmapped_grade,,,,
1400,Bedaquiline,Rv1979c,p.Leu229del,inframe_deletion,G3,,3) Uncertain significance,indel,,primary,,excluded,,excluded_uncertain_g3_or_unmapped_grade,0,,,,,,excluded,,excluded_uncertain_g3_or_unmapped_grade,,,,
1401,Bedaquiline,Rv1979c,p.Leu229Ser,missense_variant,G3,,3) Uncertain significance,protein_substitution,,primary,R,excluded,,excluded_uncertain_g3_or_unmapped_grade,2,LOSS_OF_FUNCTION|PENDING,NEGATIVE_LOF_REVIEWED,NEGATIVE:LOSS_OF_FUNCTION:RESISTANT:NEGATIVE_LOF_REVIEWED;NEGATIVE:PENDING::,,R,excluded,,excluded_uncertain_g3_or_unmapped_grade,,,,
1402,Bedaquiline,Rv1979c,p.Leu330Val,missense_variant,G3,,3) Uncertain significance,protein_substitution,,primary,,excluded,,excluded_uncertain_g3_or_unmapped_grade,2,FAILED|PENDING,,NEGATIVE:FAILED::;NEGATIVE:PENDING::,,,excluded,,excluded_uncertain_g3_or_unmapped_grade,,,,
1403,Bedaquiline,Rv1979c,p.Leu419Val,missense_variant,G3,,3) Uncertain significance,protein_substitution,,primary,,excluded,,excluded_uncertain_g3_or_unmapped_grade,2,FAILED|PENDING,,NEGATIVE:FAILED::;NEGATIVE:PENDING::,,,excluded,,excluded_uncertain_g3_or_unmapped_grade,,,,
1404,Bedaquiline,Rv1979c,p.Lys13Gln,missense_variant,G3,,3) Uncertain significance,protein_substitution,,primary,,excluded,,excluded_uncertain_g3_or_unmapped_grade,2,FAILED|PENDING,ANALYSIS_FAILED,NEGATIVE:FAILED:UNKNOWN:ANALYSIS_FAILED;NEGATIVE:PENDING::,,,excluded,,excluded_uncertain_g3_or_unmapped_grade,,,,
1405,Bedaquiline,Rv1979c,p.Met1?,start_lost,G3,,3) Uncertain significance,start_lost,,primary,,excluded,,excluded_uncertain_g3_or_unmapped_grade,0,,,,,,excluded,,excluded_uncertain_g3_or_unmapped_grade,,,,
1406,Bedaquiline,Rv1979c,p.Met245Leu,missense_variant,G3,,3) Uncertain significance,protein_substitution,,primary,,excluded,,excluded_uncertain_g3_or_unmapped_grade,4,FAILED|PENDING,ANALYSIS_FAILED,NEGATIVE:FAILED:UNKNOWN:ANALYSIS_FAILED;NEGATIVE:FAILED:UNKNOWN:ANALYSIS_FAILED;NEGATIVE:PENDING::;+1_more,,,excluded,,excluded_uncertain_g3_or_unmapped_grade,,,,
1407,Bedaquiline,Rv1979c,p.Met275Thr,missense_variant,G3,,3) Uncertain significance,protein_substitution,,primary,,excluded,,excluded_uncertain_g3_or_unmapped_grade,2,FAILED|PENDING,ANALYSIS_FAILED,NEGATIVE:FAILED:UNKNOWN:ANALYSIS_FAILED;NEGATIVE:PENDING::,,,excluded,,excluded_uncertain_g3_or_unmapped_grade,,,,
1408,Bedaquiline,Rv1979c,p.Met49Ile,missense_variant,G3,,3) Uncertain significance,protein_substitution,,primary,,excluded,,excluded_uncertain_g3_or_unmapped_grade,6,FAILED|PENDING,ANALYSIS_FAILED,NEGATIVE:FAILED:UNKNOWN:ANALYSIS_FAILED;NEGATIVE:FAILED::;NEGATIVE:FAILED::;+3_more,,,excluded,,excluded_uncertain_g3_or_unmapped_grade,,,,
1409,Bedaquiline,Rv1979c,p.Phe113fs,frameshift,G3,,3) Uncertain significance,frameshift,,primary,,excluded,,excluded_uncertain_g3_or_unmapped_grade,0,,,,,,excluded,,excluded_uncertain_g3_or_unmapped_grade,,,,
1410,Bedaquiline,Rv1979c,p.Phe122Leu,missense_variant,G3,,3) Uncertain significance,protein_substitution,,primary,,excluded,,excluded_uncertain_g3_or_unmapped_grade,6,FAILED|PENDING,ANALYSIS_FAILED,NEGATIVE:FAILED::;NEGATIVE:FAILED:UNKNOWN:ANALYSIS_FAILED;NEGATIVE:FAILED::;+3_more,,,excluded,,excluded_uncertain_g3_or_unmapped_grade,,,,
1411,Bedaquiline,Rv1979c,p.Phe144Cys,missense_variant,G3,,3) Uncertain significance,protein_substitution,,primary,,excluded,,excluded_uncertain_g3_or_unmapped_grade,2,FAILED|PENDING,,NEGATIVE:FAILED::;NEGATIVE:PENDING::,,,excluded,,excluded_uncertain_g3_or_unmapped_grade,,,,
1412,Bedaquiline,Rv1979c,p.Phe144fs,frameshift,G3,,3) Uncertain significance,frameshift,,primary,,excluded,,excluded_uncertain_g3_or_unmapped_grade,0,,,,,,excluded,,excluded_uncertain_g3_or_unmapped_grade,,,,
1413,Bedaquiline,Rv1979c,p.Phe154Val,missense_variant,G3,,3) Uncertain significance,protein_substitution,,primary,,excluded,,excluded_uncertain_g3_or_unmapped_grade,2,FAILED|PENDING,,NEGATIVE:FAILED::;NEGATIVE:PENDING::,,,excluded,,excluded_uncertain_g3_or_unmapped_grade,,,,
1414,Bedaquiline,Rv1979c,p.Phe172Ser,missense_variant,G3,,3) Uncertain significance,protein_substitution,,primary,,excluded,,excluded_uncertain_g3_or_unmapped_grade,2,FAILED|PENDING,ANALYSIS_FAILED,NEGATIVE:FAILED:UNKNOWN:ANALYSIS_FAILED;NEGATIVE:PENDING::,,,excluded,,excluded_uncertain_g3_or_unmapped_grade,,,,
1415,Bedaquiline,Rv1979c,p.Phe300Leu,missense_variant,G3,,3) Uncertain significance,protein_substitution,,primary,,excluded,,excluded_uncertain_g3_or_unmapped_grade,6,FAILED|PENDING,ANALYSIS_FAILED,NEGATIVE:FAILED::;NEGATIVE:FAILED:UNKNOWN:ANALYSIS_FAILED;NEGATIVE:FAILED::;+3_more,,,excluded,,excluded_uncertain_g3_or_unmapped_grade,,,,
1416,Bedaquiline,Rv1979c,p.Phe300Val,missense_variant,G3,,3) Uncertain significance,protein_substitution,,primary,,excluded,,excluded_uncertain_g3_or_unmapped_grade,2,FAILED|PENDING,,NEGATIVE:FAILED::;NEGATIVE:PENDING::,,,excluded,,excluded_uncertain_g3_or_unmapped_grade,,,,
1417,Bedaquiline,Rv1979c,p.Phe386Val,missense_variant,G3,,3) Uncertain significance,protein_substitution,,primary,,excluded,,excluded_uncertain_g3_or_unmapped_grade,2,FAILED|PENDING,ANALYSIS_FAILED,NEGATIVE:FAILED:UNKNOWN:ANALYSIS_FAILED;NEGATIVE:PENDING::,,,excluded,,excluded_uncertain_g3_or_unmapped_grade,,,,
1418,Bedaquiline,Rv1979c,p.Phe412Cys,missense_variant,G3,,3) Uncertain significance,protein_substitution,,primary,,excluded,,excluded_uncertain_g3_or_unmapped_grade,2,FAILED|PENDING,ANALYSIS_FAILED,NEGATIVE:FAILED:UNKNOWN:ANALYSIS_FAILED;NEGATIVE:PENDING::,,,excluded,,excluded_uncertain_g3_or_unmapped_grade,,,,
1419,Bedaquiline,Rv1979c,p.Pro123Ser,missense_variant,G3,,3) Uncertain significance,protein_substitution,,primary,,excluded,,excluded_uncertain_g3_or_unmapped_grade,2,FAILED|PENDING,,NEGATIVE:FAILED::;NEGATIVE:PENDING::,,,excluded,,excluded_uncertain_g3_or_unmapped_grade,,,,
1420,Bedaquiline,Rv1979c,p.Pro36Ser,missense_variant,G3,,3) Uncertain significance,protein_substitution,,primary,R,excluded,,excluded_uncertain_g3_or_unmapped_grade,2,LOSS_OF_FUNCTION|PENDING,NEGATIVE_LOF_REVIEWED,NEGATIVE:LOSS_OF_FUNCTION:RESISTANT:NEGATIVE_LOF_REVIEWED;NEGATIVE:PENDING::,,R,excluded,,excluded_uncertain_g3_or_unmapped_grade,,,,
1421,Bedaquiline,Rv1979c,p.Pro478Gln,missense_variant,G3,,3) Uncertain significance,protein_substitution,,primary,,excluded,,excluded_uncertain_g3_or_unmapped_grade,2,FAILED|PENDING,,NEGATIVE:FAILED::;NEGATIVE:PENDING::,,,excluded,,excluded_uncertain_g3_or_unmapped_grade,,,,
1422,Bedaquiline,Rv1979c,p.Pro4Ala,missense_variant,G3,,3) Uncertain significance,protein_substitution,,primary,,excluded,,excluded_uncertain_g3_or_unmapped_grade,2,FAILED|PENDING,,NEGATIVE:FAILED::;NEGATIVE:PENDING::,,,excluded,,excluded_uncertain_g3_or_unmapped_grade,,,,
1423,Bedaquiline,Rv1979c,p.Ser175Leu,missense_variant,G3,,3) Uncertain significance,protein_substitution,,primary,,excluded,,excluded_uncertain_g3_or_unmapped_grade,2,FAILED|PENDING,,NEGATIVE:FAILED::;NEGATIVE:PENDING::,,,excluded,,excluded_uncertain_g3_or_unmapped_grade,,,,
1424,Bedaquiline,Rv1979c,p.Ser206Leu,missense_variant,G3,,3) Uncertain significance,protein_substitution,,primary,,excluded,,excluded_uncertain_g3_or_unmapped_grade,2,FAILED|PENDING,ANALYSIS_FAILED,NEGATIVE:FAILED:UNKNOWN:ANALYSIS_FAILED;NEGATIVE:PENDING::,,,excluded,,excluded_uncertain_g3_or_unmapped_grade,,,,
1425,Bedaquiline,Rv1979c,p.Ser219Ala,missense_variant,G3,,3) Uncertain significance,protein_substitution,,primary,,excluded,,excluded_uncertain_g3_or_unmapped_grade,2,FAILED|PENDING,,NEGATIVE:FAILED::;NEGATIVE:PENDING::,,,excluded,,excluded_uncertain_g3_or_unmapped_grade,,,,
1426,Bedaquiline,Rv1979c,p.Ser219Trp,missense_variant,G3,,3) Uncertain significance,protein_substitution,,primary,,excluded,,excluded_uncertain_g3_or_unmapped_grade,2,FAILED|PENDING,ANALYSIS_FAILED,NEGATIVE:FAILED:UNKNOWN:ANALYSIS_FAILED;NEGATIVE:PENDING::,,,excluded,,excluded_uncertain_g3_or_unmapped_grade,,,,
1427,Bedaquiline,Rv1979c,p.Ser237Leu,missense_variant,G3,,3) Uncertain significance,protein_substitution,,primary,R,excluded,,excluded_uncertain_g3_or_unmapped_grade,2,LOSS_OF_FUNCTION|PENDING,NEGATIVE_LOF_REVIEWED,NEGATIVE:LOSS_OF_FUNCTION:RESISTANT:NEGATIVE_LOF_REVIEWED;NEGATIVE:PENDING::,,R,excluded,,excluded_uncertain_g3_or_unmapped_grade,,,,
1428,Bedaquiline,Rv1979c,p.Ser262Leu,missense_variant,G3,,3) Uncertain significance,protein_substitution,,primary,,excluded,,excluded_uncertain_g3_or_unmapped_grade,2,FAILED|PENDING,,NEGATIVE:FAILED::;NEGATIVE:PENDING::,,,excluded,,excluded_uncertain_g3_or_unmapped_grade,,,,
1429,Bedaquiline,Rv1979c,p.Ser320Leu,missense_variant,G3,,3) Uncertain significance,protein_substitution,,primary,R,excluded,,excluded_uncertain_g3_or_unmapped_grade,2,LOSS_OF_FUNCTION|PENDING,NEGATIVE_LOF_REVIEWED,NEGATIVE:LOSS_OF_FUNCTION:RESISTANT:NEGATIVE_LOF_REVIEWED;NEGATIVE:PENDING::,,R,excluded,,excluded_uncertain_g3_or_unmapped_grade,,,,
1430,Bedaquiline,Rv1979c,p.Ser352fs,frameshift,G3,,3) Uncertain significance,frameshift,,primary,,excluded,,excluded_uncertain_g3_or_unmapped_grade,0,,,,,,excluded,,excluded_uncertain_g3_or_unmapped_grade,,,,
1431,Bedaquiline,Rv1979c,p.Ser358Leu,missense_variant,G3,,3) Uncertain significance,protein_substitution,,primary,,excluded,,excluded_uncertain_g3_or_unmapped_grade,2,FAILED|PENDING,,NEGATIVE:FAILED::;NEGATIVE:PENDING::,,,excluded,,excluded_uncertain_g3_or_unmapped_grade,,,,
1432,Bedaquiline,Rv1979c,p.Ser358*,stop_gained,G3,,3) Uncertain significance,nonsense,,primary,R,excluded,,excluded_uncertain_g3_or_unmapped_grade,2,LOSS_OF_FUNCTION|PENDING,NEGATIVE_LOF_SIGNATURE,NEGATIVE:LOSS_OF_FUNCTION:RESISTANT:NEGATIVE_LOF_SIGNATURE;NEGATIVE:PENDING::,,R,excluded,,excluded_uncertain_g3_or_unmapped_grade,,,,
1433,Bedaquiline,Rv1979c,p.Thr270Ala,missense_variant,G3,,3) Uncertain significance,protein_substitution,,primary,,excluded,,excluded_uncertain_g3_or_unmapped_grade,2,FAILED|PENDING,,NEGATIVE:FAILED::;NEGATIVE:PENDING::,,,excluded,,excluded_uncertain_g3_or_unmapped_grade,,,,
1434,Bedaquiline,Rv1979c,p.Thr270Ile,missense_variant,G3,,3) Uncertain significance,protein_substitution,,primary,,excluded,,excluded_uncertain_g3_or_unmapped_grade,2,FAILED|PENDING,,NEGATIVE:FAILED::;NEGATIVE:PENDING::,,,excluded,,excluded_uncertain_g3_or_unmapped_grade,,,,
1435,Bedaquiline,Rv1979c,p.Thr356Lys,missense_variant,G3,,3) Uncertain significance,protein_substitution,,primary,R,excluded,,excluded_uncertain_g3_or_unmapped_grade,2,LOSS_OF_FUNCTION|PENDING,NEGATIVE_LOF_REVIEWED,NEGATIVE:LOSS_OF_FUNCTION:RESISTANT:NEGATIVE_LOF_REVIEWED;NEGATIVE:PENDING::,,R,excluded,,excluded_uncertain_g3_or_unmapped_grade,,,,
1436,Bedaquiline,Rv1979c,p.Thr413Asn,missense_variant,G3,,3) Uncertain significance,protein_substitution,,primary,,excluded,,excluded_uncertain_g3_or_unmapped_grade,2,FAILED|PENDING,,NEGATIVE:FAILED::;NEGATIVE:PENDING::,,,excluded,,excluded_uncertain_g3_or_unmapped_grade,,,,
1437,Bedaquiline,Rv1979c,p.Thr82fs,frameshift,G3,,3) Uncertain significance,frameshift,,primary,,excluded,,excluded_uncertain_g3_or_unmapped_grade,0,,,,,,excluded,,excluded_uncertain_g3_or_unmapped_grade,,,,
1438,Bedaquiline,Rv1979c,p.Thr83Ala,missense_variant,G3,,3) Uncertain significance,protein_substitution,,primary,,excluded,,excluded_uncertain_g3_or_unmapped_grade,2,FAILED|PENDING,,NEGATIVE:FAILED::;NEGATIVE:PENDING::,,,excluded,,excluded_uncertain_g3_or_unmapped_grade,,,,
1439,Bedaquiline,Rv1979c,p.Trp106*,stop_gained,G3,,3) Uncertain significance,nonsense,,primary,R,excluded,,excluded_uncertain_g3_or_unmapped_grade,4,LOSS_OF_FUNCTION|PENDING,NEGATIVE_LOF_SIGNATURE,NEGATIVE:LOSS_OF_FUNCTION:RESISTANT:NEGATIVE_LOF_SIGNATURE;NEGATIVE:LOSS_OF_FUNCTION:RESISTANT:NEGATIVE_LOF_SIGNATURE;NEGATIVE:PENDING::;+1_more,,R,excluded,,excluded_uncertain_g3_or_unmapped_grade,,,,
1440,Bedaquiline,Rv1979c,p.Trp197*,stop_gained,G3,,3) Uncertain significance,nonsense,,primary,R,excluded,,excluded_uncertain_g3_or_unmapped_grade,4,LOSS_OF_FUNCTION|PENDING,NEGATIVE_LOF_SIGNATURE,NEGATIVE:LOSS_OF_FUNCTION:RESISTANT:NEGATIVE_LOF_SIGNATURE;NEGATIVE:LOSS_OF_FUNCTION:RESISTANT:NEGATIVE_LOF_SIGNATURE;NEGATIVE:PENDING::;+1_more,,R,excluded,,excluded_uncertain_g3_or_unmapped_grade,,,,
1441,Bedaquiline,Rv1979c,p.Tyr230Cys,missense_variant,G3,,3) Uncertain significance,protein_substitution,,primary,R,excluded,,excluded_uncertain_g3_or_unmapped_grade,2,LOSS_OF_FUNCTION|PENDING,NEGATIVE_LOF_REVIEWED,NEGATIVE:LOSS_OF_FUNCTION:RESISTANT:NEGATIVE_LOF_REVIEWED;NEGATIVE:PENDING::,,R,excluded,,excluded_uncertain_g3_or_unmapped_grade,,,,
1442,Bedaquiline,Rv1979c,p.Tyr230*,stop_gained,G3,,3) Uncertain significance,nonsense,,primary,R,excluded,,excluded_uncertain_g3_or_unmapped_grade,4,LOSS_OF_FUNCTION|PENDING,NEGATIVE_LOF_SIGNATURE,NEGATIVE:LOSS_OF_FUNCTION:RESISTANT:NEGATIVE_LOF_SIGNATURE;NEGATIVE:LOSS_OF_FUNCTION:RESISTANT:NEGATIVE_LOF_SIGNATURE;NEGATIVE:PENDING::;+1_more,,R,excluded,,excluded_uncertain_g3_or_unmapped_grade,,,,
1443,Bedaquiline,Rv1979c,p.Tyr434Cys,missense_variant,G3,,3) Uncertain significance,protein_substitution,,primary,,excluded,,excluded_uncertain_g3_or_unmapped_grade,2,FAILED|PENDING,ANALYSIS_FAILED,NEGATIVE:FAILED:UNKNOWN:ANALYSIS_FAILED;NEGATIVE:PENDING::,,,excluded,,excluded_uncertain_g3_or_unmapped_grade,,,,
1444,Bedaquiline,Rv1979c,p.Tyr51Asn,missense_variant,G3,,3) Uncertain significance,protein_substitution,,primary,R,excluded,,excluded_uncertain_g3_or_unmapped_grade,2,LOSS_OF_FUNCTION|PENDING,NEGATIVE_LOF_REVIEWED,NEGATIVE:LOSS_OF_FUNCTION:RESISTANT:NEGATIVE_LOF_REVIEWED;NEGATIVE:PENDING::,,R,excluded,,excluded_uncertain_g3_or_unmapped_grade,,,,
1445,Bedaquiline,Rv1979c,p.Tyr71Cys,missense_variant,G3,,3) Uncertain significance,protein_substitution,,primary,,excluded,,excluded_uncertain_g3_or_unmapped_grade,2,FAILED|PENDING,ANALYSIS_FAILED,NEGATIVE:FAILED:UNKNOWN:ANALYSIS_FAILED;NEGATIVE:PENDING::,,,excluded,,excluded_uncertain_g3_or_unmapped_grade,,,,
1446,Bedaquiline,Rv1979c,p.Tyr79Cys,missense_variant,G3,,3) Uncertain significance,protein_substitution,,primary,R,excluded,,excluded_uncertain_g3_or_unmapped_grade,2,LOSS_OF_FUNCTION|PENDING,NEGATIVE_LOF_REVIEWED,NEGATIVE:LOSS_OF_FUNCTION:RESISTANT:NEGATIVE_LOF_REVIEWED;NEGATIVE:PENDING::,,R,excluded,,excluded_uncertain_g3_or_unmapped_grade,,,,
1447,Bedaquiline,Rv1979c,p.Val108fs,frameshift,G3,,3) Uncertain significance,frameshift,,primary,,excluded,,excluded_uncertain_g3_or_unmapped_grade,0,,,,,,excluded,,excluded_uncertain_g3_or_unmapped_grade,,,,
1448,Bedaquiline,Rv1979c,p.Val114fs,frameshift,G3,,3) Uncertain significance,frameshift,,primary,,excluded,,excluded_uncertain_g3_or_unmapped_grade,0,,,,,,excluded,,excluded_uncertain_g3_or_unmapped_grade,,,,
1449,Bedaquiline,Rv1979c,p.Val120Leu,missense_variant,G3,,3) Uncertain significance,protein_substitution,,primary,,excluded,,excluded_uncertain_g3_or_unmapped_grade,4,FAILED|PENDING,,NEGATIVE:FAILED::;NEGATIVE:FAILED::;NEGATIVE:PENDING::;+1_more,,,excluded,,excluded_uncertain_g3_or_unmapped_grade,,,,
1450,Bedaquiline,Rv1979c,p.Val136Leu,missense_variant,G3,,3) Uncertain significance,protein_substitution,,primary,,excluded,,excluded_uncertain_g3_or_unmapped_grade,4,FAILED|PENDING,,NEGATIVE:FAILED::;NEGATIVE:FAILED::;NEGATIVE:PENDING::;+1_more,,,excluded,,excluded_uncertain_g3_or_unmapped_grade,,,,
1451,Bedaquiline,Rv1979c,p.Val190Ala,missense_variant,G3,,3) Uncertain significance,protein_substitution,,primary,,excluded,,excluded_uncertain_g3_or_unmapped_grade,2,FAILED|PENDING,,NEGATIVE:FAILED::;NEGATIVE:PENDING::,,,excluded,,excluded_uncertain_g3_or_unmapped_grade,,,,
1452,Bedaquiline,Rv1979c,p.Val210Phe,missense_variant,G3,,3) Uncertain significance,protein_substitution,,primary,,excluded,,excluded_uncertain_g3_or_unmapped_grade,2,FAILED|PENDING,,NEGATIVE:FAILED::;NEGATIVE:PENDING::,,,excluded,,excluded_uncertain_g3_or_unmapped_grade,,,,
1453,Bedaquiline,Rv1979c,p.Val273Ala,missense_variant,G3,,3) Uncertain significance,protein_substitution,,primary,,excluded,,excluded_uncertain_g3_or_unmapped_grade,2,FAILED|PENDING,,NEGATIVE:FAILED::;NEGATIVE:PENDING::,,,excluded,,excluded_uncertain_g3_or_unmapped_grade,,,,
1454,Bedaquiline,Rv1979c,p.Val2Ala,missense_variant,G3,,3) Uncertain significance,protein_substitution,,primary,,excluded,,excluded_uncertain_g3_or_unmapped_grade,2,FAILED|PENDING,,NEGATIVE:FAILED::;NEGATIVE:PENDING::,,,excluded,,excluded_uncertain_g3_or_unmapped_grade,,,,
1455,Bedaquiline,Rv1979c,p.Val305Asp,missense_variant,G3,,3) Uncertain significance,protein_substitution,,primary,R,excluded,,excluded_uncertain_g3_or_unmapped_grade,2,LOSS_OF_FUNCTION|PENDING,NEGATIVE_LOF_REVIEWED,NEGATIVE:LOSS_OF_FUNCTION:RESISTANT:NEGATIVE_LOF_REVIEWED;NEGATIVE:PENDING::,,R,excluded,,excluded_uncertain_g3_or_unmapped_grade,,,,
1456,Bedaquiline,Rv1979c,p.Val384Ile,missense_variant,G3,,3) Uncertain significance,protein_substitution,,primary,,excluded,,excluded_uncertain_g3_or_unmapped_grade,2,FAILED|PENDING,,NEGATIVE:FAILED::;NEGATIVE:PENDING::,,,excluded,,excluded_uncertain_g3_or_unmapped_grade,,,,
1457,Bedaquiline,Rv1979c,p.Val416Met,missense_variant,G3,,3) Uncertain significance,protein_substitution,,primary,,excluded,,excluded_uncertain_g3_or_unmapped_grade,2,FAILED|PENDING,ANALYSIS_FAILED,NEGATIVE:FAILED:UNKNOWN:ANALYSIS_FAILED;NEGATIVE:PENDING::,,,excluded,,excluded_uncertain_g3_or_unmapped_grade,,,,
1458,Bedaquiline,Rv1979c,p.Val423Ala,missense_variant,G3,,3) Uncertain significance,protein_substitution,,primary,,excluded,,excluded_uncertain_g3_or_unmapped_grade,2,FAILED|PENDING,,NEGATIVE:FAILED::;NEGATIVE:PENDING::,,,excluded,,excluded_uncertain_g3_or_unmapped_grade,,,,
1459,Bedaquiline,Rv1979c,p.Val423Leu,missense_variant,G3,,3) Uncertain significance,protein_substitution,,primary,,excluded,,excluded_uncertain_g3_or_unmapped_grade,4,FAILED|PENDING,,NEGATIVE:FAILED::;NEGATIVE:FAILED::;NEGATIVE:PENDING::;+1_more,,,excluded,,excluded_uncertain_g3_or_unmapped_grade,,,,
1460,Bedaquiline,Rv1979c,p.Val426Ile,missense_variant,G3,,3) Uncertain significance,protein_substitution,,primary,,excluded,,excluded_uncertain_g3_or_unmapped_grade,2,FAILED|PENDING,,NEGATIVE:FAILED::;NEGATIVE:PENDING::,,,excluded,,excluded_uncertain_g3_or_unmapped_grade,,,,
1461,Bedaquiline,Rv1979c,p.Val458Ala,missense_variant,G3,,3) Uncertain significance,protein_substitution,,primary,,excluded,,excluded_uncertain_g3_or_unmapped_grade,2,FAILED|PENDING,,NEGATIVE:FAILED::;NEGATIVE:PENDING::,,,excluded,,excluded_uncertain_g3_or_unmapped_grade,,,,
1462,Bedaquiline,Rv1979c,p.Val459Ile,missense_variant,G3,,3) Uncertain significance,protein_substitution,,primary,,excluded,,excluded_uncertain_g3_or_unmapped_grade,2,FAILED|PENDING,,NEGATIVE:FAILED::;NEGATIVE:PENDING::,,,excluded,,excluded_uncertain_g3_or_unmapped_grade,,,,
1463,Bedaquiline,Rv1979c,p.Val52Gly,missense_variant,G3,,3) Uncertain significance,protein_substitution,,primary,R,excluded,,excluded_uncertain_g3_or_unmapped_grade,2,LOSS_OF_FUNCTION|PENDING,NEGATIVE_LOF_REVIEWED,NEGATIVE:LOSS_OF_FUNCTION:RESISTANT:NEGATIVE_LOF_REVIEWED;NEGATIVE:PENDING::,,R,excluded,,excluded_uncertain_g3_or_unmapped_grade,,,,
1464,Bedaquiline,Rv1979c,p.Val96fs,frameshift,G3,,3) Uncertain significance,frameshift,,primary,,excluded,,excluded_uncertain_g3_or_unmapped_grade,0,,,,,,excluded,,excluded_uncertain_g3_or_unmapped_grade,,,,
1465,Bedaquiline,Rv1979c,p.Val96Ile,missense_variant,G3,,3) Uncertain significance,protein_substitution,,primary,,excluded,,excluded_uncertain_g3_or_unmapped_grade,2,FAILED|PENDING,,NEGATIVE:FAILED::;NEGATIVE:PENDING::,,,excluded,,excluded_uncertain_g3_or_unmapped_grade,,,,
