who_row_id,drug,gene,mutation,effect,who_grade,who_truth,who_grading,mutation_class,current_evaluator_scope,benchmark_role,amr_hunter_prediction,matched_status,correct,gap_reason,record_count,source_statuses,evidence_code,source_records
1,Bedaquiline,atpE,c.207G>T,synonymous_variant,G4,S,4) Not assoc w R - Interim,snv,true,primary,S,matched_final,true,,2,COMPLETED|FAILED,ANALYSIS_FAILED|SYNONYMOUS_NO_PROTEIN_CHANGE,POSITIVE:COMPLETED:SENSITIVE:SYNONYMOUS_NO_PROTEIN_CHANGE;POSITIVE:FAILED:UNKNOWN:ANALYSIS_FAILED
2,Bedaquiline,atpE,c.240C>T,synonymous_variant,G4,S,4) Not assoc w R - Interim,snv,true,primary,S,matched_final,true,,2,FAILED,SYNONYMOUS_NO_PROTEIN_CHANGE,POSITIVE:FAILED:SENSITIVE:SYNONYMOUS_NO_PROTEIN_CHANGE;POSITIVE:FAILED:SENSITIVE:SYNONYMOUS_NO_PROTEIN_CHANGE
3,Bedaquiline,atpE,c.-41T>C,upstream_gene_variant,G3,,3) Uncertain significance,regulatory,,primary,,excluded,,excluded_uncertain_g3_or_unmapped_grade,6,COMPLETED|PENDING,REGULATORY_SCENARIO_UNSUPPORTED,POSITIVE:COMPLETED:UNKNOWN:REGULATORY_SCENARIO_UNSUPPORTED;POSITIVE:PENDING::;POSITIVE:COMPLETED:UNKNOWN:REGULATORY_SCENARIO_UNSUPPORTED;+3_more
4,Bedaquiline,atpE,c.-43G>T,upstream_gene_variant,G3,,3) Uncertain significance,regulatory,,primary,,excluded,,excluded_uncertain_g3_or_unmapped_grade,6,COMPLETED|PENDING,REGULATORY_SCENARIO_UNSUPPORTED,POSITIVE:COMPLETED:UNKNOWN:REGULATORY_SCENARIO_UNSUPPORTED;POSITIVE:PENDING::;POSITIVE:COMPLETED:UNKNOWN:REGULATORY_SCENARIO_UNSUPPORTED;+3_more
5,Bedaquiline,atpE,c.54C>A,synonymous_variant,G4,S,4) Not assoc w R - Interim,snv,true,primary,S,matched_final,true,,2,COMPLETED|FAILED,ANALYSIS_FAILED|SYNONYMOUS_NO_PROTEIN_CHANGE,POSITIVE:COMPLETED:SENSITIVE:SYNONYMOUS_NO_PROTEIN_CHANGE;POSITIVE:FAILED:UNKNOWN:ANALYSIS_FAILED
6,Bedaquiline,atpE,c.9C>T,synonymous_variant,G4,S,4) Not assoc w R - Interim,snv,true,primary,S,matched_final,true,,2,COMPLETED|FAILED,ANALYSIS_FAILED|SYNONYMOUS_NO_PROTEIN_CHANGE,POSITIVE:COMPLETED:SENSITIVE:SYNONYMOUS_NO_PROTEIN_CHANGE;POSITIVE:FAILED:UNKNOWN:ANALYSIS_FAILED
7,Bedaquiline,atpE,p.Ala45Val,missense_variant,G3,,3) Uncertain significance,protein_substitution,,primary,,excluded,,excluded_uncertain_g3_or_unmapped_grade,2,FAILED|PENDING,ANALYSIS_FAILED,POSITIVE:FAILED:UNKNOWN:ANALYSIS_FAILED;POSITIVE:PENDING::
8,Bedaquiline,atpE,p.Ala62Thr,missense_variant,G3,,3) Uncertain significance,protein_substitution,,primary,,excluded,,excluded_uncertain_g3_or_unmapped_grade,2,FAILED|PENDING,ANALYSIS_FAILED,POSITIVE:FAILED:UNKNOWN:ANALYSIS_FAILED;POSITIVE:PENDING::
9,Bedaquiline,atpE,p.Ala63Pro,missense_variant,G2,R,2) Assoc w R - Interim,protein_substitution,true,primary,R,matched_final,true,,2,COMPLETED|PENDING,ATP_SYNTHASE_COMPENSATION,POSITIVE:COMPLETED:RESISTANT:ATP_SYNTHASE_COMPENSATION;POSITIVE:PENDING::
10,Bedaquiline,atpE,p.Ala63Thr,missense_variant,G3,,3) Uncertain significance,protein_substitution,,primary,,excluded,,excluded_uncertain_g3_or_unmapped_grade,2,FAILED|PENDING,ANALYSIS_FAILED,POSITIVE:FAILED:UNKNOWN:ANALYSIS_FAILED;POSITIVE:PENDING::
11,Bedaquiline,atpE,p.Ala63Val,missense_variant,G3,,3) Uncertain significance,protein_substitution,,primary,,excluded,,excluded_uncertain_g3_or_unmapped_grade,2,FAILED|PENDING,ANALYSIS_FAILED,POSITIVE:FAILED:UNKNOWN:ANALYSIS_FAILED;POSITIVE:PENDING::
12,Bedaquiline,atpE,p.Asp28Ala,missense_variant,G2,R,2) Assoc w R - Interim,protein_substitution,true,primary,R,matched_final,true,,2,COMPLETED|PENDING,ATP_SYNTHASE_COMPENSATION,POSITIVE:COMPLETED:RESISTANT:ATP_SYNTHASE_COMPENSATION;POSITIVE:PENDING::
13,Bedaquiline,atpE,p.Asp28Gly,missense_variant,G2,R,2) Assoc w R - Interim,protein_substitution,true,primary,R,matched_final,true,,2,COMPLETED|PENDING,ATP_SYNTHASE_COMPENSATION,POSITIVE:COMPLETED:RESISTANT:ATP_SYNTHASE_COMPENSATION;POSITIVE:PENDING::
14,Bedaquiline,atpE,p.Asp28Val,missense_variant,G2,R,2) Assoc w R - Interim,protein_substitution,true,primary,R,matched_final,true,,2,COMPLETED|PENDING,ATP_SYNTHASE_COMPENSATION,POSITIVE:COMPLETED:RESISTANT:ATP_SYNTHASE_COMPENSATION;POSITIVE:PENDING::
15,Bedaquiline,atpE,p.Glu61Asp,missense_variant,G2,R,2) Assoc w R - Interim,protein_substitution,true,primary,R,matched_final,true,,4,COMPLETED|PENDING,ATP_SYNTHASE_COMPENSATION,POSITIVE:COMPLETED:RESISTANT:ATP_SYNTHASE_COMPENSATION;POSITIVE:COMPLETED:RESISTANT:ATP_SYNTHASE_COMPENSATION;POSITIVE:PENDING::;+1_more
16,Bedaquiline,atpE,p.Ile66Met,missense_variant,G2,R,2) Assoc w R - Interim,protein_substitution,true,primary,R,matched_final,true,,2,COMPLETED|PENDING,ATP_SYNTHASE_COMPENSATION,POSITIVE:COMPLETED:RESISTANT:ATP_SYNTHASE_COMPENSATION;POSITIVE:PENDING::
17,Bedaquiline,atpE,p.Leu59Phe,missense_variant,G3,,3) Uncertain significance,protein_substitution,,primary,,excluded,,excluded_uncertain_g3_or_unmapped_grade,4,FAILED|PENDING,ANALYSIS_FAILED,POSITIVE:FAILED:UNKNOWN:ANALYSIS_FAILED;POSITIVE:FAILED:UNKNOWN:ANALYSIS_FAILED;POSITIVE:PENDING::;+1_more
18,Bedaquiline,atpE,p.Phe76Leu,missense_variant,G3,,3) Uncertain significance,protein_substitution,,primary,,excluded,,excluded_uncertain_g3_or_unmapped_grade,6,FAILED|PENDING,ANALYSIS_FAILED,POSITIVE:FAILED:UNKNOWN:ANALYSIS_FAILED;POSITIVE:FAILED:UNKNOWN:ANALYSIS_FAILED;POSITIVE:FAILED:UNKNOWN:ANALYSIS_FAILED;+3_more
19,Bedaquiline,atpE,p.Ser37Ala,missense_variant,G3,,3) Uncertain significance,protein_substitution,,primary,,excluded,,excluded_uncertain_g3_or_unmapped_grade,2,FAILED|PENDING,ANALYSIS_FAILED,POSITIVE:FAILED:UNKNOWN:ANALYSIS_FAILED;POSITIVE:PENDING::
20,Bedaquiline,atpE,p.Thr51Ile,missense_variant,G3,,3) Uncertain significance,protein_substitution,,primary,,excluded,,excluded_uncertain_g3_or_unmapped_grade,2,FAILED|PENDING,ANALYSIS_FAILED,POSITIVE:FAILED:UNKNOWN:ANALYSIS_FAILED;POSITIVE:PENDING::
21,Bedaquiline,atpE,p.Val39Ile,missense_variant,G3,,3) Uncertain significance,protein_substitution,,primary,,excluded,,excluded_uncertain_g3_or_unmapped_grade,2,FAILED|PENDING,ANALYSIS_FAILED,POSITIVE:FAILED:UNKNOWN:ANALYSIS_FAILED;POSITIVE:PENDING::
22,Bedaquiline,lpqB,c.1011C>A,synonymous_variant,G4,S,4) Not assoc w R - Interim,snv,,primary_accounting_only,,accounting_only,,missing_amr_hunter_record,0,,,
23,Bedaquiline,lpqB,c.1023A>G,synonymous_variant,G4,S,4) Not assoc w R - Interim,snv,,primary_accounting_only,,accounting_only,,missing_amr_hunter_record,0,,,
24,Bedaquiline,lpqB,c.1047C>T,synonymous_variant,G4,S,4) Not assoc w R - Interim,snv,,primary_accounting_only,,accounting_only,,missing_amr_hunter_record,0,,,
25,Bedaquiline,lpqB,c.1059C>T,synonymous_variant,G4,S,4) Not assoc w R - Interim,snv,,primary_accounting_only,,accounting_only,,missing_amr_hunter_record,0,,,
26,Bedaquiline,lpqB,c.1098C>T,synonymous_variant,G4,S,4) Not assoc w R - Interim,snv,,primary_accounting_only,,accounting_only,,missing_amr_hunter_record,0,,,
27,Bedaquiline,lpqB,c.1104T>G,synonymous_variant,G4,S,4) Not assoc w R - Interim,snv,,primary_accounting_only,,accounting_only,,missing_amr_hunter_record,0,,,
28,Bedaquiline,lpqB,c.1107G>A,synonymous_variant,G4,S,4) Not assoc w R - Interim,snv,,primary_accounting_only,,accounting_only,,missing_amr_hunter_record,0,,,
29,Bedaquiline,lpqB,c.1119G>T,synonymous_variant,G4,S,4) Not assoc w R - Interim,snv,,primary_accounting_only,,accounting_only,,missing_amr_hunter_record,0,,,
30,Bedaquiline,lpqB,c.1125G>A,synonymous_variant,G4,S,4) Not assoc w R - Interim,snv,,primary_accounting_only,,accounting_only,,missing_amr_hunter_record,0,,,
31,Bedaquiline,lpqB,c.1140C>T,synonymous_variant,G4,S,4) Not assoc w R - Interim,snv,,primary_accounting_only,,accounting_only,,missing_amr_hunter_record,0,,,
32,Bedaquiline,lpqB,c.1146C>T,synonymous_variant,G4,S,4) Not assoc w R - Interim,snv,,primary_accounting_only,,accounting_only,,missing_amr_hunter_record,0,,,
33,Bedaquiline,lpqB,c.1188C>T,synonymous_variant,G4,S,4) Not assoc w R - Interim,snv,,primary_accounting_only,,accounting_only,,missing_amr_hunter_record,0,,,
34,Bedaquiline,lpqB,c.1236C>G,synonymous_variant,G4,S,4) Not assoc w R - Interim,snv,,primary_accounting_only,,accounting_only,,missing_amr_hunter_record,0,,,
35,Bedaquiline,lpqB,c.123A>G,synonymous_variant,G4,S,4) Not assoc w R - Interim,snv,,primary_accounting_only,,accounting_only,,missing_amr_hunter_record,0,,,
36,Bedaquiline,lpqB,c.1275C>T,synonymous_variant,G4,S,4) Not assoc w R - Interim,snv,,primary_accounting_only,,accounting_only,,missing_amr_hunter_record,0,,,
37,Bedaquiline,lpqB,c.1302G>T,synonymous_variant,G4,S,4) Not assoc w R - Interim,snv,,primary_accounting_only,,accounting_only,,missing_amr_hunter_record,0,,,
38,Bedaquiline,lpqB,c.1326G>A,synonymous_variant,G4,S,4) Not assoc w R - Interim,snv,,primary_accounting_only,,accounting_only,,missing_amr_hunter_record,0,,,
39,Bedaquiline,lpqB,c.1389G>T,synonymous_variant,G4,S,4) Not assoc w R - Interim,snv,,primary_accounting_only,,accounting_only,,missing_amr_hunter_record,0,,,
40,Bedaquiline,lpqB,c.1404C>T,synonymous_variant,G4,S,4) Not assoc w R - Interim,snv,,primary_accounting_only,,accounting_only,,missing_amr_hunter_record,0,,,
41,Bedaquiline,lpqB,c.1443T>C,synonymous_variant,G4,S,4) Not assoc w R - Interim,snv,,primary_accounting_only,,accounting_only,,missing_amr_hunter_record,0,,,
42,Bedaquiline,lpqB,c.1452G>A,synonymous_variant,G4,S,4) Not assoc w R - Interim,snv,,primary_accounting_only,,accounting_only,,missing_amr_hunter_record,0,,,
43,Bedaquiline,lpqB,c.1473G>A,synonymous_variant,G4,S,4) Not assoc w R - Interim,snv,,primary_accounting_only,,accounting_only,,missing_amr_hunter_record,0,,,
44,Bedaquiline,lpqB,c.150G>A,synonymous_variant,G4,S,4) Not assoc w R - Interim,snv,,primary_accounting_only,,accounting_only,,missing_amr_hunter_record,0,,,
45,Bedaquiline,lpqB,c.1518A>G,synonymous_variant,G4,S,4) Not assoc w R - Interim,snv,,primary_accounting_only,,accounting_only,,missing_amr_hunter_record,0,,,
46,Bedaquiline,lpqB,c.1527C>T,synonymous_variant,G4,S,4) Not assoc w R - Interim,snv,,primary_accounting_only,,accounting_only,,missing_amr_hunter_record,0,,,
47,Bedaquiline,lpqB,c.1530C>T,synonymous_variant,G4,S,4) Not assoc w R - Interim,snv,,primary_accounting_only,,accounting_only,,missing_amr_hunter_record,0,,,
48,Bedaquiline,lpqB,c.1539G>A,synonymous_variant,G4,S,4) Not assoc w R - Interim,snv,,primary_accounting_only,,accounting_only,,missing_amr_hunter_record,0,,,
49,Bedaquiline,lpqB,c.1539G>C,synonymous_variant,G4,S,4) Not assoc w R - Interim,snv,,primary_accounting_only,,accounting_only,,missing_amr_hunter_record,0,,,
50,Bedaquiline,lpqB,c.1560C>T,synonymous_variant,G4,S,4) Not assoc w R - Interim,snv,,primary_accounting_only,,accounting_only,,missing_amr_hunter_record,0,,,
51,Bedaquiline,lpqB,c.1620C>A,synonymous_variant,G4,S,4) Not assoc w R - Interim,snv,,primary_accounting_only,,accounting_only,,missing_amr_hunter_record,0,,,
52,Bedaquiline,lpqB,c.1635G>A,synonymous_variant,G4,S,4) Not assoc w R - Interim,snv,,primary_accounting_only,,accounting_only,,missing_amr_hunter_record,0,,,
53,Bedaquiline,lpqB,c.1689A>G,synonymous_variant,G4,S,4) Not assoc w R - Interim,snv,,primary_accounting_only,,accounting_only,,missing_amr_hunter_record,0,,,
54,Bedaquiline,lpqB,c.16T>C,synonymous_variant,G4,S,4) Not assoc w R - Interim,snv,,primary_accounting_only,,accounting_only,,missing_amr_hunter_record,0,,,
55,Bedaquiline,lpqB,c.1710G>A,synonymous_variant,G4,S,4) Not assoc w R - Interim,snv,,primary_accounting_only,,accounting_only,,missing_amr_hunter_record,0,,,
56,Bedaquiline,lpqB,c.1725G>A,synonymous_variant,G4,S,4) Not assoc w R - Interim,snv,,primary_accounting_only,,accounting_only,,missing_amr_hunter_record,0,,,
57,Bedaquiline,lpqB,c.1737G>C,synonymous_variant,G4,S,4) Not assoc w R - Interim,snv,,primary_accounting_only,,accounting_only,,missing_amr_hunter_record,0,,,
58,Bedaquiline,lpqB,c.1740A>G,synonymous_variant,G4,S,4) Not assoc w R - Interim,snv,,primary_accounting_only,,accounting_only,,missing_amr_hunter_record,0,,,
59,Bedaquiline,lpqB,c.1746C>G,synonymous_variant,G4,S,4) Not assoc w R - Interim,snv,,primary_accounting_only,,accounting_only,,missing_amr_hunter_record,0,,,
60,Bedaquiline,lpqB,c.174C>T,synonymous_variant,G4,S,4) Not assoc w R - Interim,snv,,primary_accounting_only,,accounting_only,,missing_amr_hunter_record,0,,,
61,Bedaquiline,lpqB,c.189C>G,synonymous_variant,G4,S,4) Not assoc w R - Interim,snv,,primary_accounting_only,,accounting_only,,missing_amr_hunter_record,0,,,
62,Bedaquiline,lpqB,c.189C>T,synonymous_variant,G4,S,4) Not assoc w R - Interim,snv,,primary_accounting_only,,accounting_only,,missing_amr_hunter_record,0,,,
63,Bedaquiline,lpqB,c.18G>A,synonymous_variant,G4,S,4) Not assoc w R - Interim,snv,,primary_accounting_only,,accounting_only,,missing_amr_hunter_record,0,,,
64,Bedaquiline,lpqB,c.201G>A,synonymous_variant,G4,S,4) Not assoc w R - Interim,snv,,primary_accounting_only,,accounting_only,,missing_amr_hunter_record,0,,,
65,Bedaquiline,lpqB,c.264G>A,synonymous_variant,G4,S,4) Not assoc w R - Interim,snv,,primary_accounting_only,,accounting_only,,missing_amr_hunter_record,0,,,
66,Bedaquiline,lpqB,c.279G>A,synonymous_variant,G4,S,4) Not assoc w R - Interim,snv,,primary_accounting_only,,accounting_only,,missing_amr_hunter_record,0,,,
67,Bedaquiline,lpqB,c.318G>A,synonymous_variant,G4,S,4) Not assoc w R - Interim,snv,,primary_accounting_only,,accounting_only,,missing_amr_hunter_record,0,,,
68,Bedaquiline,lpqB,c.504C>T,synonymous_variant,G4,S,4) Not assoc w R - Interim,snv,,primary_accounting_only,,accounting_only,,missing_amr_hunter_record,0,,,
69,Bedaquiline,lpqB,c.513C>T,synonymous_variant,G4,S,4) Not assoc w R - Interim,snv,,primary_accounting_only,,accounting_only,,missing_amr_hunter_record,0,,,
70,Bedaquiline,lpqB,c.519C>T,synonymous_variant,G4,S,4) Not assoc w R - Interim,snv,,primary_accounting_only,,accounting_only,,missing_amr_hunter_record,0,,,
71,Bedaquiline,lpqB,c.522C>A,synonymous_variant,G4,S,4) Not assoc w R - Interim,snv,,primary_accounting_only,,accounting_only,,missing_amr_hunter_record,0,,,
72,Bedaquiline,lpqB,c.549G>A,synonymous_variant,G4,S,4) Not assoc w R - Interim,snv,,primary_accounting_only,,accounting_only,,missing_amr_hunter_record,0,,,
73,Bedaquiline,lpqB,c.549G>T,synonymous_variant,G4,S,4) Not assoc w R - Interim,snv,,primary_accounting_only,,accounting_only,,missing_amr_hunter_record,0,,,
74,Bedaquiline,lpqB,c.561G>T,synonymous_variant,G4,S,4) Not assoc w R - Interim,snv,,primary_accounting_only,,accounting_only,,missing_amr_hunter_record,0,,,
75,Bedaquiline,lpqB,c.588G>A,synonymous_variant,G4,S,4) Not assoc w R - Interim,snv,,primary_accounting_only,,accounting_only,,missing_amr_hunter_record,0,,,
76,Bedaquiline,lpqB,c.642G>T,synonymous_variant,G4,S,4) Not assoc w R - Interim,snv,,primary_accounting_only,,accounting_only,,missing_amr_hunter_record,0,,,
77,Bedaquiline,lpqB,c.654C>T,synonymous_variant,G4,S,4) Not assoc w R - Interim,snv,,primary_accounting_only,,accounting_only,,missing_amr_hunter_record,0,,,
78,Bedaquiline,lpqB,c.657T>C,synonymous_variant,G4,S,4) Not assoc w R - Interim,snv,,primary_accounting_only,,accounting_only,,missing_amr_hunter_record,0,,,
79,Bedaquiline,lpqB,c.684G>A,synonymous_variant,G4,S,4) Not assoc w R - Interim,snv,,primary_accounting_only,,accounting_only,,missing_amr_hunter_record,0,,,
80,Bedaquiline,lpqB,c.729C>G,synonymous_variant,G4,S,4) Not assoc w R - Interim,snv,,primary_accounting_only,,accounting_only,,missing_amr_hunter_record,0,,,
81,Bedaquiline,lpqB,c.729C>T,synonymous_variant,G4,S,4) Not assoc w R - Interim,snv,,primary_accounting_only,,accounting_only,,missing_amr_hunter_record,0,,,
82,Bedaquiline,lpqB,c.75G>C,synonymous_variant,G4,S,4) Not assoc w R - Interim,snv,,primary_accounting_only,,accounting_only,,missing_amr_hunter_record,0,,,
83,Bedaquiline,lpqB,c.765C>A,synonymous_variant,G4,S,4) Not assoc w R - Interim,snv,,primary_accounting_only,,accounting_only,,missing_amr_hunter_record,0,,,
84,Bedaquiline,lpqB,c.810C>T,synonymous_variant,G4,S,4) Not assoc w R - Interim,snv,,primary_accounting_only,,accounting_only,,missing_amr_hunter_record,0,,,
85,Bedaquiline,lpqB,c.825C>T,synonymous_variant,G4,S,4) Not assoc w R - Interim,snv,,primary_accounting_only,,accounting_only,,missing_amr_hunter_record,0,,,
86,Bedaquiline,lpqB,c.831G>A,synonymous_variant,G4,S,4) Not assoc w R - Interim,snv,,primary_accounting_only,,accounting_only,,missing_amr_hunter_record,0,,,
87,Bedaquiline,lpqB,c.879T>C,synonymous_variant,G4,S,4) Not assoc w R - Interim,snv,,primary_accounting_only,,accounting_only,,missing_amr_hunter_record,0,,,
88,Bedaquiline,lpqB,c.894C>T,synonymous_variant,G4,S,4) Not assoc w R - Interim,snv,,primary_accounting_only,,accounting_only,,missing_amr_hunter_record,0,,,
89,Bedaquiline,lpqB,c.900C>G,synonymous_variant,G4,S,4) Not assoc w R - Interim,snv,,primary_accounting_only,,accounting_only,,missing_amr_hunter_record,0,,,
90,Bedaquiline,lpqB,c.909G>A,synonymous_variant,G4,S,4) Not assoc w R - Interim,snv,,primary_accounting_only,,accounting_only,,missing_amr_hunter_record,0,,,
91,Bedaquiline,lpqB,c.909G>C,synonymous_variant,G4,S,4) Not assoc w R - Interim,snv,,primary_accounting_only,,accounting_only,,missing_amr_hunter_record,0,,,
92,Bedaquiline,lpqB,c.921G>C,synonymous_variant,G4,S,4) Not assoc w R - Interim,snv,,primary_accounting_only,,accounting_only,,missing_amr_hunter_record,0,,,
93,Bedaquiline,lpqB,c.924G>T,synonymous_variant,G4,S,4) Not assoc w R - Interim,snv,,primary_accounting_only,,accounting_only,,missing_amr_hunter_record,0,,,
94,Bedaquiline,lpqB,c.951G>A,synonymous_variant,G4,S,4) Not assoc w R - Interim,snv,,primary_accounting_only,,accounting_only,,missing_amr_hunter_record,0,,,
95,Bedaquiline,lpqB,c.957C>T,synonymous_variant,G4,S,4) Not assoc w R - Interim,snv,,primary_accounting_only,,accounting_only,,missing_amr_hunter_record,0,,,
96,Bedaquiline,lpqB,c.990A>C,synonymous_variant,G4,S,4) Not assoc w R - Interim,snv,,primary_accounting_only,,accounting_only,,missing_amr_hunter_record,0,,,
97,Bedaquiline,lpqB,c.999C>A,synonymous_variant,G4,S,4) Not assoc w R - Interim,snv,,primary_accounting_only,,accounting_only,,missing_amr_hunter_record,0,,,
98,Bedaquiline,lpqB,c.999C>T,synonymous_variant,G4,S,4) Not assoc w R - Interim,snv,,primary_accounting_only,,accounting_only,,missing_amr_hunter_record,0,,,
99,Bedaquiline,lpqB,p.Ala187Thr,missense_variant,G3,,3) Uncertain significance,protein_substitution,,primary_accounting_only,,excluded,,excluded_uncertain_g3_or_unmapped_grade,0,,,
100,Bedaquiline,lpqB,p.Ala204Val,missense_variant,G3,,3) Uncertain significance,protein_substitution,,primary_accounting_only,,excluded,,excluded_uncertain_g3_or_unmapped_grade,0,,,
101,Bedaquiline,lpqB,p.Ala24Thr,missense_variant,G3,,3) Uncertain significance,protein_substitution,,primary_accounting_only,,excluded,,excluded_uncertain_g3_or_unmapped_grade,0,,,
102,Bedaquiline,lpqB,p.Ala294Val,missense_variant,G3,,3) Uncertain significance,protein_substitution,,primary_accounting_only,,excluded,,excluded_uncertain_g3_or_unmapped_grade,0,,,
103,Bedaquiline,lpqB,p.Ala303Val,missense_variant,G3,,3) Uncertain significance,protein_substitution,,primary_accounting_only,,excluded,,excluded_uncertain_g3_or_unmapped_grade,0,,,
104,Bedaquiline,lpqB,p.Ala314Ser,missense_variant,G3,,3) Uncertain significance,protein_substitution,,primary_accounting_only,,excluded,,excluded_uncertain_g3_or_unmapped_grade,0,,,
105,Bedaquiline,lpqB,p.Ala327Val,missense_variant,G3,,3) Uncertain significance,protein_substitution,,primary_accounting_only,,excluded,,excluded_uncertain_g3_or_unmapped_grade,0,,,
106,Bedaquiline,lpqB,p.Ala368Thr,missense_variant,G3,,3) Uncertain significance,protein_substitution,,primary_accounting_only,,excluded,,excluded_uncertain_g3_or_unmapped_grade,0,,,
107,Bedaquiline,lpqB,p.Ala373Glu,missense_variant,G3,,3) Uncertain significance,protein_substitution,,primary_accounting_only,,excluded,,excluded_uncertain_g3_or_unmapped_grade,0,,,
108,Bedaquiline,lpqB,p.Ala373Ser,missense_variant,G3,,3) Uncertain significance,protein_substitution,,primary_accounting_only,,excluded,,excluded_uncertain_g3_or_unmapped_grade,0,,,
109,Bedaquiline,lpqB,p.Ala384Ser,missense_variant,G3,,3) Uncertain significance,protein_substitution,,primary_accounting_only,,excluded,,excluded_uncertain_g3_or_unmapped_grade,0,,,
110,Bedaquiline,lpqB,p.Ala416Val,missense_variant,G3,,3) Uncertain significance,protein_substitution,,primary_accounting_only,,excluded,,excluded_uncertain_g3_or_unmapped_grade,0,,,
111,Bedaquiline,lpqB,p.Ala456Val,missense_variant,G3,,3) Uncertain significance,protein_substitution,,primary_accounting_only,,excluded,,excluded_uncertain_g3_or_unmapped_grade,0,,,
112,Bedaquiline,lpqB,p.Ala548Ser,missense_variant,G3,,3) Uncertain significance,protein_substitution,,primary_accounting_only,,excluded,,excluded_uncertain_g3_or_unmapped_grade,0,,,
113,Bedaquiline,lpqB,p.Ala548Thr,missense_variant,G3,,3) Uncertain significance,protein_substitution,,primary_accounting_only,,excluded,,excluded_uncertain_g3_or_unmapped_grade,0,,,
114,Bedaquiline,lpqB,p.Ala58Ser,missense_variant,G3,,3) Uncertain significance,protein_substitution,,primary_accounting_only,,excluded,,excluded_uncertain_g3_or_unmapped_grade,0,,,
115,Bedaquiline,lpqB,p.Ala77Val,missense_variant,G3,,3) Uncertain significance,protein_substitution,,primary_accounting_only,,excluded,,excluded_uncertain_g3_or_unmapped_grade,0,,,
116,Bedaquiline,lpqB,p.Ala84Gly,missense_variant,G3,,3) Uncertain significance,protein_substitution,,primary_accounting_only,,excluded,,excluded_uncertain_g3_or_unmapped_grade,0,,,
117,Bedaquiline,lpqB,p.Arg240Cys,missense_variant,G3,,3) Uncertain significance,protein_substitution,,primary_accounting_only,,excluded,,excluded_uncertain_g3_or_unmapped_grade,0,,,
118,Bedaquiline,lpqB,p.Arg240Leu,missense_variant,G3,,3) Uncertain significance,protein_substitution,,primary_accounting_only,,excluded,,excluded_uncertain_g3_or_unmapped_grade,0,,,
119,Bedaquiline,lpqB,p.Arg332Pro,missense_variant,G3,,3) Uncertain significance,protein_substitution,,primary_accounting_only,,excluded,,excluded_uncertain_g3_or_unmapped_grade,0,,,
120,Bedaquiline,lpqB,p.Arg342Gln,missense_variant,G3,,3) Uncertain significance,protein_substitution,,primary_accounting_only,,excluded,,excluded_uncertain_g3_or_unmapped_grade,0,,,
121,Bedaquiline,lpqB,p.Asn322Lys,missense_variant,G3,,3) Uncertain significance,protein_substitution,,primary_accounting_only,,excluded,,excluded_uncertain_g3_or_unmapped_grade,0,,,
122,Bedaquiline,lpqB,p.Asp142Gly,missense_variant,G3,,3) Uncertain significance,protein_substitution,,primary_accounting_only,,excluded,,excluded_uncertain_g3_or_unmapped_grade,0,,,
123,Bedaquiline,lpqB,p.Asp301Gly,missense_variant,G3,,3) Uncertain significance,protein_substitution,,primary_accounting_only,,excluded,,excluded_uncertain_g3_or_unmapped_grade,0,,,
124,Bedaquiline,lpqB,p.Asp311Glu,missense_variant,G3,,3) Uncertain significance,protein_substitution,,primary_accounting_only,,excluded,,excluded_uncertain_g3_or_unmapped_grade,0,,,
125,Bedaquiline,lpqB,p.Asp525His,missense_variant,G3,,3) Uncertain significance,protein_substitution,,primary_accounting_only,,excluded,,excluded_uncertain_g3_or_unmapped_grade,0,,,
126,Bedaquiline,lpqB,p.Gln193Pro,missense_variant,G3,,3) Uncertain significance,protein_substitution,,primary_accounting_only,,excluded,,excluded_uncertain_g3_or_unmapped_grade,0,,,
127,Bedaquiline,lpqB,p.Glu250Ala,missense_variant,G3,,3) Uncertain significance,protein_substitution,,primary_accounting_only,,excluded,,excluded_uncertain_g3_or_unmapped_grade,0,,,
128,Bedaquiline,lpqB,p.Gly278Glu,missense_variant,G3,,3) Uncertain significance,protein_substitution,,primary_accounting_only,,excluded,,excluded_uncertain_g3_or_unmapped_grade,0,,,
129,Bedaquiline,lpqB,p.Gly338Trp,missense_variant,G3,,3) Uncertain significance,protein_substitution,,primary_accounting_only,,excluded,,excluded_uncertain_g3_or_unmapped_grade,0,,,
130,Bedaquiline,lpqB,p.Gly381Ser,missense_variant,G3,,3) Uncertain significance,protein_substitution,,primary_accounting_only,,excluded,,excluded_uncertain_g3_or_unmapped_grade,0,,,
131,Bedaquiline,lpqB,p.Gly45Val,missense_variant,G3,,3) Uncertain significance,protein_substitution,,primary_accounting_only,,excluded,,excluded_uncertain_g3_or_unmapped_grade,0,,,
132,Bedaquiline,lpqB,p.Gly549Ser,missense_variant,G3,,3) Uncertain significance,protein_substitution,,primary_accounting_only,,excluded,,excluded_uncertain_g3_or_unmapped_grade,0,,,
133,Bedaquiline,lpqB,p.Gly576Thr,missense_variant,G3,,3) Uncertain significance,protein_substitution,,primary_accounting_only,,excluded,,excluded_uncertain_g3_or_unmapped_grade,0,,,
134,Bedaquiline,lpqB,p.His258Arg,missense_variant,G3,,3) Uncertain significance,protein_substitution,,primary_accounting_only,,excluded,,excluded_uncertain_g3_or_unmapped_grade,0,,,
135,Bedaquiline,lpqB,p.His391Tyr,missense_variant,G3,,3) Uncertain significance,protein_substitution,,primary_accounting_only,,excluded,,excluded_uncertain_g3_or_unmapped_grade,0,,,
136,Bedaquiline,lpqB,p.Ile282Val,missense_variant,G3,,3) Uncertain significance,protein_substitution,,primary_accounting_only,,excluded,,excluded_uncertain_g3_or_unmapped_grade,0,,,
137,Bedaquiline,lpqB,p.Leu364Pro,missense_variant,G3,,3) Uncertain significance,protein_substitution,,primary_accounting_only,,excluded,,excluded_uncertain_g3_or_unmapped_grade,0,,,
138,Bedaquiline,lpqB,p.Leu380Phe,missense_variant,G3,,3) Uncertain significance,protein_substitution,,primary_accounting_only,,excluded,,excluded_uncertain_g3_or_unmapped_grade,0,,,
139,Bedaquiline,lpqB,p.Leu400Val,missense_variant,G3,,3) Uncertain significance,protein_substitution,,primary_accounting_only,,excluded,,excluded_uncertain_g3_or_unmapped_grade,0,,,
140,Bedaquiline,lpqB,p.Leu51Val,missense_variant,G3,,3) Uncertain significance,protein_substitution,,primary_accounting_only,,excluded,,excluded_uncertain_g3_or_unmapped_grade,0,,,
141,Bedaquiline,lpqB,p.Leu52Ser,missense_variant,G3,,3) Uncertain significance,protein_substitution,,primary_accounting_only,,excluded,,excluded_uncertain_g3_or_unmapped_grade,0,,,
142,Bedaquiline,lpqB,p.Leu581Val,missense_variant,G3,,3) Uncertain significance,protein_substitution,,primary_accounting_only,,excluded,,excluded_uncertain_g3_or_unmapped_grade,0,,,
143,Bedaquiline,lpqB,p.Lys165Thr,missense_variant,G3,,3) Uncertain significance,protein_substitution,,primary_accounting_only,,excluded,,excluded_uncertain_g3_or_unmapped_grade,0,,,
144,Bedaquiline,lpqB,p.Met108Thr,missense_variant,G3,,3) Uncertain significance,start_lost,,primary_accounting_only,,excluded,,excluded_uncertain_g3_or_unmapped_grade,0,,,
145,Bedaquiline,lpqB,p.Met343Thr,missense_variant,G3,,3) Uncertain significance,protein_substitution,,primary_accounting_only,,excluded,,excluded_uncertain_g3_or_unmapped_grade,0,,,
146,Bedaquiline,lpqB,p.Phe55Leu,missense_variant,G3,,3) Uncertain significance,protein_substitution,,primary_accounting_only,,excluded,,excluded_uncertain_g3_or_unmapped_grade,0,,,
147,Bedaquiline,lpqB,p.Pro132Ser,missense_variant,G3,,3) Uncertain significance,protein_substitution,,primary_accounting_only,,excluded,,excluded_uncertain_g3_or_unmapped_grade,0,,,
148,Bedaquiline,lpqB,p.Pro279Ser,missense_variant,G3,,3) Uncertain significance,protein_substitution,,primary_accounting_only,,excluded,,excluded_uncertain_g3_or_unmapped_grade,0,,,
149,Bedaquiline,lpqB,p.Pro34Gln,missense_variant,G3,,3) Uncertain significance,protein_substitution,,primary_accounting_only,,excluded,,excluded_uncertain_g3_or_unmapped_grade,0,,,
150,Bedaquiline,lpqB,p.Pro34Ser,missense_variant,G3,,3) Uncertain significance,protein_substitution,,primary_accounting_only,,excluded,,excluded_uncertain_g3_or_unmapped_grade,0,,,
151,Bedaquiline,lpqB,p.Pro420Leu,missense_variant,G3,,3) Uncertain significance,protein_substitution,,primary_accounting_only,,excluded,,excluded_uncertain_g3_or_unmapped_grade,0,,,
152,Bedaquiline,lpqB,p.Pro527Ala,missense_variant,G3,,3) Uncertain significance,protein_substitution,,primary_accounting_only,,excluded,,excluded_uncertain_g3_or_unmapped_grade,0,,,
153,Bedaquiline,lpqB,p.Pro534Ala,missense_variant,G3,,3) Uncertain significance,protein_substitution,,primary_accounting_only,,excluded,,excluded_uncertain_g3_or_unmapped_grade,0,,,
154,Bedaquiline,lpqB,p.Pro550Ser,missense_variant,G3,,3) Uncertain significance,protein_substitution,,primary_accounting_only,,excluded,,excluded_uncertain_g3_or_unmapped_grade,0,,,
155,Bedaquiline,lpqB,p.Pro564Leu,missense_variant,G3,,3) Uncertain significance,protein_substitution,,primary_accounting_only,,excluded,,excluded_uncertain_g3_or_unmapped_grade,0,,,
156,Bedaquiline,lpqB,p.Pro570Ser,missense_variant,G3,,3) Uncertain significance,protein_substitution,,primary_accounting_only,,excluded,,excluded_uncertain_g3_or_unmapped_grade,0,,,
157,Bedaquiline,lpqB,p.Pro575Gln,missense_variant,G3,,3) Uncertain significance,protein_substitution,,primary_accounting_only,,excluded,,excluded_uncertain_g3_or_unmapped_grade,0,,,
158,Bedaquiline,lpqB,p.Ser18Gly,missense_variant,G3,,3) Uncertain significance,protein_substitution,,primary_accounting_only,,excluded,,excluded_uncertain_g3_or_unmapped_grade,0,,,
159,Bedaquiline,lpqB,p.Ser21Arg,missense_variant,G3,,3) Uncertain significance,protein_substitution,,primary_accounting_only,,excluded,,excluded_uncertain_g3_or_unmapped_grade,0,,,
160,Bedaquiline,lpqB,p.Ser394Leu,missense_variant,G3,,3) Uncertain significance,protein_substitution,,primary_accounting_only,,excluded,,excluded_uncertain_g3_or_unmapped_grade,0,,,
161,Bedaquiline,lpqB,p.Ser491Leu,missense_variant,G3,,3) Uncertain significance,protein_substitution,,primary_accounting_only,,excluded,,excluded_uncertain_g3_or_unmapped_grade,0,,,
162,Bedaquiline,lpqB,p.Ser557Leu,missense_variant,G3,,3) Uncertain significance,protein_substitution,,primary_accounting_only,,excluded,,excluded_uncertain_g3_or_unmapped_grade,0,,,
163,Bedaquiline,lpqB,p.Ser562Arg,missense_variant,G3,,3) Uncertain significance,protein_substitution,,primary_accounting_only,,excluded,,excluded_uncertain_g3_or_unmapped_grade,0,,,
164,Bedaquiline,lpqB,p.Thr347Met,missense_variant,G3,,3) Uncertain significance,protein_substitution,,primary_accounting_only,,excluded,,excluded_uncertain_g3_or_unmapped_grade,0,,,
165,Bedaquiline,lpqB,p.Thr433Ser,missense_variant,G3,,3) Uncertain significance,protein_substitution,,primary_accounting_only,,excluded,,excluded_uncertain_g3_or_unmapped_grade,0,,,
166,Bedaquiline,lpqB,p.Thr479Asn,missense_variant,G3,,3) Uncertain significance,protein_substitution,,primary_accounting_only,,excluded,,excluded_uncertain_g3_or_unmapped_grade,0,,,
167,Bedaquiline,lpqB,p.Thr479Ser,missense_variant,G3,,3) Uncertain significance,protein_substitution,,primary_accounting_only,,excluded,,excluded_uncertain_g3_or_unmapped_grade,0,,,
168,Bedaquiline,lpqB,p.Thr536Met,missense_variant,G3,,3) Uncertain significance,protein_substitution,,primary_accounting_only,,excluded,,excluded_uncertain_g3_or_unmapped_grade,0,,,
169,Bedaquiline,lpqB,p.Val228Met,missense_variant,G3,,3) Uncertain significance,protein_substitution,,primary_accounting_only,,excluded,,excluded_uncertain_g3_or_unmapped_grade,0,,,
170,Bedaquiline,lpqB,p.Val31Ile,missense_variant,G3,,3) Uncertain significance,protein_substitution,,primary_accounting_only,,excluded,,excluded_uncertain_g3_or_unmapped_grade,0,,,
171,Bedaquiline,lpqB,p.Val492Ala,missense_variant,G3,,3) Uncertain significance,protein_substitution,,primary_accounting_only,,excluded,,excluded_uncertain_g3_or_unmapped_grade,0,,,
172,Bedaquiline,lpqB,p.Val560Ile,missense_variant,G3,,3) Uncertain significance,protein_substitution,,primary_accounting_only,,excluded,,excluded_uncertain_g3_or_unmapped_grade,0,,,
173,Bedaquiline,mmpL5,c.1032C>G,synonymous_variant,G4,S,4) Not assoc w R - Interim,snv,true,primary,S,matched_final,true,,2,COMPLETED,SYNONYMOUS_NO_PROTEIN_CHANGE,STRUCTURAL:COMPLETED:SENSITIVE:SYNONYMOUS_NO_PROTEIN_CHANGE;STRUCTURAL:COMPLETED:SENSITIVE:SYNONYMOUS_NO_PROTEIN_CHANGE
174,Bedaquiline,mmpL5,c.1065G>A,synonymous_variant,G4,S,4) Not assoc w R - Interim,snv,true,primary,S,matched_final,true,,2,COMPLETED,SYNONYMOUS_NO_PROTEIN_CHANGE,STRUCTURAL:COMPLETED:SENSITIVE:SYNONYMOUS_NO_PROTEIN_CHANGE;STRUCTURAL:COMPLETED:SENSITIVE:SYNONYMOUS_NO_PROTEIN_CHANGE
175,Bedaquiline,mmpL5,c.1065G>T,synonymous_variant,G4,S,4) Not assoc w R - Interim,snv,true,primary,S,matched_final,true,,2,COMPLETED,SYNONYMOUS_NO_PROTEIN_CHANGE,STRUCTURAL:COMPLETED:SENSITIVE:SYNONYMOUS_NO_PROTEIN_CHANGE;STRUCTURAL:COMPLETED:SENSITIVE:SYNONYMOUS_NO_PROTEIN_CHANGE
176,Bedaquiline,mmpL5,c.1068G>A,synonymous_variant,G4,S,4) Not assoc w R - Interim,snv,true,primary,S,matched_final,true,,2,COMPLETED,SYNONYMOUS_NO_PROTEIN_CHANGE,STRUCTURAL:COMPLETED:SENSITIVE:SYNONYMOUS_NO_PROTEIN_CHANGE;STRUCTURAL:COMPLETED:SENSITIVE:SYNONYMOUS_NO_PROTEIN_CHANGE
177,Bedaquiline,mmpL5,c.1110C>T,synonymous_variant,G4,S,4) Not assoc w R - Interim,snv,true,primary,S,matched_final,true,,2,COMPLETED,SYNONYMOUS_NO_PROTEIN_CHANGE,STRUCTURAL:COMPLETED:SENSITIVE:SYNONYMOUS_NO_PROTEIN_CHANGE;STRUCTURAL:COMPLETED:SENSITIVE:SYNONYMOUS_NO_PROTEIN_CHANGE
178,Bedaquiline,mmpL5,c.1128G>A,synonymous_variant,G4,S,4) Not assoc w R - Interim,snv,true,primary,S,matched_final,true,,2,COMPLETED,SYNONYMOUS_NO_PROTEIN_CHANGE,STRUCTURAL:COMPLETED:SENSITIVE:SYNONYMOUS_NO_PROTEIN_CHANGE;STRUCTURAL:COMPLETED:SENSITIVE:SYNONYMOUS_NO_PROTEIN_CHANGE
179,Bedaquiline,mmpL5,c.1128G>T,synonymous_variant,G4,S,4) Not assoc w R - Interim,snv,true,primary,S,matched_final,true,,2,COMPLETED,SYNONYMOUS_NO_PROTEIN_CHANGE,STRUCTURAL:COMPLETED:SENSITIVE:SYNONYMOUS_NO_PROTEIN_CHANGE;STRUCTURAL:COMPLETED:SENSITIVE:SYNONYMOUS_NO_PROTEIN_CHANGE
180,Bedaquiline,mmpL5,c.1131G>C,synonymous_variant,G4,S,4) Not assoc w R - Interim,snv,true,primary,S,matched_final,true,,2,COMPLETED,SYNONYMOUS_NO_PROTEIN_CHANGE,STRUCTURAL:COMPLETED:SENSITIVE:SYNONYMOUS_NO_PROTEIN_CHANGE;STRUCTURAL:COMPLETED:SENSITIVE:SYNONYMOUS_NO_PROTEIN_CHANGE
181,Bedaquiline,mmpL5,c.1143G>A,synonymous_variant,G4,S,4) Not assoc w R - Interim,snv,true,primary,S,matched_final,true,,2,COMPLETED,SYNONYMOUS_NO_PROTEIN_CHANGE,STRUCTURAL:COMPLETED:SENSITIVE:SYNONYMOUS_NO_PROTEIN_CHANGE;STRUCTURAL:COMPLETED:SENSITIVE:SYNONYMOUS_NO_PROTEIN_CHANGE
182,Bedaquiline,mmpL5,c.1158C>T,synonymous_variant,G4,S,4) Not assoc w R - Interim,snv,true,primary,S,matched_final,true,,2,COMPLETED,SYNONYMOUS_NO_PROTEIN_CHANGE,STRUCTURAL:COMPLETED:SENSITIVE:SYNONYMOUS_NO_PROTEIN_CHANGE;STRUCTURAL:COMPLETED:SENSITIVE:SYNONYMOUS_NO_PROTEIN_CHANGE
183,Bedaquiline,mmpL5,c.1161C>G,synonymous_variant,G4,S,4) Not assoc w R - Interim,snv,true,primary,S,matched_final,true,,2,COMPLETED,SYNONYMOUS_NO_PROTEIN_CHANGE,STRUCTURAL:COMPLETED:SENSITIVE:SYNONYMOUS_NO_PROTEIN_CHANGE;STRUCTURAL:COMPLETED:SENSITIVE:SYNONYMOUS_NO_PROTEIN_CHANGE
184,Bedaquiline,mmpL5,c.1194G>C,synonymous_variant,G4,S,4) Not assoc w R - Interim,snv,true,primary,S,matched_final,true,,2,COMPLETED,SYNONYMOUS_NO_PROTEIN_CHANGE,STRUCTURAL:COMPLETED:SENSITIVE:SYNONYMOUS_NO_PROTEIN_CHANGE;STRUCTURAL:COMPLETED:SENSITIVE:SYNONYMOUS_NO_PROTEIN_CHANGE
185,Bedaquiline,mmpL5,c.1230C>T,synonymous_variant,G4,S,4) Not assoc w R - Interim,snv,true,primary,S,matched_final,true,,2,COMPLETED,SYNONYMOUS_NO_PROTEIN_CHANGE,STRUCTURAL:COMPLETED:SENSITIVE:SYNONYMOUS_NO_PROTEIN_CHANGE;STRUCTURAL:COMPLETED:SENSITIVE:SYNONYMOUS_NO_PROTEIN_CHANGE
186,Bedaquiline,mmpL5,c.1326G>C,synonymous_variant,G4,S,4) Not assoc w R - Interim,snv,true,primary,S,matched_final,true,,2,COMPLETED,SYNONYMOUS_NO_PROTEIN_CHANGE,STRUCTURAL:COMPLETED:SENSITIVE:SYNONYMOUS_NO_PROTEIN_CHANGE;STRUCTURAL:COMPLETED:SENSITIVE:SYNONYMOUS_NO_PROTEIN_CHANGE
187,Bedaquiline,mmpL5,c.1335C>T,synonymous_variant,G4,S,4) Not assoc w R - Interim,snv,true,primary,S,matched_final,true,,2,COMPLETED,SYNONYMOUS_NO_PROTEIN_CHANGE,STRUCTURAL:COMPLETED:SENSITIVE:SYNONYMOUS_NO_PROTEIN_CHANGE;STRUCTURAL:COMPLETED:SENSITIVE:SYNONYMOUS_NO_PROTEIN_CHANGE
188,Bedaquiline,mmpL5,c.135C>T,synonymous_variant,G4,S,4) Not assoc w R - Interim,snv,true,primary,S,matched_final,true,,2,COMPLETED,SYNONYMOUS_NO_PROTEIN_CHANGE,STRUCTURAL:COMPLETED:SENSITIVE:SYNONYMOUS_NO_PROTEIN_CHANGE;STRUCTURAL:COMPLETED:SENSITIVE:SYNONYMOUS_NO_PROTEIN_CHANGE
189,Bedaquiline,mmpL5,c.1395C>A,synonymous_variant,G4,S,4) Not assoc w R - Interim,snv,true,primary,S,matched_final,true,,2,COMPLETED,SYNONYMOUS_NO_PROTEIN_CHANGE,STRUCTURAL:COMPLETED:SENSITIVE:SYNONYMOUS_NO_PROTEIN_CHANGE;STRUCTURAL:COMPLETED:SENSITIVE:SYNONYMOUS_NO_PROTEIN_CHANGE
190,Bedaquiline,mmpL5,c.1425G>C,synonymous_variant,G4,S,4) Not assoc w R - Interim,snv,true,primary,S,matched_final,true,,2,COMPLETED,SYNONYMOUS_NO_PROTEIN_CHANGE,STRUCTURAL:COMPLETED:SENSITIVE:SYNONYMOUS_NO_PROTEIN_CHANGE;STRUCTURAL:COMPLETED:SENSITIVE:SYNONYMOUS_NO_PROTEIN_CHANGE
191,Bedaquiline,mmpL5,c.1431G>C,synonymous_variant,G4,S,4) Not assoc w R - Interim,snv,true,primary,S,matched_final,true,,2,COMPLETED,SYNONYMOUS_NO_PROTEIN_CHANGE,STRUCTURAL:COMPLETED:SENSITIVE:SYNONYMOUS_NO_PROTEIN_CHANGE;STRUCTURAL:COMPLETED:SENSITIVE:SYNONYMOUS_NO_PROTEIN_CHANGE
192,Bedaquiline,mmpL5,c.1437C>T,synonymous_variant,G4,S,4) Not assoc w R - Interim,snv,true,primary,S,matched_final,true,,2,COMPLETED,SYNONYMOUS_NO_PROTEIN_CHANGE,STRUCTURAL:COMPLETED:SENSITIVE:SYNONYMOUS_NO_PROTEIN_CHANGE;STRUCTURAL:COMPLETED:SENSITIVE:SYNONYMOUS_NO_PROTEIN_CHANGE
193,Bedaquiline,mmpL5,c.1473G>T,synonymous_variant,G4,S,4) Not assoc w R - Interim,snv,true,primary,S,matched_final,true,,2,COMPLETED,SYNONYMOUS_NO_PROTEIN_CHANGE,STRUCTURAL:COMPLETED:SENSITIVE:SYNONYMOUS_NO_PROTEIN_CHANGE;STRUCTURAL:COMPLETED:SENSITIVE:SYNONYMOUS_NO_PROTEIN_CHANGE
194,Bedaquiline,mmpL5,c.1569G>A,synonymous_variant,G4,S,4) Not assoc w R - Interim,snv,true,primary,S,matched_final,true,,2,COMPLETED,SYNONYMOUS_NO_PROTEIN_CHANGE,STRUCTURAL:COMPLETED:SENSITIVE:SYNONYMOUS_NO_PROTEIN_CHANGE;STRUCTURAL:COMPLETED:SENSITIVE:SYNONYMOUS_NO_PROTEIN_CHANGE
195,Bedaquiline,mmpL5,c.1572G>A,synonymous_variant,G4,S,4) Not assoc w R - Interim,snv,true,primary,S,matched_final,true,,2,COMPLETED,SYNONYMOUS_NO_PROTEIN_CHANGE,STRUCTURAL:COMPLETED:SENSITIVE:SYNONYMOUS_NO_PROTEIN_CHANGE;STRUCTURAL:COMPLETED:SENSITIVE:SYNONYMOUS_NO_PROTEIN_CHANGE
196,Bedaquiline,mmpL5,c.1584C>T,synonymous_variant,G4,S,4) Not assoc w R - Interim,snv,true,primary,S,matched_final,true,,2,COMPLETED,SYNONYMOUS_NO_PROTEIN_CHANGE,STRUCTURAL:COMPLETED:SENSITIVE:SYNONYMOUS_NO_PROTEIN_CHANGE;STRUCTURAL:COMPLETED:SENSITIVE:SYNONYMOUS_NO_PROTEIN_CHANGE
197,Bedaquiline,mmpL5,c.1593C>T,synonymous_variant,G4,S,4) Not assoc w R - Interim,snv,true,primary,S,matched_final,true,,2,COMPLETED,SYNONYMOUS_NO_PROTEIN_CHANGE,STRUCTURAL:COMPLETED:SENSITIVE:SYNONYMOUS_NO_PROTEIN_CHANGE;STRUCTURAL:COMPLETED:SENSITIVE:SYNONYMOUS_NO_PROTEIN_CHANGE
198,Bedaquiline,mmpL5,c.1674G>A,synonymous_variant,G4,S,4) Not assoc w R - Interim,snv,true,primary,S,matched_final,true,,2,COMPLETED,SYNONYMOUS_NO_PROTEIN_CHANGE,STRUCTURAL:COMPLETED:SENSITIVE:SYNONYMOUS_NO_PROTEIN_CHANGE;STRUCTURAL:COMPLETED:SENSITIVE:SYNONYMOUS_NO_PROTEIN_CHANGE
199,Bedaquiline,mmpL5,c.1758C>T,synonymous_variant,G4,S,4) Not assoc w R - Interim,snv,true,primary,S,matched_final,true,,2,COMPLETED,SYNONYMOUS_NO_PROTEIN_CHANGE,STRUCTURAL:COMPLETED:SENSITIVE:SYNONYMOUS_NO_PROTEIN_CHANGE;STRUCTURAL:COMPLETED:SENSITIVE:SYNONYMOUS_NO_PROTEIN_CHANGE
200,Bedaquiline,mmpL5,c.1785G>A,synonymous_variant,G4,S,4) Not assoc w R - Interim,snv,true,primary,S,matched_final,true,,2,COMPLETED,SYNONYMOUS_NO_PROTEIN_CHANGE,STRUCTURAL:COMPLETED:SENSITIVE:SYNONYMOUS_NO_PROTEIN_CHANGE;STRUCTURAL:COMPLETED:SENSITIVE:SYNONYMOUS_NO_PROTEIN_CHANGE
201,Bedaquiline,mmpL5,c.1791C>T,synonymous_variant,G4,S,4) Not assoc w R - Interim,snv,true,primary,S,matched_final,true,,2,COMPLETED,SYNONYMOUS_NO_PROTEIN_CHANGE,STRUCTURAL:COMPLETED:SENSITIVE:SYNONYMOUS_NO_PROTEIN_CHANGE;STRUCTURAL:COMPLETED:SENSITIVE:SYNONYMOUS_NO_PROTEIN_CHANGE
202,Bedaquiline,mmpL5,c.183G>A,synonymous_variant,G4,S,4) Not assoc w R - Interim,snv,true,primary,S,matched_final,true,,2,COMPLETED,SYNONYMOUS_NO_PROTEIN_CHANGE,STRUCTURAL:COMPLETED:SENSITIVE:SYNONYMOUS_NO_PROTEIN_CHANGE;STRUCTURAL:COMPLETED:SENSITIVE:SYNONYMOUS_NO_PROTEIN_CHANGE
203,Bedaquiline,mmpL5,c.1875G>A,synonymous_variant,G4,S,4) Not assoc w R - Interim,snv,true,primary,S,matched_final,true,,2,COMPLETED,SYNONYMOUS_NO_PROTEIN_CHANGE,STRUCTURAL:COMPLETED:SENSITIVE:SYNONYMOUS_NO_PROTEIN_CHANGE;STRUCTURAL:COMPLETED:SENSITIVE:SYNONYMOUS_NO_PROTEIN_CHANGE
204,Bedaquiline,mmpL5,c.1896C>T,synonymous_variant,G4,S,4) Not assoc w R - Interim,snv,true,primary,S,matched_final,true,,2,COMPLETED,SYNONYMOUS_NO_PROTEIN_CHANGE,STRUCTURAL:COMPLETED:SENSITIVE:SYNONYMOUS_NO_PROTEIN_CHANGE;STRUCTURAL:COMPLETED:SENSITIVE:SYNONYMOUS_NO_PROTEIN_CHANGE
205,Bedaquiline,mmpL5,c.189G>A,synonymous_variant,G4,S,4) Not assoc w R - Interim,snv,true,primary,S,matched_final,true,,2,COMPLETED,SYNONYMOUS_NO_PROTEIN_CHANGE,STRUCTURAL:COMPLETED:SENSITIVE:SYNONYMOUS_NO_PROTEIN_CHANGE;STRUCTURAL:COMPLETED:SENSITIVE:SYNONYMOUS_NO_PROTEIN_CHANGE
206,Bedaquiline,mmpL5,c.18A>G,synonymous_variant,G4,S,4) Not assoc w R - Interim,snv,true,primary,S,matched_final,true,,2,COMPLETED,SYNONYMOUS_NO_PROTEIN_CHANGE,STRUCTURAL:COMPLETED:SENSITIVE:SYNONYMOUS_NO_PROTEIN_CHANGE;STRUCTURAL:COMPLETED:SENSITIVE:SYNONYMOUS_NO_PROTEIN_CHANGE
207,Bedaquiline,mmpL5,c.1926C>T,synonymous_variant,G4,S,4) Not assoc w R - Interim,snv,true,primary,S,matched_final,true,,2,COMPLETED,SYNONYMOUS_NO_PROTEIN_CHANGE,STRUCTURAL:COMPLETED:SENSITIVE:SYNONYMOUS_NO_PROTEIN_CHANGE;STRUCTURAL:COMPLETED:SENSITIVE:SYNONYMOUS_NO_PROTEIN_CHANGE
208,Bedaquiline,mmpL5,c.1941C>T,synonymous_variant,G4,S,4) Not assoc w R - Interim,snv,true,primary,S,matched_final,true,,2,COMPLETED,SYNONYMOUS_NO_PROTEIN_CHANGE,STRUCTURAL:COMPLETED:SENSITIVE:SYNONYMOUS_NO_PROTEIN_CHANGE;STRUCTURAL:COMPLETED:SENSITIVE:SYNONYMOUS_NO_PROTEIN_CHANGE
209,Bedaquiline,mmpL5,c.195C>T,synonymous_variant,G4,S,4) Not assoc w R - Interim,snv,true,primary,S,matched_final,true,,2,COMPLETED,SYNONYMOUS_NO_PROTEIN_CHANGE,STRUCTURAL:COMPLETED:SENSITIVE:SYNONYMOUS_NO_PROTEIN_CHANGE;STRUCTURAL:COMPLETED:SENSITIVE:SYNONYMOUS_NO_PROTEIN_CHANGE
210,Bedaquiline,mmpL5,c.1A>G,initiator_codon_variant,G4,S,4) Not assoc w R - Interim,snv,true,primary,S,matched_final,true,,2,COMPLETED|PENDING,EFFLUX_PUMP_COLLAPSE,STRUCTURAL:COMPLETED:SENSITIVE:EFFLUX_PUMP_COLLAPSE;STRUCTURAL:PENDING::
211,Bedaquiline,mmpL5,c.2070T>C,synonymous_variant,G4,S,4) Not assoc w R - Interim,snv,true,primary,S,matched_final,true,,2,COMPLETED,SYNONYMOUS_NO_PROTEIN_CHANGE,STRUCTURAL:COMPLETED:SENSITIVE:SYNONYMOUS_NO_PROTEIN_CHANGE;STRUCTURAL:COMPLETED:SENSITIVE:SYNONYMOUS_NO_PROTEIN_CHANGE
212,Bedaquiline,mmpL5,c.2079C>G,synonymous_variant,G4,S,4) Not assoc w R - Interim,snv,true,primary,S,matched_final,true,,2,COMPLETED,SYNONYMOUS_NO_PROTEIN_CHANGE,STRUCTURAL:COMPLETED:SENSITIVE:SYNONYMOUS_NO_PROTEIN_CHANGE;STRUCTURAL:COMPLETED:SENSITIVE:SYNONYMOUS_NO_PROTEIN_CHANGE
213,Bedaquiline,mmpL5,c.2115G>A,synonymous_variant,G4,S,4) Not assoc w R - Interim,snv,true,primary,S,matched_final,true,,2,COMPLETED,SYNONYMOUS_NO_PROTEIN_CHANGE,STRUCTURAL:COMPLETED:SENSITIVE:SYNONYMOUS_NO_PROTEIN_CHANGE;STRUCTURAL:COMPLETED:SENSITIVE:SYNONYMOUS_NO_PROTEIN_CHANGE
214,Bedaquiline,mmpL5,c.2145G>C,synonymous_variant,G4,S,4) Not assoc w R - Interim,snv,true,primary,S,matched_final,true,,2,COMPLETED,SYNONYMOUS_NO_PROTEIN_CHANGE,STRUCTURAL:COMPLETED:SENSITIVE:SYNONYMOUS_NO_PROTEIN_CHANGE;STRUCTURAL:COMPLETED:SENSITIVE:SYNONYMOUS_NO_PROTEIN_CHANGE
215,Bedaquiline,mmpL5,c.2214C>T,synonymous_variant,G4,S,4) Not assoc w R - Interim,snv,true,primary,S,matched_final,true,,2,COMPLETED,SYNONYMOUS_NO_PROTEIN_CHANGE,STRUCTURAL:COMPLETED:SENSITIVE:SYNONYMOUS_NO_PROTEIN_CHANGE;STRUCTURAL:COMPLETED:SENSITIVE:SYNONYMOUS_NO_PROTEIN_CHANGE
216,Bedaquiline,mmpL5,c.2241G>A,synonymous_variant,G4,S,4) Not assoc w R - Interim,snv,true,primary,S,matched_final,true,,2,COMPLETED,SYNONYMOUS_NO_PROTEIN_CHANGE,STRUCTURAL:COMPLETED:SENSITIVE:SYNONYMOUS_NO_PROTEIN_CHANGE;STRUCTURAL:COMPLETED:SENSITIVE:SYNONYMOUS_NO_PROTEIN_CHANGE
217,Bedaquiline,mmpL5,c.2250G>T,synonymous_variant,G4,S,4) Not assoc w R - Interim,snv,true,primary,S,matched_final,true,,2,COMPLETED,SYNONYMOUS_NO_PROTEIN_CHANGE,STRUCTURAL:COMPLETED:SENSITIVE:SYNONYMOUS_NO_PROTEIN_CHANGE;STRUCTURAL:COMPLETED:SENSITIVE:SYNONYMOUS_NO_PROTEIN_CHANGE
218,Bedaquiline,mmpL5,c.2265G>T,synonymous_variant,G4,S,4) Not assoc w R - Interim,snv,true,primary,S,matched_final,true,,2,COMPLETED,SYNONYMOUS_NO_PROTEIN_CHANGE,STRUCTURAL:COMPLETED:SENSITIVE:SYNONYMOUS_NO_PROTEIN_CHANGE;STRUCTURAL:COMPLETED:SENSITIVE:SYNONYMOUS_NO_PROTEIN_CHANGE
219,Bedaquiline,mmpL5,c.2340A>G,synonymous_variant,G4,S,4) Not assoc w R - Interim,snv,true,primary,S,matched_final,true,,2,COMPLETED,SYNONYMOUS_NO_PROTEIN_CHANGE,STRUCTURAL:COMPLETED:SENSITIVE:SYNONYMOUS_NO_PROTEIN_CHANGE;STRUCTURAL:COMPLETED:SENSITIVE:SYNONYMOUS_NO_PROTEIN_CHANGE
220,Bedaquiline,mmpL5,c.2400G>A,synonymous_variant,G4,S,4) Not assoc w R - Interim,snv,true,primary,S,matched_final,true,,2,COMPLETED,SYNONYMOUS_NO_PROTEIN_CHANGE,STRUCTURAL:COMPLETED:SENSITIVE:SYNONYMOUS_NO_PROTEIN_CHANGE;STRUCTURAL:COMPLETED:SENSITIVE:SYNONYMOUS_NO_PROTEIN_CHANGE
221,Bedaquiline,mmpL5,c.2412C>T,synonymous_variant,G4,S,4) Not assoc w R - Interim,snv,true,primary,S,matched_final,true,,2,COMPLETED,SYNONYMOUS_NO_PROTEIN_CHANGE,STRUCTURAL:COMPLETED:SENSITIVE:SYNONYMOUS_NO_PROTEIN_CHANGE;STRUCTURAL:COMPLETED:SENSITIVE:SYNONYMOUS_NO_PROTEIN_CHANGE
222,Bedaquiline,mmpL5,c.243G>A,synonymous_variant,G4,S,4) Not assoc w R - Interim,snv,true,primary,S,matched_final,true,,2,COMPLETED,SYNONYMOUS_NO_PROTEIN_CHANGE,STRUCTURAL:COMPLETED:SENSITIVE:SYNONYMOUS_NO_PROTEIN_CHANGE;STRUCTURAL:COMPLETED:SENSITIVE:SYNONYMOUS_NO_PROTEIN_CHANGE
223,Bedaquiline,mmpL5,c.2475C>T,synonymous_variant,G4,S,4) Not assoc w R - Interim,snv,true,primary,S,matched_final,true,,2,COMPLETED,SYNONYMOUS_NO_PROTEIN_CHANGE,STRUCTURAL:COMPLETED:SENSITIVE:SYNONYMOUS_NO_PROTEIN_CHANGE;STRUCTURAL:COMPLETED:SENSITIVE:SYNONYMOUS_NO_PROTEIN_CHANGE
224,Bedaquiline,mmpL5,c.2493G>A,synonymous_variant,G4,S,4) Not assoc w R - Interim,snv,true,primary,S,matched_final,true,,2,COMPLETED,SYNONYMOUS_NO_PROTEIN_CHANGE,STRUCTURAL:COMPLETED:SENSITIVE:SYNONYMOUS_NO_PROTEIN_CHANGE;STRUCTURAL:COMPLETED:SENSITIVE:SYNONYMOUS_NO_PROTEIN_CHANGE
225,Bedaquiline,mmpL5,c.24G>A,synonymous_variant,G4,S,4) Not assoc w R - Interim,snv,true,primary,S,matched_final,true,,2,COMPLETED,SYNONYMOUS_NO_PROTEIN_CHANGE,STRUCTURAL:COMPLETED:SENSITIVE:SYNONYMOUS_NO_PROTEIN_CHANGE;STRUCTURAL:COMPLETED:SENSITIVE:SYNONYMOUS_NO_PROTEIN_CHANGE
226,Bedaquiline,mmpL5,c.2502G>A,synonymous_variant,G4,S,4) Not assoc w R - Interim,snv,true,primary,S,matched_final,true,,2,COMPLETED,SYNONYMOUS_NO_PROTEIN_CHANGE,STRUCTURAL:COMPLETED:SENSITIVE:SYNONYMOUS_NO_PROTEIN_CHANGE;STRUCTURAL:COMPLETED:SENSITIVE:SYNONYMOUS_NO_PROTEIN_CHANGE
227,Bedaquiline,mmpL5,c.2527C>T,synonymous_variant,G4,S,4) Not assoc w R - Interim,snv,true,primary,S,matched_final,true,,2,COMPLETED,SYNONYMOUS_NO_PROTEIN_CHANGE,STRUCTURAL:COMPLETED:SENSITIVE:SYNONYMOUS_NO_PROTEIN_CHANGE;STRUCTURAL:COMPLETED:SENSITIVE:SYNONYMOUS_NO_PROTEIN_CHANGE
228,Bedaquiline,mmpL5,c.2529G>A,synonymous_variant,G4,S,4) Not assoc w R - Interim,snv,true,primary,S,matched_final,true,,2,COMPLETED,SYNONYMOUS_NO_PROTEIN_CHANGE,STRUCTURAL:COMPLETED:SENSITIVE:SYNONYMOUS_NO_PROTEIN_CHANGE;STRUCTURAL:COMPLETED:SENSITIVE:SYNONYMOUS_NO_PROTEIN_CHANGE
229,Bedaquiline,mmpL5,c.258C>T,synonymous_variant,G4,S,4) Not assoc w R - Interim,snv,true,primary,S,matched_final,true,,2,COMPLETED,SYNONYMOUS_NO_PROTEIN_CHANGE,STRUCTURAL:COMPLETED:SENSITIVE:SYNONYMOUS_NO_PROTEIN_CHANGE;STRUCTURAL:COMPLETED:SENSITIVE:SYNONYMOUS_NO_PROTEIN_CHANGE
230,Bedaquiline,mmpL5,c.2634G>T,synonymous_variant,G4,S,4) Not assoc w R - Interim,snv,true,primary,S,matched_final,true,,2,COMPLETED,SYNONYMOUS_NO_PROTEIN_CHANGE,STRUCTURAL:COMPLETED:SENSITIVE:SYNONYMOUS_NO_PROTEIN_CHANGE;STRUCTURAL:COMPLETED:SENSITIVE:SYNONYMOUS_NO_PROTEIN_CHANGE
231,Bedaquiline,mmpL5,c.2658G>T,synonymous_variant,G4,S,4) Not assoc w R - Interim,snv,true,primary,S,matched_final,true,,2,COMPLETED,SYNONYMOUS_NO_PROTEIN_CHANGE,STRUCTURAL:COMPLETED:SENSITIVE:SYNONYMOUS_NO_PROTEIN_CHANGE;STRUCTURAL:COMPLETED:SENSITIVE:SYNONYMOUS_NO_PROTEIN_CHANGE
232,Bedaquiline,mmpL5,c.2664T>C,synonymous_variant,G4,S,4) Not assoc w R - Interim,snv,true,primary,S,matched_final,true,,2,COMPLETED,SYNONYMOUS_NO_PROTEIN_CHANGE,STRUCTURAL:COMPLETED:SENSITIVE:SYNONYMOUS_NO_PROTEIN_CHANGE;STRUCTURAL:COMPLETED:SENSITIVE:SYNONYMOUS_NO_PROTEIN_CHANGE
233,Bedaquiline,mmpL5,c.2721C>T,synonymous_variant,G4,S,4) Not assoc w R - Interim,snv,true,primary,S,matched_final,true,,2,COMPLETED,SYNONYMOUS_NO_PROTEIN_CHANGE,STRUCTURAL:COMPLETED:SENSITIVE:SYNONYMOUS_NO_PROTEIN_CHANGE;STRUCTURAL:COMPLETED:SENSITIVE:SYNONYMOUS_NO_PROTEIN_CHANGE
234,Bedaquiline,mmpL5,c.2730C>A,synonymous_variant,G4,S,4) Not assoc w R - Interim,snv,true,primary,S,matched_final,true,,2,COMPLETED,SYNONYMOUS_NO_PROTEIN_CHANGE,STRUCTURAL:COMPLETED:SENSITIVE:SYNONYMOUS_NO_PROTEIN_CHANGE;STRUCTURAL:COMPLETED:SENSITIVE:SYNONYMOUS_NO_PROTEIN_CHANGE
235,Bedaquiline,mmpL5,c.2739C>G,synonymous_variant,G4,S,4) Not assoc w R - Interim,snv,true,primary,S,matched_final,true,,2,COMPLETED,SYNONYMOUS_NO_PROTEIN_CHANGE,STRUCTURAL:COMPLETED:SENSITIVE:SYNONYMOUS_NO_PROTEIN_CHANGE;STRUCTURAL:COMPLETED:SENSITIVE:SYNONYMOUS_NO_PROTEIN_CHANGE
236,Bedaquiline,mmpL5,c.273G>A,synonymous_variant,G4,S,4) Not assoc w R - Interim,snv,true,primary,S,matched_final,true,,2,COMPLETED,SYNONYMOUS_NO_PROTEIN_CHANGE,STRUCTURAL:COMPLETED:SENSITIVE:SYNONYMOUS_NO_PROTEIN_CHANGE;STRUCTURAL:COMPLETED:SENSITIVE:SYNONYMOUS_NO_PROTEIN_CHANGE
237,Bedaquiline,mmpL5,c.2742G>A,synonymous_variant,G4,S,4) Not assoc w R - Interim,snv,true,primary,S,matched_final,true,,2,COMPLETED,SYNONYMOUS_NO_PROTEIN_CHANGE,STRUCTURAL:COMPLETED:SENSITIVE:SYNONYMOUS_NO_PROTEIN_CHANGE;STRUCTURAL:COMPLETED:SENSITIVE:SYNONYMOUS_NO_PROTEIN_CHANGE
238,Bedaquiline,mmpL5,c.2751C>T,synonymous_variant,G4,S,4) Not assoc w R - Interim,snv,true,primary,S,matched_final,true,,2,COMPLETED,SYNONYMOUS_NO_PROTEIN_CHANGE,STRUCTURAL:COMPLETED:SENSITIVE:SYNONYMOUS_NO_PROTEIN_CHANGE;STRUCTURAL:COMPLETED:SENSITIVE:SYNONYMOUS_NO_PROTEIN_CHANGE
239,Bedaquiline,mmpL5,c.2757G>A,synonymous_variant,G4,S,4) Not assoc w R - Interim,snv,true,primary,S,matched_final,true,,2,COMPLETED,SYNONYMOUS_NO_PROTEIN_CHANGE,STRUCTURAL:COMPLETED:SENSITIVE:SYNONYMOUS_NO_PROTEIN_CHANGE;STRUCTURAL:COMPLETED:SENSITIVE:SYNONYMOUS_NO_PROTEIN_CHANGE
240,Bedaquiline,mmpL5,c.2760C>A,synonymous_variant,G4,S,4) Not assoc w R - Interim,snv,true,primary,S,matched_final,true,,2,COMPLETED,SYNONYMOUS_NO_PROTEIN_CHANGE,STRUCTURAL:COMPLETED:SENSITIVE:SYNONYMOUS_NO_PROTEIN_CHANGE;STRUCTURAL:COMPLETED:SENSITIVE:SYNONYMOUS_NO_PROTEIN_CHANGE
241,Bedaquiline,mmpL5,c.2766G>A,synonymous_variant,G4,S,4) Not assoc w R - Interim,snv,true,primary,S,matched_final,true,,2,COMPLETED,SYNONYMOUS_NO_PROTEIN_CHANGE,STRUCTURAL:COMPLETED:SENSITIVE:SYNONYMOUS_NO_PROTEIN_CHANGE;STRUCTURAL:COMPLETED:SENSITIVE:SYNONYMOUS_NO_PROTEIN_CHANGE
242,Bedaquiline,mmpL5,c.2781G>T,synonymous_variant,G4,S,4) Not assoc w R - Interim,snv,true,primary,S,matched_final,true,,2,COMPLETED,SYNONYMOUS_NO_PROTEIN_CHANGE,STRUCTURAL:COMPLETED:SENSITIVE:SYNONYMOUS_NO_PROTEIN_CHANGE;STRUCTURAL:COMPLETED:SENSITIVE:SYNONYMOUS_NO_PROTEIN_CHANGE
243,Bedaquiline,mmpL5,c.2838A>G,synonymous_variant,G4,S,4) Not assoc w R - Interim,snv,true,primary,S,matched_final,true,,2,COMPLETED,SYNONYMOUS_NO_PROTEIN_CHANGE,STRUCTURAL:COMPLETED:SENSITIVE:SYNONYMOUS_NO_PROTEIN_CHANGE;STRUCTURAL:COMPLETED:SENSITIVE:SYNONYMOUS_NO_PROTEIN_CHANGE
244,Bedaquiline,mmpL5,c.2871G>A,synonymous_variant,G4,S,4) Not assoc w R - Interim,snv,true,primary,S,matched_final,true,,2,COMPLETED,SYNONYMOUS_NO_PROTEIN_CHANGE,STRUCTURAL:COMPLETED:SENSITIVE:SYNONYMOUS_NO_PROTEIN_CHANGE;STRUCTURAL:COMPLETED:SENSITIVE:SYNONYMOUS_NO_PROTEIN_CHANGE
245,Bedaquiline,mmpL5,c.2886C>G,synonymous_variant,G4,S,4) Not assoc w R - Interim,snv,true,primary,S,matched_final,true,,2,COMPLETED,SYNONYMOUS_NO_PROTEIN_CHANGE,STRUCTURAL:COMPLETED:SENSITIVE:SYNONYMOUS_NO_PROTEIN_CHANGE;STRUCTURAL:COMPLETED:SENSITIVE:SYNONYMOUS_NO_PROTEIN_CHANGE
246,Bedaquiline,mmpL5,c.2889G>A,synonymous_variant,G4,S,4) Not assoc w R - Interim,snv,true,primary,S,matched_final,true,,2,COMPLETED,SYNONYMOUS_NO_PROTEIN_CHANGE,STRUCTURAL:COMPLETED:SENSITIVE:SYNONYMOUS_NO_PROTEIN_CHANGE;STRUCTURAL:COMPLETED:SENSITIVE:SYNONYMOUS_NO_PROTEIN_CHANGE
247,Bedaquiline,mmpL5,c.303C>T,synonymous_variant,G4,S,4) Not assoc w R - Interim,snv,true,primary,S,matched_final,true,,2,COMPLETED,SYNONYMOUS_NO_PROTEIN_CHANGE,STRUCTURAL:COMPLETED:SENSITIVE:SYNONYMOUS_NO_PROTEIN_CHANGE;STRUCTURAL:COMPLETED:SENSITIVE:SYNONYMOUS_NO_PROTEIN_CHANGE
248,Bedaquiline,mmpL5,c.30G>A,synonymous_variant,G4,S,4) Not assoc w R - Interim,snv,true,primary,S,matched_final,true,,2,COMPLETED,SYNONYMOUS_NO_PROTEIN_CHANGE,STRUCTURAL:COMPLETED:SENSITIVE:SYNONYMOUS_NO_PROTEIN_CHANGE;STRUCTURAL:COMPLETED:SENSITIVE:SYNONYMOUS_NO_PROTEIN_CHANGE
249,Bedaquiline,mmpL5,c.360C>T,synonymous_variant,G4,S,4) Not assoc w R - Interim,snv,true,primary,S,matched_final,true,,2,COMPLETED,SYNONYMOUS_NO_PROTEIN_CHANGE,STRUCTURAL:COMPLETED:SENSITIVE:SYNONYMOUS_NO_PROTEIN_CHANGE;STRUCTURAL:COMPLETED:SENSITIVE:SYNONYMOUS_NO_PROTEIN_CHANGE
250,Bedaquiline,mmpL5,c.375C>G,synonymous_variant,G4,S,4) Not assoc w R - Interim,snv,true,primary,S,matched_final,true,,2,COMPLETED,SYNONYMOUS_NO_PROTEIN_CHANGE,STRUCTURAL:COMPLETED:SENSITIVE:SYNONYMOUS_NO_PROTEIN_CHANGE;STRUCTURAL:COMPLETED:SENSITIVE:SYNONYMOUS_NO_PROTEIN_CHANGE
251,Bedaquiline,mmpL5,c.3G>A,initiator_codon_variant,G4,S,4) Not assoc w R - Interim,snv,true,primary,S,matched_final,true,,2,COMPLETED|PENDING,EFFLUX_PUMP_COLLAPSE,STRUCTURAL:COMPLETED:SENSITIVE:EFFLUX_PUMP_COLLAPSE;STRUCTURAL:PENDING::
252,Bedaquiline,mmpL5,c.414C>A,synonymous_variant,G4,S,4) Not assoc w R - Interim,snv,true,primary,S,matched_final,true,,2,COMPLETED,SYNONYMOUS_NO_PROTEIN_CHANGE,STRUCTURAL:COMPLETED:SENSITIVE:SYNONYMOUS_NO_PROTEIN_CHANGE;STRUCTURAL:COMPLETED:SENSITIVE:SYNONYMOUS_NO_PROTEIN_CHANGE
253,Bedaquiline,mmpL5,c.462G>A,synonymous_variant,G4,S,4) Not assoc w R - Interim,snv,true,primary,S,matched_final,true,,2,COMPLETED,SYNONYMOUS_NO_PROTEIN_CHANGE,STRUCTURAL:COMPLETED:SENSITIVE:SYNONYMOUS_NO_PROTEIN_CHANGE;STRUCTURAL:COMPLETED:SENSITIVE:SYNONYMOUS_NO_PROTEIN_CHANGE
254,Bedaquiline,mmpL5,c.465C>T,synonymous_variant,G4,S,4) Not assoc w R - Interim,snv,true,primary,S,matched_final,true,,2,COMPLETED,SYNONYMOUS_NO_PROTEIN_CHANGE,STRUCTURAL:COMPLETED:SENSITIVE:SYNONYMOUS_NO_PROTEIN_CHANGE;STRUCTURAL:COMPLETED:SENSITIVE:SYNONYMOUS_NO_PROTEIN_CHANGE
255,Bedaquiline,mmpL5,c.480A>C,synonymous_variant,G4,S,4) Not assoc w R - Interim,snv,true,primary,S,matched_final,true,,2,COMPLETED,SYNONYMOUS_NO_PROTEIN_CHANGE,STRUCTURAL:COMPLETED:SENSITIVE:SYNONYMOUS_NO_PROTEIN_CHANGE;STRUCTURAL:COMPLETED:SENSITIVE:SYNONYMOUS_NO_PROTEIN_CHANGE
256,Bedaquiline,mmpL5,c.495C>A,synonymous_variant,G4,S,4) Not assoc w R - Interim,snv,true,primary,S,matched_final,true,,2,COMPLETED,SYNONYMOUS_NO_PROTEIN_CHANGE,STRUCTURAL:COMPLETED:SENSITIVE:SYNONYMOUS_NO_PROTEIN_CHANGE;STRUCTURAL:COMPLETED:SENSITIVE:SYNONYMOUS_NO_PROTEIN_CHANGE
257,Bedaquiline,mmpL5,c.504G>C,synonymous_variant,G4,S,4) Not assoc w R - Interim,snv,true,primary,S,matched_final,true,,2,COMPLETED,SYNONYMOUS_NO_PROTEIN_CHANGE,STRUCTURAL:COMPLETED:SENSITIVE:SYNONYMOUS_NO_PROTEIN_CHANGE;STRUCTURAL:COMPLETED:SENSITIVE:SYNONYMOUS_NO_PROTEIN_CHANGE
258,Bedaquiline,mmpL5,c.507C>T,synonymous_variant,G4,S,4) Not assoc w R - Interim,snv,true,primary,S,matched_final,true,,2,COMPLETED,SYNONYMOUS_NO_PROTEIN_CHANGE,STRUCTURAL:COMPLETED:SENSITIVE:SYNONYMOUS_NO_PROTEIN_CHANGE;STRUCTURAL:COMPLETED:SENSITIVE:SYNONYMOUS_NO_PROTEIN_CHANGE
259,Bedaquiline,mmpL5,c.576G>A,synonymous_variant,G4,S,4) Not assoc w R - Interim,snv,true,primary,S,matched_final,true,,2,COMPLETED,SYNONYMOUS_NO_PROTEIN_CHANGE,STRUCTURAL:COMPLETED:SENSITIVE:SYNONYMOUS_NO_PROTEIN_CHANGE;STRUCTURAL:COMPLETED:SENSITIVE:SYNONYMOUS_NO_PROTEIN_CHANGE
260,Bedaquiline,mmpL5,c.636C>T,synonymous_variant,G4,S,4) Not assoc w R - Interim,snv,true,primary,S,matched_final,true,,2,COMPLETED,SYNONYMOUS_NO_PROTEIN_CHANGE,STRUCTURAL:COMPLETED:SENSITIVE:SYNONYMOUS_NO_PROTEIN_CHANGE;STRUCTURAL:COMPLETED:SENSITIVE:SYNONYMOUS_NO_PROTEIN_CHANGE
261,Bedaquiline,mmpL5,c.661C>T,synonymous_variant,G4,S,4) Not assoc w R - Interim,snv,true,primary,S,matched_final,true,,2,COMPLETED,SYNONYMOUS_NO_PROTEIN_CHANGE,STRUCTURAL:COMPLETED:SENSITIVE:SYNONYMOUS_NO_PROTEIN_CHANGE;STRUCTURAL:COMPLETED:SENSITIVE:SYNONYMOUS_NO_PROTEIN_CHANGE
262,Bedaquiline,mmpL5,c.678C>A,synonymous_variant,G4,S,4) Not assoc w R - Interim,snv,true,primary,S,matched_final,true,,2,COMPLETED,SYNONYMOUS_NO_PROTEIN_CHANGE,STRUCTURAL:COMPLETED:SENSITIVE:SYNONYMOUS_NO_PROTEIN_CHANGE;STRUCTURAL:COMPLETED:SENSITIVE:SYNONYMOUS_NO_PROTEIN_CHANGE
263,Bedaquiline,mmpL5,c.702G>A,synonymous_variant,G4,S,4) Not assoc w R - Interim,snv,true,primary,S,matched_final,true,,2,COMPLETED,SYNONYMOUS_NO_PROTEIN_CHANGE,STRUCTURAL:COMPLETED:SENSITIVE:SYNONYMOUS_NO_PROTEIN_CHANGE;STRUCTURAL:COMPLETED:SENSITIVE:SYNONYMOUS_NO_PROTEIN_CHANGE
264,Bedaquiline,mmpL5,c.729C>G,synonymous_variant,G4,S,4) Not assoc w R - Interim,snv,true,primary,S,matched_final,true,,2,COMPLETED,SYNONYMOUS_NO_PROTEIN_CHANGE,STRUCTURAL:COMPLETED:SENSITIVE:SYNONYMOUS_NO_PROTEIN_CHANGE;STRUCTURAL:COMPLETED:SENSITIVE:SYNONYMOUS_NO_PROTEIN_CHANGE
265,Bedaquiline,mmpL5,c.738C>G,synonymous_variant,G4,S,4) Not assoc w R - Interim,snv,true,primary,S,matched_final,true,,2,COMPLETED,SYNONYMOUS_NO_PROTEIN_CHANGE,STRUCTURAL:COMPLETED:SENSITIVE:SYNONYMOUS_NO_PROTEIN_CHANGE;STRUCTURAL:COMPLETED:SENSITIVE:SYNONYMOUS_NO_PROTEIN_CHANGE
266,Bedaquiline,mmpL5,c.750C>T,synonymous_variant,G4,S,4) Not assoc w R - Interim,snv,true,primary,S,matched_final,true,,2,COMPLETED,SYNONYMOUS_NO_PROTEIN_CHANGE,STRUCTURAL:COMPLETED:SENSITIVE:SYNONYMOUS_NO_PROTEIN_CHANGE;STRUCTURAL:COMPLETED:SENSITIVE:SYNONYMOUS_NO_PROTEIN_CHANGE
267,Bedaquiline,mmpL5,c.762G>A,synonymous_variant,G4,S,4) Not assoc w R - Interim,snv,true,primary,S,matched_final,true,,2,COMPLETED,SYNONYMOUS_NO_PROTEIN_CHANGE,STRUCTURAL:COMPLETED:SENSITIVE:SYNONYMOUS_NO_PROTEIN_CHANGE;STRUCTURAL:COMPLETED:SENSITIVE:SYNONYMOUS_NO_PROTEIN_CHANGE
268,Bedaquiline,mmpL5,c.768T>C,synonymous_variant,G4,S,4) Not assoc w R - Interim,snv,true,primary,S,matched_final,true,,2,COMPLETED,SYNONYMOUS_NO_PROTEIN_CHANGE,STRUCTURAL:COMPLETED:SENSITIVE:SYNONYMOUS_NO_PROTEIN_CHANGE;STRUCTURAL:COMPLETED:SENSITIVE:SYNONYMOUS_NO_PROTEIN_CHANGE
269,Bedaquiline,mmpL5,c.777G>A,synonymous_variant,G4,S,4) Not assoc w R - Interim,snv,true,primary,S,matched_final,true,,2,COMPLETED,SYNONYMOUS_NO_PROTEIN_CHANGE,STRUCTURAL:COMPLETED:SENSITIVE:SYNONYMOUS_NO_PROTEIN_CHANGE;STRUCTURAL:COMPLETED:SENSITIVE:SYNONYMOUS_NO_PROTEIN_CHANGE
270,Bedaquiline,mmpL5,c.798C>T,synonymous_variant,G4,S,4) Not assoc w R - Interim,snv,true,primary,S,matched_final,true,,2,COMPLETED,SYNONYMOUS_NO_PROTEIN_CHANGE,STRUCTURAL:COMPLETED:SENSITIVE:SYNONYMOUS_NO_PROTEIN_CHANGE;STRUCTURAL:COMPLETED:SENSITIVE:SYNONYMOUS_NO_PROTEIN_CHANGE
271,Bedaquiline,mmpL5,c.841C>T,synonymous_variant,G4,S,4) Not assoc w R - Interim,snv,true,primary,S,matched_final,true,,2,COMPLETED,SYNONYMOUS_NO_PROTEIN_CHANGE,STRUCTURAL:COMPLETED:SENSITIVE:SYNONYMOUS_NO_PROTEIN_CHANGE;STRUCTURAL:COMPLETED:SENSITIVE:SYNONYMOUS_NO_PROTEIN_CHANGE
272,Bedaquiline,mmpL5,c.855C>T,synonymous_variant,G4,S,4) Not assoc w R - Interim,snv,true,primary,S,matched_final,true,,2,COMPLETED,SYNONYMOUS_NO_PROTEIN_CHANGE,STRUCTURAL:COMPLETED:SENSITIVE:SYNONYMOUS_NO_PROTEIN_CHANGE;STRUCTURAL:COMPLETED:SENSITIVE:SYNONYMOUS_NO_PROTEIN_CHANGE
273,Bedaquiline,mmpL5,c.885G>A,synonymous_variant,G4,S,4) Not assoc w R - Interim,snv,true,primary,S,matched_final,true,,2,COMPLETED,SYNONYMOUS_NO_PROTEIN_CHANGE,STRUCTURAL:COMPLETED:SENSITIVE:SYNONYMOUS_NO_PROTEIN_CHANGE;STRUCTURAL:COMPLETED:SENSITIVE:SYNONYMOUS_NO_PROTEIN_CHANGE
274,Bedaquiline,mmpL5,c.891G>A,synonymous_variant,G4,S,4) Not assoc w R - Interim,snv,true,primary,S,matched_final,true,,2,COMPLETED,SYNONYMOUS_NO_PROTEIN_CHANGE,STRUCTURAL:COMPLETED:SENSITIVE:SYNONYMOUS_NO_PROTEIN_CHANGE;STRUCTURAL:COMPLETED:SENSITIVE:SYNONYMOUS_NO_PROTEIN_CHANGE
275,Bedaquiline,mmpL5,c.894G>A,synonymous_variant,G4,S,4) Not assoc w R - Interim,snv,true,primary,S,matched_final,true,,2,COMPLETED,SYNONYMOUS_NO_PROTEIN_CHANGE,STRUCTURAL:COMPLETED:SENSITIVE:SYNONYMOUS_NO_PROTEIN_CHANGE;STRUCTURAL:COMPLETED:SENSITIVE:SYNONYMOUS_NO_PROTEIN_CHANGE
276,Bedaquiline,mmpL5,c.894G>C,synonymous_variant,G4,S,4) Not assoc w R - Interim,snv,true,primary,S,matched_final,true,,2,COMPLETED,SYNONYMOUS_NO_PROTEIN_CHANGE,STRUCTURAL:COMPLETED:SENSITIVE:SYNONYMOUS_NO_PROTEIN_CHANGE;STRUCTURAL:COMPLETED:SENSITIVE:SYNONYMOUS_NO_PROTEIN_CHANGE
277,Bedaquiline,mmpL5,c.909C>T,synonymous_variant,G4,S,4) Not assoc w R - Interim,snv,true,primary,S,matched_final,true,,2,COMPLETED,SYNONYMOUS_NO_PROTEIN_CHANGE,STRUCTURAL:COMPLETED:SENSITIVE:SYNONYMOUS_NO_PROTEIN_CHANGE;STRUCTURAL:COMPLETED:SENSITIVE:SYNONYMOUS_NO_PROTEIN_CHANGE
278,Bedaquiline,mmpL5,c.931C>T,synonymous_variant,G4,S,4) Not assoc w R - Interim,snv,true,primary,S,matched_final,true,,2,COMPLETED,SYNONYMOUS_NO_PROTEIN_CHANGE,STRUCTURAL:COMPLETED:SENSITIVE:SYNONYMOUS_NO_PROTEIN_CHANGE;STRUCTURAL:COMPLETED:SENSITIVE:SYNONYMOUS_NO_PROTEIN_CHANGE
279,Bedaquiline,mmpL5,c.972G>A,synonymous_variant,G4,S,4) Not assoc w R - Interim,snv,true,primary,S,matched_final,true,,2,COMPLETED,SYNONYMOUS_NO_PROTEIN_CHANGE,STRUCTURAL:COMPLETED:SENSITIVE:SYNONYMOUS_NO_PROTEIN_CHANGE;STRUCTURAL:COMPLETED:SENSITIVE:SYNONYMOUS_NO_PROTEIN_CHANGE
280,Bedaquiline,mmpL5,c.984A>G,synonymous_variant,G4,S,4) Not assoc w R - Interim,snv,true,primary,S,matched_final,true,,2,COMPLETED,SYNONYMOUS_NO_PROTEIN_CHANGE,STRUCTURAL:COMPLETED:SENSITIVE:SYNONYMOUS_NO_PROTEIN_CHANGE;STRUCTURAL:COMPLETED:SENSITIVE:SYNONYMOUS_NO_PROTEIN_CHANGE
281,Bedaquiline,mmpL5,c.9G>A,synonymous_variant,G4,S,4) Not assoc w R - Interim,snv,true,primary,S,matched_final,true,,2,COMPLETED,SYNONYMOUS_NO_PROTEIN_CHANGE,STRUCTURAL:COMPLETED:SENSITIVE:SYNONYMOUS_NO_PROTEIN_CHANGE;STRUCTURAL:COMPLETED:SENSITIVE:SYNONYMOUS_NO_PROTEIN_CHANGE
282,Bedaquiline,mmpL5,LoF,LoF,G3,,3) Uncertain significance,generic_lof,,primary,,excluded,,excluded_uncertain_g3_or_unmapped_grade,0,,,
283,Bedaquiline,mmpL5,p.Ala136_Ala139del,inframe_deletion,G3,,3) Uncertain significance,indel,,primary,,excluded,,excluded_uncertain_g3_or_unmapped_grade,0,,,
284,Bedaquiline,mmpL5,p.Ala147Thr,missense_variant,G3,,3) Uncertain significance,protein_substitution,,primary,,excluded,,excluded_uncertain_g3_or_unmapped_grade,2,FAILED|PENDING,,STRUCTURAL:FAILED::;STRUCTURAL:PENDING::
285,Bedaquiline,mmpL5,p.Ala199Thr,missense_variant,G3,,3) Uncertain significance,protein_substitution,,primary,,excluded,,excluded_uncertain_g3_or_unmapped_grade,2,FAILED|PENDING,,STRUCTURAL:FAILED::;STRUCTURAL:PENDING::
286,Bedaquiline,mmpL5,p.Ala209Thr,missense_variant,G3,,3) Uncertain significance,protein_substitution,,primary,,excluded,,excluded_uncertain_g3_or_unmapped_grade,2,FAILED|PENDING,,STRUCTURAL:FAILED::;STRUCTURAL:PENDING::
287,Bedaquiline,mmpL5,p.Ala20Thr,missense_variant,G3,,3) Uncertain significance,protein_substitution,,primary,,excluded,,excluded_uncertain_g3_or_unmapped_grade,2,FAILED|PENDING,,STRUCTURAL:FAILED::;STRUCTURAL:PENDING::
288,Bedaquiline,mmpL5,p.Ala230Thr,missense_variant,G3,,3) Uncertain significance,protein_substitution,,primary,,excluded,,excluded_uncertain_g3_or_unmapped_grade,2,FAILED|PENDING,,STRUCTURAL:FAILED::;STRUCTURAL:PENDING::
289,Bedaquiline,mmpL5,p.Ala230Val,missense_variant,G3,,3) Uncertain significance,protein_substitution,,primary,,excluded,,excluded_uncertain_g3_or_unmapped_grade,2,FAILED|PENDING,,STRUCTURAL:FAILED::;STRUCTURAL:PENDING::
290,Bedaquiline,mmpL5,p.Ala273Gly,missense_variant,G3,,3) Uncertain significance,protein_substitution,,primary,S,excluded,,excluded_uncertain_g3_or_unmapped_grade,2,LOSS_OF_FUNCTION|PENDING,EFFLUX_PUMP_COLLAPSE,STRUCTURAL:LOSS_OF_FUNCTION:SENSITIVE:EFFLUX_PUMP_COLLAPSE;STRUCTURAL:PENDING::
291,Bedaquiline,mmpL5,p.Ala273Thr,missense_variant,G3,,3) Uncertain significance,protein_substitution,,primary,,excluded,,excluded_uncertain_g3_or_unmapped_grade,2,FAILED|PENDING,ANALYSIS_FAILED,STRUCTURAL:FAILED:UNKNOWN:ANALYSIS_FAILED;STRUCTURAL:PENDING::
292,Bedaquiline,mmpL5,p.Ala288Pro,missense_variant,G3,,3) Uncertain significance,protein_substitution,,primary,S,excluded,,excluded_uncertain_g3_or_unmapped_grade,2,LETHAL_SKIP|PENDING,EFFLUX_PUMP_COLLAPSE,STRUCTURAL:LETHAL_SKIP:SENSITIVE:EFFLUX_PUMP_COLLAPSE;STRUCTURAL:PENDING::
293,Bedaquiline,mmpL5,p.Ala350del,inframe_deletion,G3,,3) Uncertain significance,indel,,primary,,excluded,,excluded_uncertain_g3_or_unmapped_grade,0,,,
294,Bedaquiline,mmpL5,p.Ala359Thr,missense_variant,G3,,3) Uncertain significance,protein_substitution,,primary,,excluded,,excluded_uncertain_g3_or_unmapped_grade,2,FAILED|PENDING,,STRUCTURAL:FAILED::;STRUCTURAL:PENDING::
295,Bedaquiline,mmpL5,p.Ala385Thr,missense_variant,G3,,3) Uncertain significance,protein_substitution,,primary,,excluded,,excluded_uncertain_g3_or_unmapped_grade,2,FAILED|PENDING,,STRUCTURAL:FAILED::;STRUCTURAL:PENDING::
296,Bedaquiline,mmpL5,p.Ala397Ser,missense_variant,G3,,3) Uncertain significance,protein_substitution,,primary,,excluded,,excluded_uncertain_g3_or_unmapped_grade,2,FAILED|PENDING,,STRUCTURAL:FAILED::;STRUCTURAL:PENDING::
297,Bedaquiline,mmpL5,p.Ala401Val,missense_variant,G3,,3) Uncertain significance,protein_substitution,,primary,,excluded,,excluded_uncertain_g3_or_unmapped_grade,2,FAILED|PENDING,ANALYSIS_FAILED,STRUCTURAL:FAILED:UNKNOWN:ANALYSIS_FAILED;STRUCTURAL:PENDING::
298,Bedaquiline,mmpL5,p.Ala434Thr,missense_variant,G3,,3) Uncertain significance,protein_substitution,,primary,,excluded,,excluded_uncertain_g3_or_unmapped_grade,2,FAILED|PENDING,,STRUCTURAL:FAILED::;STRUCTURAL:PENDING::
299,Bedaquiline,mmpL5,p.Ala44Gly,missense_variant,G3,,3) Uncertain significance,protein_substitution,,primary,,excluded,,excluded_uncertain_g3_or_unmapped_grade,2,FAILED|PENDING,,STRUCTURAL:FAILED::;STRUCTURAL:PENDING::
300,Bedaquiline,mmpL5,p.Ala572Val,missense_variant,G3,,3) Uncertain significance,protein_substitution,,primary,,excluded,,excluded_uncertain_g3_or_unmapped_grade,2,FAILED|PENDING,,STRUCTURAL:FAILED::;STRUCTURAL:PENDING::
301,Bedaquiline,mmpL5,p.Ala667Ser,missense_variant,G3,,3) Uncertain significance,protein_substitution,,primary,,excluded,,excluded_uncertain_g3_or_unmapped_grade,2,FAILED|PENDING,,STRUCTURAL:FAILED::;STRUCTURAL:PENDING::
302,Bedaquiline,mmpL5,p.Ala679Asp,missense_variant,G3,,3) Uncertain significance,protein_substitution,,primary,S,excluded,,excluded_uncertain_g3_or_unmapped_grade,2,LOSS_OF_FUNCTION|PENDING,EFFLUX_PUMP_COLLAPSE,STRUCTURAL:LOSS_OF_FUNCTION:SENSITIVE:EFFLUX_PUMP_COLLAPSE;STRUCTURAL:PENDING::
303,Bedaquiline,mmpL5,p.Ala69Val,missense_variant,G3,,3) Uncertain significance,protein_substitution,,primary,S,excluded,,excluded_uncertain_g3_or_unmapped_grade,2,LETHAL_SKIP|PENDING,EFFLUX_PUMP_COLLAPSE,STRUCTURAL:LETHAL_SKIP:SENSITIVE:EFFLUX_PUMP_COLLAPSE;STRUCTURAL:PENDING::
304,Bedaquiline,mmpL5,p.Ala800Ser,missense_variant,G3,,3) Uncertain significance,protein_substitution,,primary,,excluded,,excluded_uncertain_g3_or_unmapped_grade,2,FAILED|PENDING,,STRUCTURAL:FAILED::;STRUCTURAL:PENDING::
305,Bedaquiline,mmpL5,p.Ala801Val,missense_variant,G3,,3) Uncertain significance,protein_substitution,,primary,S,excluded,,excluded_uncertain_g3_or_unmapped_grade,2,LETHAL_SKIP|PENDING,EFFLUX_PUMP_COLLAPSE,STRUCTURAL:LETHAL_SKIP:SENSITIVE:EFFLUX_PUMP_COLLAPSE;STRUCTURAL:PENDING::
306,Bedaquiline,mmpL5,p.Ala896Thr,missense_variant,G3,,3) Uncertain significance,protein_substitution,,primary,,excluded,,excluded_uncertain_g3_or_unmapped_grade,2,FAILED|PENDING,,STRUCTURAL:FAILED::;STRUCTURAL:PENDING::
307,Bedaquiline,mmpL5,p.Ala8fs,frameshift,G3,,3) Uncertain significance,frameshift,,primary,,excluded,,excluded_uncertain_g3_or_unmapped_grade,0,,,
308,Bedaquiline,mmpL5,p.Ala956fs,frameshift,G3,,3) Uncertain significance,frameshift,,primary,,excluded,,excluded_uncertain_g3_or_unmapped_grade,0,,,
309,Bedaquiline,mmpL5,p.Arg115fs,frameshift,G3,,3) Uncertain significance,frameshift,,primary,,excluded,,excluded_uncertain_g3_or_unmapped_grade,0,,,
310,Bedaquiline,mmpL5,p.Arg202fs,frameshift,G3,,3) Uncertain significance,frameshift,,primary,,excluded,,excluded_uncertain_g3_or_unmapped_grade,0,,,
311,Bedaquiline,mmpL5,p.Arg244Leu,missense_variant,G3,,3) Uncertain significance,protein_substitution,,primary,S,excluded,,excluded_uncertain_g3_or_unmapped_grade,2,LETHAL_SKIP|PENDING,EFFLUX_PUMP_COLLAPSE,STRUCTURAL:LETHAL_SKIP:SENSITIVE:EFFLUX_PUMP_COLLAPSE;STRUCTURAL:PENDING::
312,Bedaquiline,mmpL5,p.Arg254Gln,missense_variant,G3,,3) Uncertain significance,protein_substitution,,primary,,excluded,,excluded_uncertain_g3_or_unmapped_grade,2,FAILED|PENDING,,STRUCTURAL:FAILED::;STRUCTURAL:PENDING::
313,Bedaquiline,mmpL5,p.Arg284fs,frameshift,G3,,3) Uncertain significance,frameshift,,primary,,excluded,,excluded_uncertain_g3_or_unmapped_grade,0,,,
314,Bedaquiline,mmpL5,p.Arg289His,missense_variant,G3,,3) Uncertain significance,protein_substitution,,primary,,excluded,,excluded_uncertain_g3_or_unmapped_grade,2,FAILED|PENDING,ANALYSIS_FAILED,STRUCTURAL:FAILED:UNKNOWN:ANALYSIS_FAILED;STRUCTURAL:PENDING::
315,Bedaquiline,mmpL5,p.Arg328Gly,missense_variant,G3,,3) Uncertain significance,protein_substitution,,primary,,excluded,,excluded_uncertain_g3_or_unmapped_grade,2,FAILED|PENDING,,STRUCTURAL:FAILED::;STRUCTURAL:PENDING::
316,Bedaquiline,mmpL5,p.Arg380His,missense_variant,G3,,3) Uncertain significance,protein_substitution,,primary,,excluded,,excluded_uncertain_g3_or_unmapped_grade,2,FAILED|PENDING,,STRUCTURAL:FAILED::;STRUCTURAL:PENDING::
317,Bedaquiline,mmpL5,p.Arg717Gln,missense_variant,G3,,3) Uncertain significance,protein_substitution,,primary,,excluded,,excluded_uncertain_g3_or_unmapped_grade,2,FAILED|PENDING,ANALYSIS_FAILED,STRUCTURAL:FAILED:UNKNOWN:ANALYSIS_FAILED;STRUCTURAL:PENDING::
318,Bedaquiline,mmpL5,p.Arg944Gln,missense_variant,G3,,3) Uncertain significance,protein_substitution,,primary,,excluded,,excluded_uncertain_g3_or_unmapped_grade,2,FAILED|PENDING,ANALYSIS_FAILED,STRUCTURAL:FAILED:UNKNOWN:ANALYSIS_FAILED;STRUCTURAL:PENDING::
319,Bedaquiline,mmpL5,p.Asn458Asp,missense_variant,G3,,3) Uncertain significance,protein_substitution,,primary,,excluded,,excluded_uncertain_g3_or_unmapped_grade,2,FAILED|PENDING,,STRUCTURAL:FAILED::;STRUCTURAL:PENDING::
320,Bedaquiline,mmpL5,p.Asn466Ser,missense_variant,G3,,3) Uncertain significance,protein_substitution,,primary,,excluded,,excluded_uncertain_g3_or_unmapped_grade,2,FAILED|PENDING,,STRUCTURAL:FAILED::;STRUCTURAL:PENDING::
321,Bedaquiline,mmpL5,p.Asn685Asp,missense_variant,G3,,3) Uncertain significance,protein_substitution,,primary,,excluded,,excluded_uncertain_g3_or_unmapped_grade,2,FAILED|PENDING,,STRUCTURAL:FAILED::;STRUCTURAL:PENDING::
322,Bedaquiline,mmpL5,p.Asn772Ser,missense_variant,G3,,3) Uncertain significance,protein_substitution,,primary,,excluded,,excluded_uncertain_g3_or_unmapped_grade,2,FAILED|PENDING,,STRUCTURAL:FAILED::;STRUCTURAL:PENDING::
323,Bedaquiline,mmpL5,p.Asp110Gly,missense_variant,G3,,3) Uncertain significance,protein_substitution,,primary,,excluded,,excluded_uncertain_g3_or_unmapped_grade,2,FAILED|PENDING,,STRUCTURAL:FAILED::;STRUCTURAL:PENDING::
324,Bedaquiline,mmpL5,p.Asp128Ala,missense_variant,G3,,3) Uncertain significance,protein_substitution,,primary,,excluded,,excluded_uncertain_g3_or_unmapped_grade,2,FAILED|PENDING,ANALYSIS_FAILED,STRUCTURAL:FAILED:UNKNOWN:ANALYSIS_FAILED;STRUCTURAL:PENDING::
325,Bedaquiline,mmpL5,p.Asp128Asn,missense_variant,G3,,3) Uncertain significance,protein_substitution,,primary,,excluded,,excluded_uncertain_g3_or_unmapped_grade,2,FAILED|PENDING,,STRUCTURAL:FAILED::;STRUCTURAL:PENDING::
326,Bedaquiline,mmpL5,p.Asp128His,missense_variant,G3,,3) Uncertain significance,protein_substitution,,primary,,excluded,,excluded_uncertain_g3_or_unmapped_grade,2,FAILED|PENDING,,STRUCTURAL:FAILED::;STRUCTURAL:PENDING::
327,Bedaquiline,mmpL5,p.Asp132fs,frameshift,G3,,3) Uncertain significance,frameshift,,primary,,excluded,,excluded_uncertain_g3_or_unmapped_grade,0,,,
328,Bedaquiline,mmpL5,p.Asp143Gly,missense_variant,G3,,3) Uncertain significance,protein_substitution,,primary,S,excluded,,excluded_uncertain_g3_or_unmapped_grade,2,LOSS_OF_FUNCTION|PENDING,EFFLUX_PUMP_COLLAPSE,STRUCTURAL:LOSS_OF_FUNCTION:SENSITIVE:EFFLUX_PUMP_COLLAPSE;STRUCTURAL:PENDING::
329,Bedaquiline,mmpL5,p.Asp424Asn,missense_variant,G3,,3) Uncertain significance,protein_substitution,,primary,,excluded,,excluded_uncertain_g3_or_unmapped_grade,2,FAILED|PENDING,,STRUCTURAL:FAILED::;STRUCTURAL:PENDING::
330,Bedaquiline,mmpL5,p.Asp455Gly,missense_variant,G3,,3) Uncertain significance,protein_substitution,,primary,S,excluded,,excluded_uncertain_g3_or_unmapped_grade,2,LOSS_OF_FUNCTION|PENDING,EFFLUX_PUMP_COLLAPSE,STRUCTURAL:LOSS_OF_FUNCTION:SENSITIVE:EFFLUX_PUMP_COLLAPSE;STRUCTURAL:PENDING::
331,Bedaquiline,mmpL5,p.Asp608Asn,missense_variant,G3,,3) Uncertain significance,protein_substitution,,primary,S,excluded,,excluded_uncertain_g3_or_unmapped_grade,2,LOSS_OF_FUNCTION|PENDING,EFFLUX_PUMP_COLLAPSE,STRUCTURAL:LOSS_OF_FUNCTION:SENSITIVE:EFFLUX_PUMP_COLLAPSE;STRUCTURAL:PENDING::
332,Bedaquiline,mmpL5,p.Asp608Tyr,missense_variant,G3,,3) Uncertain significance,protein_substitution,,primary,S,excluded,,excluded_uncertain_g3_or_unmapped_grade,2,LETHAL_SKIP|PENDING,EFFLUX_PUMP_COLLAPSE,STRUCTURAL:LETHAL_SKIP:SENSITIVE:EFFLUX_PUMP_COLLAPSE;STRUCTURAL:PENDING::
333,Bedaquiline,mmpL5,p.Asp681Glu,missense_variant,G3,,3) Uncertain significance,protein_substitution,,primary,,excluded,,excluded_uncertain_g3_or_unmapped_grade,4,FAILED|PENDING,,STRUCTURAL:FAILED::;STRUCTURAL:FAILED::;STRUCTURAL:PENDING::;+1_more
334,Bedaquiline,mmpL5,p.Asp767Ala,missense_variant,G3,,3) Uncertain significance,protein_substitution,,primary,S,excluded,,excluded_uncertain_g3_or_unmapped_grade,2,LETHAL_SKIP|PENDING,EFFLUX_PUMP_COLLAPSE,STRUCTURAL:LETHAL_SKIP:SENSITIVE:EFFLUX_PUMP_COLLAPSE;STRUCTURAL:PENDING::
335,Bedaquiline,mmpL5,p.Asp767Asn,missense_variant,G5,S,5) Not assoc w R,protein_substitution,true,primary,S,matched_final,true,,2,COMPLETED|PENDING,EFFLUX_PUMP_COLLAPSE,STRUCTURAL:COMPLETED:SENSITIVE:EFFLUX_PUMP_COLLAPSE;STRUCTURAL:PENDING::
336,Bedaquiline,mmpL5,p.Gln140His,missense_variant,G3,,3) Uncertain significance,protein_substitution,,primary,S,excluded,,excluded_uncertain_g3_or_unmapped_grade,4,LOSS_OF_FUNCTION|PENDING,EFFLUX_PUMP_COLLAPSE,STRUCTURAL:LOSS_OF_FUNCTION:SENSITIVE:EFFLUX_PUMP_COLLAPSE;STRUCTURAL:LOSS_OF_FUNCTION:SENSITIVE:EFFLUX_PUMP_COLLAPSE;STRUCTURAL:PENDING::;+1_more
337,Bedaquiline,mmpL5,p.Gln333Glu,missense_variant,G3,,3) Uncertain significance,protein_substitution,,primary,,excluded,,excluded_uncertain_g3_or_unmapped_grade,2,FAILED|PENDING,ANALYSIS_FAILED,STRUCTURAL:FAILED:UNKNOWN:ANALYSIS_FAILED;STRUCTURAL:PENDING::
338,Bedaquiline,mmpL5,p.Gln504*,stop_gained,G3,,3) Uncertain significance,nonsense,,primary,S,excluded,,excluded_uncertain_g3_or_unmapped_grade,2,LETHAL_SKIP|PENDING,EFFLUX_PUMP_COLLAPSE,STRUCTURAL:LETHAL_SKIP:SENSITIVE:EFFLUX_PUMP_COLLAPSE;STRUCTURAL:PENDING::
339,Bedaquiline,mmpL5,p.Gln60*,stop_gained,G3,,3) Uncertain significance,nonsense,,primary,S,excluded,,excluded_uncertain_g3_or_unmapped_grade,2,LETHAL_SKIP|PENDING,EFFLUX_PUMP_COLLAPSE,STRUCTURAL:LETHAL_SKIP:SENSITIVE:EFFLUX_PUMP_COLLAPSE;STRUCTURAL:PENDING::
340,Bedaquiline,mmpL5,p.Gln702*,stop_gained,G3,,3) Uncertain significance,nonsense,,primary,S,excluded,,excluded_uncertain_g3_or_unmapped_grade,2,LETHAL_SKIP|PENDING,EFFLUX_PUMP_COLLAPSE,STRUCTURAL:LETHAL_SKIP:SENSITIVE:EFFLUX_PUMP_COLLAPSE;STRUCTURAL:PENDING::
341,Bedaquiline,mmpL5,p.Gln707Lys,missense_variant,G3,,3) Uncertain significance,protein_substitution,,primary,,excluded,,excluded_uncertain_g3_or_unmapped_grade,2,FAILED|PENDING,,STRUCTURAL:FAILED::;STRUCTURAL:PENDING::
342,Bedaquiline,mmpL5,p.Glu159Ala,missense_variant,G3,,3) Uncertain significance,protein_substitution,,primary,,excluded,,excluded_uncertain_g3_or_unmapped_grade,2,FAILED|PENDING,,STRUCTURAL:FAILED::;STRUCTURAL:PENDING::
343,Bedaquiline,mmpL5,p.Glu174Gln,missense_variant,G3,,3) Uncertain significance,protein_substitution,,primary,,excluded,,excluded_uncertain_g3_or_unmapped_grade,2,FAILED|PENDING,,STRUCTURAL:FAILED::;STRUCTURAL:PENDING::
344,Bedaquiline,mmpL5,p.Glu512Ala,missense_variant,G3,,3) Uncertain significance,protein_substitution,,primary,,excluded,,excluded_uncertain_g3_or_unmapped_grade,2,FAILED|PENDING,,STRUCTURAL:FAILED::;STRUCTURAL:PENDING::
345,Bedaquiline,mmpL5,p.Glu512Gln,missense_variant,G3,,3) Uncertain significance,protein_substitution,,primary,,excluded,,excluded_uncertain_g3_or_unmapped_grade,2,FAILED|PENDING,,STRUCTURAL:FAILED::;STRUCTURAL:PENDING::
346,Bedaquiline,mmpL5,p.Glu524Gly,missense_variant,G3,,3) Uncertain significance,protein_substitution,,primary,,excluded,,excluded_uncertain_g3_or_unmapped_grade,2,FAILED|PENDING,,STRUCTURAL:FAILED::;STRUCTURAL:PENDING::
347,Bedaquiline,mmpL5,p.Glu552Gly,missense_variant,G3,,3) Uncertain significance,protein_substitution,,primary,,excluded,,excluded_uncertain_g3_or_unmapped_grade,2,FAILED|PENDING,,STRUCTURAL:FAILED::;STRUCTURAL:PENDING::
348,Bedaquiline,mmpL5,p.Glu566Asp,missense_variant,G3,,3) Uncertain significance,protein_substitution,,primary,,excluded,,excluded_uncertain_g3_or_unmapped_grade,4,FAILED|PENDING,,STRUCTURAL:FAILED::;STRUCTURAL:FAILED::;STRUCTURAL:PENDING::;+1_more
349,Bedaquiline,mmpL5,p.Glu723Asp,missense_variant,G3,,3) Uncertain significance,protein_substitution,,primary,,excluded,,excluded_uncertain_g3_or_unmapped_grade,4,FAILED|PENDING,,STRUCTURAL:FAILED::;STRUCTURAL:FAILED::;STRUCTURAL:PENDING::;+1_more
350,Bedaquiline,mmpL5,p.Glu744Gln,missense_variant,G3,,3) Uncertain significance,protein_substitution,,primary,,excluded,,excluded_uncertain_g3_or_unmapped_grade,2,FAILED|PENDING,ANALYSIS_FAILED,STRUCTURAL:FAILED:UNKNOWN:ANALYSIS_FAILED;STRUCTURAL:PENDING::
351,Bedaquiline,mmpL5,p.Glu830Asp,missense_variant,G3,,3) Uncertain significance,protein_substitution,,primary,,excluded,,excluded_uncertain_g3_or_unmapped_grade,4,FAILED|PENDING,,STRUCTURAL:FAILED::;STRUCTURAL:FAILED::;STRUCTURAL:PENDING::;+1_more
352,Bedaquiline,mmpL5,p.Glu83Lys,missense_variant,G3,,3) Uncertain significance,protein_substitution,,primary,,excluded,,excluded_uncertain_g3_or_unmapped_grade,2,FAILED|PENDING,,STRUCTURAL:FAILED::;STRUCTURAL:PENDING::
353,Bedaquiline,mmpL5,p.Gly102Asp,missense_variant,G3,,3) Uncertain significance,protein_substitution,,primary,,excluded,,excluded_uncertain_g3_or_unmapped_grade,2,FAILED|PENDING,,STRUCTURAL:FAILED::;STRUCTURAL:PENDING::
354,Bedaquiline,mmpL5,p.Gly114Arg,missense_variant,G3,,3) Uncertain significance,protein_substitution,,primary,,excluded,,excluded_uncertain_g3_or_unmapped_grade,2,FAILED|PENDING,,STRUCTURAL:FAILED::;STRUCTURAL:PENDING::
355,Bedaquiline,mmpL5,p.Gly131Arg,missense_variant,G3,,3) Uncertain significance,protein_substitution,,primary,,excluded,,excluded_uncertain_g3_or_unmapped_grade,4,FAILED|PENDING,,STRUCTURAL:FAILED::;STRUCTURAL:FAILED::;STRUCTURAL:PENDING::;+1_more
356,Bedaquiline,mmpL5,p.Gly138Asp,missense_variant,G3,,3) Uncertain significance,protein_substitution,,primary,,excluded,,excluded_uncertain_g3_or_unmapped_grade,2,FAILED|PENDING,ANALYSIS_FAILED,STRUCTURAL:FAILED:UNKNOWN:ANALYSIS_FAILED;STRUCTURAL:PENDING::
357,Bedaquiline,mmpL5,p.Gly181Asp,missense_variant,G3,,3) Uncertain significance,protein_substitution,,primary,,excluded,,excluded_uncertain_g3_or_unmapped_grade,2,FAILED|PENDING,,STRUCTURAL:FAILED::;STRUCTURAL:PENDING::
358,Bedaquiline,mmpL5,p.Gly246Ser,missense_variant,G3,,3) Uncertain significance,protein_substitution,,primary,,excluded,,excluded_uncertain_g3_or_unmapped_grade,2,FAILED|PENDING,,STRUCTURAL:FAILED::;STRUCTURAL:PENDING::
359,Bedaquiline,mmpL5,p.Gly257Arg,missense_variant,G3,,3) Uncertain significance,protein_substitution,,primary,S,excluded,,excluded_uncertain_g3_or_unmapped_grade,4,LETHAL_SKIP|PENDING,EFFLUX_PUMP_COLLAPSE,STRUCTURAL:LETHAL_SKIP:SENSITIVE:EFFLUX_PUMP_COLLAPSE;STRUCTURAL:LETHAL_SKIP:SENSITIVE:EFFLUX_PUMP_COLLAPSE;STRUCTURAL:PENDING::;+1_more
360,Bedaquiline,mmpL5,p.Gly305Ser,missense_variant,G3,,3) Uncertain significance,protein_substitution,,primary,,excluded,,excluded_uncertain_g3_or_unmapped_grade,2,FAILED|PENDING,,STRUCTURAL:FAILED::;STRUCTURAL:PENDING::
361,Bedaquiline,mmpL5,p.Gly336Ser,missense_variant,G3,,3) Uncertain significance,protein_substitution,,primary,S,excluded,,excluded_uncertain_g3_or_unmapped_grade,2,LOSS_OF_FUNCTION|PENDING,EFFLUX_PUMP_COLLAPSE,STRUCTURAL:LOSS_OF_FUNCTION:SENSITIVE:EFFLUX_PUMP_COLLAPSE;STRUCTURAL:PENDING::
362,Bedaquiline,mmpL5,p.Gly391Ser,missense_variant,G3,,3) Uncertain significance,protein_substitution,,primary,,excluded,,excluded_uncertain_g3_or_unmapped_grade,2,FAILED|PENDING,,STRUCTURAL:FAILED::;STRUCTURAL:PENDING::
363,Bedaquiline,mmpL5,p.Gly396Cys,missense_variant,G3,,3) Uncertain significance,protein_substitution,,primary,,excluded,,excluded_uncertain_g3_or_unmapped_grade,2,FAILED|PENDING,,STRUCTURAL:FAILED::;STRUCTURAL:PENDING::
364,Bedaquiline,mmpL5,p.Gly477Arg,missense_variant,G3,,3) Uncertain significance,protein_substitution,,primary,S,excluded,,excluded_uncertain_g3_or_unmapped_grade,4,LETHAL_SKIP|PENDING,EFFLUX_PUMP_COLLAPSE,STRUCTURAL:LETHAL_SKIP:SENSITIVE:EFFLUX_PUMP_COLLAPSE;STRUCTURAL:LETHAL_SKIP:SENSITIVE:EFFLUX_PUMP_COLLAPSE;STRUCTURAL:PENDING::;+1_more
365,Bedaquiline,mmpL5,p.Gly559Ala,missense_variant,G3,,3) Uncertain significance,protein_substitution,,primary,,excluded,,excluded_uncertain_g3_or_unmapped_grade,2,FAILED|PENDING,,STRUCTURAL:FAILED::;STRUCTURAL:PENDING::
366,Bedaquiline,mmpL5,p.Gly609Arg,missense_variant,G3,,3) Uncertain significance,protein_substitution,,primary,S,excluded,,excluded_uncertain_g3_or_unmapped_grade,4,LETHAL_SKIP|PENDING,EFFLUX_PUMP_COLLAPSE,STRUCTURAL:LETHAL_SKIP:SENSITIVE:EFFLUX_PUMP_COLLAPSE;STRUCTURAL:LETHAL_SKIP:SENSITIVE:EFFLUX_PUMP_COLLAPSE;STRUCTURAL:PENDING::;+1_more
367,Bedaquiline,mmpL5,p.Gly661Arg,missense_variant,G3,,3) Uncertain significance,protein_substitution,,primary,,excluded,,excluded_uncertain_g3_or_unmapped_grade,4,FAILED|PENDING,ANALYSIS_FAILED,STRUCTURAL:FAILED:UNKNOWN:ANALYSIS_FAILED;STRUCTURAL:FAILED:UNKNOWN:ANALYSIS_FAILED;STRUCTURAL:PENDING::;+1_more
368,Bedaquiline,mmpL5,p.Gly704Cys,missense_variant,G3,,3) Uncertain significance,protein_substitution,,primary,S,excluded,,excluded_uncertain_g3_or_unmapped_grade,2,LETHAL_SKIP|PENDING,EFFLUX_PUMP_COLLAPSE,STRUCTURAL:LETHAL_SKIP:SENSITIVE:EFFLUX_PUMP_COLLAPSE;STRUCTURAL:PENDING::
369,Bedaquiline,mmpL5,p.Gly748Asp,missense_variant,G3,,3) Uncertain significance,protein_substitution,,primary,,excluded,,excluded_uncertain_g3_or_unmapped_grade,2,FAILED|PENDING,ANALYSIS_FAILED,STRUCTURAL:FAILED:UNKNOWN:ANALYSIS_FAILED;STRUCTURAL:PENDING::
370,Bedaquiline,mmpL5,p.Gly759Ser,missense_variant,G3,,3) Uncertain significance,protein_substitution,,primary,S,excluded,,excluded_uncertain_g3_or_unmapped_grade,2,LOSS_OF_FUNCTION|PENDING,EFFLUX_PUMP_COLLAPSE,STRUCTURAL:LOSS_OF_FUNCTION:SENSITIVE:EFFLUX_PUMP_COLLAPSE;STRUCTURAL:PENDING::
371,Bedaquiline,mmpL5,p.Gly79Ser,missense_variant,G3,,3) Uncertain significance,protein_substitution,,primary,,excluded,,excluded_uncertain_g3_or_unmapped_grade,2,FAILED|PENDING,ANALYSIS_FAILED,STRUCTURAL:FAILED:UNKNOWN:ANALYSIS_FAILED;STRUCTURAL:PENDING::
372,Bedaquiline,mmpL5,p.Gly865Arg,missense_variant,G3,,3) Uncertain significance,protein_substitution,,primary,S,excluded,,excluded_uncertain_g3_or_unmapped_grade,4,LETHAL_SKIP|PENDING,EFFLUX_PUMP_COLLAPSE,STRUCTURAL:LETHAL_SKIP:SENSITIVE:EFFLUX_PUMP_COLLAPSE;STRUCTURAL:LETHAL_SKIP:SENSITIVE:EFFLUX_PUMP_COLLAPSE;STRUCTURAL:PENDING::;+1_more
373,Bedaquiline,mmpL5,p.Gly875Arg,missense_variant,G3,,3) Uncertain significance,protein_substitution,,primary,S,excluded,,excluded_uncertain_g3_or_unmapped_grade,2,LETHAL_SKIP|PENDING,EFFLUX_PUMP_COLLAPSE,STRUCTURAL:LETHAL_SKIP:SENSITIVE:EFFLUX_PUMP_COLLAPSE;STRUCTURAL:PENDING::
374,Bedaquiline,mmpL5,p.Gly876Asp,missense_variant,G3,,3) Uncertain significance,protein_substitution,,primary,S,excluded,,excluded_uncertain_g3_or_unmapped_grade,2,LETHAL_SKIP|PENDING,EFFLUX_PUMP_COLLAPSE,STRUCTURAL:LETHAL_SKIP:SENSITIVE:EFFLUX_PUMP_COLLAPSE;STRUCTURAL:PENDING::
375,Bedaquiline,mmpL5,p.His122Arg,missense_variant,G3,,3) Uncertain significance,protein_substitution,,primary,,excluded,,excluded_uncertain_g3_or_unmapped_grade,2,FAILED|PENDING,ANALYSIS_FAILED,STRUCTURAL:FAILED:UNKNOWN:ANALYSIS_FAILED;STRUCTURAL:PENDING::
376,Bedaquiline,mmpL5,p.His437Arg,missense_variant,G3,,3) Uncertain significance,protein_substitution,,primary,S,excluded,,excluded_uncertain_g3_or_unmapped_grade,2,LOSS_OF_FUNCTION|PENDING,EFFLUX_PUMP_COLLAPSE,STRUCTURAL:LOSS_OF_FUNCTION:SENSITIVE:EFFLUX_PUMP_COLLAPSE;STRUCTURAL:PENDING::
377,Bedaquiline,mmpL5,p.His454Gln,missense_variant,G3,,3) Uncertain significance,protein_substitution,,primary,S,excluded,,excluded_uncertain_g3_or_unmapped_grade,4,LETHAL_SKIP|LOSS_OF_FUNCTION|PENDING,EFFLUX_PUMP_COLLAPSE,STRUCTURAL:LETHAL_SKIP:SENSITIVE:EFFLUX_PUMP_COLLAPSE;STRUCTURAL:LOSS_OF_FUNCTION:SENSITIVE:EFFLUX_PUMP_COLLAPSE;STRUCTURAL:PENDING::;+1_more
378,Bedaquiline,mmpL5,p.His494Tyr,missense_variant,G3,,3) Uncertain significance,protein_substitution,,primary,S,excluded,,excluded_uncertain_g3_or_unmapped_grade,2,LOSS_OF_FUNCTION|PENDING,EFFLUX_PUMP_COLLAPSE,STRUCTURAL:LOSS_OF_FUNCTION:SENSITIVE:EFFLUX_PUMP_COLLAPSE;STRUCTURAL:PENDING::
379,Bedaquiline,mmpL5,p.His540Arg,missense_variant,G3,,3) Uncertain significance,protein_substitution,,primary,,excluded,,excluded_uncertain_g3_or_unmapped_grade,2,FAILED|PENDING,,STRUCTURAL:FAILED::;STRUCTURAL:PENDING::
380,Bedaquiline,mmpL5,p.His590Pro,missense_variant,G3,,3) Uncertain significance,protein_substitution,,primary,S,excluded,,excluded_uncertain_g3_or_unmapped_grade,2,LOSS_OF_FUNCTION|PENDING,EFFLUX_PUMP_COLLAPSE,STRUCTURAL:LOSS_OF_FUNCTION:SENSITIVE:EFFLUX_PUMP_COLLAPSE;STRUCTURAL:PENDING::
381,Bedaquiline,mmpL5,p.His656Tyr,missense_variant,G3,,3) Uncertain significance,protein_substitution,,primary,,excluded,,excluded_uncertain_g3_or_unmapped_grade,2,FAILED|PENDING,,STRUCTURAL:FAILED::;STRUCTURAL:PENDING::
382,Bedaquiline,mmpL5,p.His77Asn,missense_variant,G3,,3) Uncertain significance,protein_substitution,,primary,,excluded,,excluded_uncertain_g3_or_unmapped_grade,2,FAILED|PENDING,,STRUCTURAL:FAILED::;STRUCTURAL:PENDING::
383,Bedaquiline,mmpL5,p.His825fs,frameshift,G3,,3) Uncertain significance,frameshift,,primary,,excluded,,excluded_uncertain_g3_or_unmapped_grade,0,,,
384,Bedaquiline,mmpL5,p.Ile113Thr,missense_variant,G3,,3) Uncertain significance,protein_substitution,,primary,S,excluded,,excluded_uncertain_g3_or_unmapped_grade,2,LOSS_OF_FUNCTION|PENDING,EFFLUX_PUMP_COLLAPSE,STRUCTURAL:LOSS_OF_FUNCTION:SENSITIVE:EFFLUX_PUMP_COLLAPSE;STRUCTURAL:PENDING::
385,Bedaquiline,mmpL5,p.Ile215Val,missense_variant,G3,,3) Uncertain significance,protein_substitution,,primary,,excluded,,excluded_uncertain_g3_or_unmapped_grade,2,FAILED|PENDING,ANALYSIS_FAILED,STRUCTURAL:FAILED:UNKNOWN:ANALYSIS_FAILED;STRUCTURAL:PENDING::
386,Bedaquiline,mmpL5,p.Ile282Leu,missense_variant,G3,,3) Uncertain significance,protein_substitution,,primary,,excluded,,excluded_uncertain_g3_or_unmapped_grade,2,FAILED|PENDING,,STRUCTURAL:FAILED::;STRUCTURAL:PENDING::
387,Bedaquiline,mmpL5,p.Ile484Thr,missense_variant,G3,,3) Uncertain significance,protein_substitution,,primary,S,excluded,,excluded_uncertain_g3_or_unmapped_grade,2,LOSS_OF_FUNCTION|PENDING,EFFLUX_PUMP_COLLAPSE,STRUCTURAL:LOSS_OF_FUNCTION:SENSITIVE:EFFLUX_PUMP_COLLAPSE;STRUCTURAL:PENDING::
388,Bedaquiline,mmpL5,p.Ile529Met,missense_variant,G3,,3) Uncertain significance,protein_substitution,,primary,,excluded,,excluded_uncertain_g3_or_unmapped_grade,2,FAILED|PENDING,,STRUCTURAL:FAILED::;STRUCTURAL:PENDING::
389,Bedaquiline,mmpL5,p.Ile555_Gly559del,inframe_deletion,G3,,3) Uncertain significance,indel,,primary,,excluded,,excluded_uncertain_g3_or_unmapped_grade,0,,,
390,Bedaquiline,mmpL5,p.Ile59Thr,missense_variant,G3,,3) Uncertain significance,protein_substitution,,primary,,excluded,,excluded_uncertain_g3_or_unmapped_grade,2,FAILED|PENDING,,STRUCTURAL:FAILED::;STRUCTURAL:PENDING::
391,Bedaquiline,mmpL5,p.Ile732Val,missense_variant,G3,,3) Uncertain significance,protein_substitution,,primary,,excluded,,excluded_uncertain_g3_or_unmapped_grade,2,FAILED|PENDING,,STRUCTURAL:FAILED::;STRUCTURAL:PENDING::
392,Bedaquiline,mmpL5,p.Ile735fs,frameshift,G3,,3) Uncertain significance,frameshift,,primary,,excluded,,excluded_uncertain_g3_or_unmapped_grade,0,,,
393,Bedaquiline,mmpL5,p.Ile787Met,missense_variant,G3,,3) Uncertain significance,protein_substitution,,primary,,excluded,,excluded_uncertain_g3_or_unmapped_grade,2,FAILED|PENDING,,STRUCTURAL:FAILED::;STRUCTURAL:PENDING::
394,Bedaquiline,mmpL5,p.Ile829Val,missense_variant,G3,,3) Uncertain significance,protein_substitution,,primary,,excluded,,excluded_uncertain_g3_or_unmapped_grade,2,FAILED|PENDING,,STRUCTURAL:FAILED::;STRUCTURAL:PENDING::
395,Bedaquiline,mmpL5,p.Ile841Val,missense_variant,G3,,3) Uncertain significance,protein_substitution,,primary,,excluded,,excluded_uncertain_g3_or_unmapped_grade,2,FAILED|PENDING,ANALYSIS_FAILED,STRUCTURAL:FAILED:UNKNOWN:ANALYSIS_FAILED;STRUCTURAL:PENDING::
396,Bedaquiline,mmpL5,p.Ile910Val,missense_variant,G3,,3) Uncertain significance,protein_substitution,,primary,,excluded,,excluded_uncertain_g3_or_unmapped_grade,2,FAILED|PENDING,ANALYSIS_FAILED,STRUCTURAL:FAILED:UNKNOWN:ANALYSIS_FAILED;STRUCTURAL:PENDING::
397,Bedaquiline,mmpL5,p.Ile948Ala,missense_variant,G3,,3) Uncertain significance,protein_substitution,,primary,,excluded,,excluded_uncertain_g3_or_unmapped_grade,0,,,
398,Bedaquiline,mmpL5,p.Ile948Val,missense_variant,G4,S,4) Not assoc w R - Interim,protein_substitution,true,primary,S,matched_final,true,,2,COMPLETED|PENDING,EFFLUX_PUMP_COLLAPSE,STRUCTURAL:COMPLETED:SENSITIVE:EFFLUX_PUMP_COLLAPSE;STRUCTURAL:PENDING::
399,Bedaquiline,mmpL5,p.Leu116Val,missense_variant,G3,,3) Uncertain significance,protein_substitution,,primary,S,excluded,,excluded_uncertain_g3_or_unmapped_grade,2,LOSS_OF_FUNCTION|PENDING,EFFLUX_PUMP_COLLAPSE,STRUCTURAL:LOSS_OF_FUNCTION:SENSITIVE:EFFLUX_PUMP_COLLAPSE;STRUCTURAL:PENDING::
400,Bedaquiline,mmpL5,p.Leu219Phe,missense_variant,G3,,3) Uncertain significance,protein_substitution,,primary,S,excluded,,excluded_uncertain_g3_or_unmapped_grade,4,LOSS_OF_FUNCTION|PENDING,EFFLUX_PUMP_COLLAPSE,STRUCTURAL:LOSS_OF_FUNCTION:SENSITIVE:EFFLUX_PUMP_COLLAPSE;STRUCTURAL:LOSS_OF_FUNCTION:SENSITIVE:EFFLUX_PUMP_COLLAPSE;STRUCTURAL:PENDING::;+1_more
401,Bedaquiline,mmpL5,p.Leu329Arg,missense_variant,G3,,3) Uncertain significance,protein_substitution,,primary,S,excluded,,excluded_uncertain_g3_or_unmapped_grade,2,LETHAL_SKIP|PENDING,EFFLUX_PUMP_COLLAPSE,STRUCTURAL:LETHAL_SKIP:SENSITIVE:EFFLUX_PUMP_COLLAPSE;STRUCTURAL:PENDING::
402,Bedaquiline,mmpL5,p.Leu335Val,missense_variant,G3,,3) Uncertain significance,protein_substitution,,primary,S,excluded,,excluded_uncertain_g3_or_unmapped_grade,2,LOSS_OF_FUNCTION|PENDING,EFFLUX_PUMP_COLLAPSE,STRUCTURAL:LOSS_OF_FUNCTION:SENSITIVE:EFFLUX_PUMP_COLLAPSE;STRUCTURAL:PENDING::
403,Bedaquiline,mmpL5,p.Leu523Pro,missense_variant,G3,,3) Uncertain significance,protein_substitution,,primary,S,excluded,,excluded_uncertain_g3_or_unmapped_grade,2,LETHAL_SKIP|PENDING,EFFLUX_PUMP_COLLAPSE,STRUCTURAL:LETHAL_SKIP:SENSITIVE:EFFLUX_PUMP_COLLAPSE;STRUCTURAL:PENDING::
404,Bedaquiline,mmpL5,p.Leu600Arg,missense_variant,G3,,3) Uncertain significance,protein_substitution,,primary,S,excluded,,excluded_uncertain_g3_or_unmapped_grade,2,LETHAL_SKIP|PENDING,EFFLUX_PUMP_COLLAPSE,STRUCTURAL:LETHAL_SKIP:SENSITIVE:EFFLUX_PUMP_COLLAPSE;STRUCTURAL:PENDING::
405,Bedaquiline,mmpL5,p.Leu630fs,frameshift,G3,,3) Uncertain significance,frameshift,,primary,,excluded,,excluded_uncertain_g3_or_unmapped_grade,0,,,
406,Bedaquiline,mmpL5,p.Leu653Met,missense_variant,G3,,3) Uncertain significance,protein_substitution,,primary,,excluded,,excluded_uncertain_g3_or_unmapped_grade,2,FAILED|PENDING,,STRUCTURAL:FAILED::;STRUCTURAL:PENDING::
407,Bedaquiline,mmpL5,p.Leu691Arg,missense_variant,G3,,3) Uncertain significance,protein_substitution,,primary,S,excluded,,excluded_uncertain_g3_or_unmapped_grade,2,LETHAL_SKIP|PENDING,EFFLUX_PUMP_COLLAPSE,STRUCTURAL:LETHAL_SKIP:SENSITIVE:EFFLUX_PUMP_COLLAPSE;STRUCTURAL:PENDING::
408,Bedaquiline,mmpL5,p.Leu709Ile,missense_variant,G3,,3) Uncertain significance,protein_substitution,,primary,,excluded,,excluded_uncertain_g3_or_unmapped_grade,2,FAILED|PENDING,,STRUCTURAL:FAILED::;STRUCTURAL:PENDING::
409,Bedaquiline,mmpL5,p.Leu751Phe,missense_variant,G3,,3) Uncertain significance,protein_substitution,,primary,,excluded,,excluded_uncertain_g3_or_unmapped_grade,4,FAILED|PENDING,,STRUCTURAL:FAILED::;STRUCTURAL:FAILED::;STRUCTURAL:PENDING::;+1_more
410,Bedaquiline,mmpL5,p.Leu810Phe,missense_variant,G3,,3) Uncertain significance,protein_substitution,,primary,,excluded,,excluded_uncertain_g3_or_unmapped_grade,4,FAILED|PENDING,,STRUCTURAL:FAILED::;STRUCTURAL:FAILED::;STRUCTURAL:PENDING::;+1_more
411,Bedaquiline,mmpL5,p.Leu818Met,missense_variant,G3,,3) Uncertain significance,protein_substitution,,primary,,excluded,,excluded_uncertain_g3_or_unmapped_grade,2,FAILED|PENDING,,STRUCTURAL:FAILED::;STRUCTURAL:PENDING::
412,Bedaquiline,mmpL5,p.Leu836Phe,missense_variant,G3,,3) Uncertain significance,protein_substitution,,primary,,excluded,,excluded_uncertain_g3_or_unmapped_grade,4,FAILED|PENDING,,STRUCTURAL:FAILED::;STRUCTURAL:FAILED::;STRUCTURAL:PENDING::;+1_more
413,Bedaquiline,mmpL5,p.Leu95Arg,missense_variant,G3,,3) Uncertain significance,protein_substitution,,primary,S,excluded,,excluded_uncertain_g3_or_unmapped_grade,2,LETHAL_SKIP|PENDING,EFFLUX_PUMP_COLLAPSE,STRUCTURAL:LETHAL_SKIP:SENSITIVE:EFFLUX_PUMP_COLLAPSE;STRUCTURAL:PENDING::
414,Bedaquiline,mmpL5,p.Lys467Arg,missense_variant,G3,,3) Uncertain significance,protein_substitution,,primary,,excluded,,excluded_uncertain_g3_or_unmapped_grade,2,FAILED|PENDING,,STRUCTURAL:FAILED::;STRUCTURAL:PENDING::
415,Bedaquiline,mmpL5,p.Lys467fs,frameshift,G3,,3) Uncertain significance,frameshift,,primary,,excluded,,excluded_uncertain_g3_or_unmapped_grade,0,,,
416,Bedaquiline,mmpL5,p.Lys589fs,frameshift,G3,,3) Uncertain significance,frameshift,,primary,,excluded,,excluded_uncertain_g3_or_unmapped_grade,0,,,
417,Bedaquiline,mmpL5,p.Lys646Gln,missense_variant,G3,,3) Uncertain significance,protein_substitution,,primary,,excluded,,excluded_uncertain_g3_or_unmapped_grade,2,FAILED|PENDING,,STRUCTURAL:FAILED::;STRUCTURAL:PENDING::
418,Bedaquiline,mmpL5,p.Lys649Thr,missense_variant,G3,,3) Uncertain significance,protein_substitution,,primary,,excluded,,excluded_uncertain_g3_or_unmapped_grade,2,FAILED|PENDING,,STRUCTURAL:FAILED::;STRUCTURAL:PENDING::
419,Bedaquiline,mmpL5,p.Lys766_Asp770delinsAsn,inframe_deletion,G3,,3) Uncertain significance,indel,,primary,,excluded,,excluded_uncertain_g3_or_unmapped_grade,0,,,
420,Bedaquiline,mmpL5,p.Lys80Gln,missense_variant,G3,,3) Uncertain significance,protein_substitution,,primary,,excluded,,excluded_uncertain_g3_or_unmapped_grade,2,FAILED|PENDING,,STRUCTURAL:FAILED::;STRUCTURAL:PENDING::
421,Bedaquiline,mmpL5,p.Met218Val,missense_variant,G3,,3) Uncertain significance,protein_substitution,,primary,,excluded,,excluded_uncertain_g3_or_unmapped_grade,2,FAILED|PENDING,ANALYSIS_FAILED,STRUCTURAL:FAILED:UNKNOWN:ANALYSIS_FAILED;STRUCTURAL:PENDING::
422,Bedaquiline,mmpL5,p.Met443Thr,missense_variant,G3,,3) Uncertain significance,protein_substitution,,primary,S,excluded,,excluded_uncertain_g3_or_unmapped_grade,2,LOSS_OF_FUNCTION|PENDING,EFFLUX_PUMP_COLLAPSE,STRUCTURAL:LOSS_OF_FUNCTION:SENSITIVE:EFFLUX_PUMP_COLLAPSE;STRUCTURAL:PENDING::
423,Bedaquiline,mmpL5,p.Met503Arg,missense_variant,G3,,3) Uncertain significance,protein_substitution,,primary,,excluded,,excluded_uncertain_g3_or_unmapped_grade,2,FAILED|PENDING,,STRUCTURAL:FAILED::;STRUCTURAL:PENDING::
424,Bedaquiline,mmpL5,p.Met503Ile,missense_variant,G3,,3) Uncertain significance,protein_substitution,,primary,,excluded,,excluded_uncertain_g3_or_unmapped_grade,6,FAILED|PENDING,ANALYSIS_FAILED,STRUCTURAL:FAILED:UNKNOWN:ANALYSIS_FAILED;STRUCTURAL:FAILED::;STRUCTURAL:FAILED::;+3_more
425,Bedaquiline,mmpL5,p.Met560Leu,missense_variant,G3,,3) Uncertain significance,protein_substitution,,primary,,excluded,,excluded_uncertain_g3_or_unmapped_grade,4,FAILED|PENDING,,STRUCTURAL:FAILED::;STRUCTURAL:FAILED::;STRUCTURAL:PENDING::;+1_more
426,Bedaquiline,mmpL5,p.Met560Thr,missense_variant,G3,,3) Uncertain significance,protein_substitution,,primary,,excluded,,excluded_uncertain_g3_or_unmapped_grade,2,FAILED|PENDING,,STRUCTURAL:FAILED::;STRUCTURAL:PENDING::
427,Bedaquiline,mmpL5,p.Met638_Met641del,inframe_deletion,G3,,3) Uncertain significance,indel,,primary,,excluded,,excluded_uncertain_g3_or_unmapped_grade,0,,,
428,Bedaquiline,mmpL5,p.Met638Leu,missense_variant,G3,,3) Uncertain significance,protein_substitution,,primary,,excluded,,excluded_uncertain_g3_or_unmapped_grade,4,FAILED|PENDING,,STRUCTURAL:FAILED::;STRUCTURAL:FAILED::;STRUCTURAL:PENDING::;+1_more
429,Bedaquiline,mmpL5,p.Met645Ile,missense_variant,G3,,3) Uncertain significance,protein_substitution,,primary,,excluded,,excluded_uncertain_g3_or_unmapped_grade,6,FAILED|PENDING,ANALYSIS_FAILED,STRUCTURAL:FAILED:UNKNOWN:ANALYSIS_FAILED;STRUCTURAL:FAILED:UNKNOWN:ANALYSIS_FAILED;STRUCTURAL:FAILED::;+3_more
430,Bedaquiline,mmpL5,p.Met655Thr,missense_variant,G3,,3) Uncertain significance,protein_substitution,,primary,,excluded,,excluded_uncertain_g3_or_unmapped_grade,2,FAILED|PENDING,ANALYSIS_FAILED,STRUCTURAL:FAILED:UNKNOWN:ANALYSIS_FAILED;STRUCTURAL:PENDING::
431,Bedaquiline,mmpL5,p.Met666Ile,missense_variant,G3,,3) Uncertain significance,protein_substitution,,primary,,excluded,,excluded_uncertain_g3_or_unmapped_grade,6,FAILED|PENDING,ANALYSIS_FAILED,STRUCTURAL:FAILED:UNKNOWN:ANALYSIS_FAILED;STRUCTURAL:FAILED::;STRUCTURAL:FAILED::;+3_more
432,Bedaquiline,mmpL5,p.Met676Val,missense_variant,G3,,3) Uncertain significance,protein_substitution,,primary,,excluded,,excluded_uncertain_g3_or_unmapped_grade,2,FAILED|PENDING,ANALYSIS_FAILED,STRUCTURAL:FAILED:UNKNOWN:ANALYSIS_FAILED;STRUCTURAL:PENDING::
433,Bedaquiline,mmpL5,p.Met72Thr,missense_variant,G3,,3) Uncertain significance,protein_substitution,,primary,,excluded,,excluded_uncertain_g3_or_unmapped_grade,2,FAILED|PENDING,,STRUCTURAL:FAILED::;STRUCTURAL:PENDING::
434,Bedaquiline,mmpL5,p.Met892Ile,missense_variant,G3,,3) Uncertain significance,protein_substitution,,primary,S,excluded,,excluded_uncertain_g3_or_unmapped_grade,6,LETHAL_SKIP|LOSS_OF_FUNCTION|PENDING,EFFLUX_PUMP_COLLAPSE,STRUCTURAL:LETHAL_SKIP:SENSITIVE:EFFLUX_PUMP_COLLAPSE;STRUCTURAL:LOSS_OF_FUNCTION:SENSITIVE:EFFLUX_PUMP_COLLAPSE;STRUCTURAL:LETHAL_SKIP:SENSITIVE:EFFLUX_PUMP_COLLAPSE;+3_more
435,Bedaquiline,mmpL5,p.Met892Thr,missense_variant,G3,,3) Uncertain significance,protein_substitution,,primary,,excluded,,excluded_uncertain_g3_or_unmapped_grade,2,FAILED|PENDING,,STRUCTURAL:FAILED::;STRUCTURAL:PENDING::
436,Bedaquiline,mmpL5,p.Met892Val,missense_variant,G3,,3) Uncertain significance,protein_substitution,,primary,S,excluded,,excluded_uncertain_g3_or_unmapped_grade,2,LOSS_OF_FUNCTION|PENDING,EFFLUX_PUMP_COLLAPSE,STRUCTURAL:LOSS_OF_FUNCTION:SENSITIVE:EFFLUX_PUMP_COLLAPSE;STRUCTURAL:PENDING::
437,Bedaquiline,mmpL5,p.Met903Ile,missense_variant,G3,,3) Uncertain significance,protein_substitution,,primary,,excluded,,excluded_uncertain_g3_or_unmapped_grade,6,FAILED|PENDING,,STRUCTURAL:FAILED::;STRUCTURAL:FAILED::;STRUCTURAL:FAILED::;+3_more
438,Bedaquiline,mmpL5,p.Met912Thr,missense_variant,G3,,3) Uncertain significance,protein_substitution,,primary,,excluded,,excluded_uncertain_g3_or_unmapped_grade,2,FAILED|PENDING,,STRUCTURAL:FAILED::;STRUCTURAL:PENDING::
439,Bedaquiline,mmpL5,p.Phe129Ser,missense_variant,G3,,3) Uncertain significance,protein_substitution,,primary,S,excluded,,excluded_uncertain_g3_or_unmapped_grade,2,LOSS_OF_FUNCTION|PENDING,EFFLUX_PUMP_COLLAPSE,STRUCTURAL:LOSS_OF_FUNCTION:SENSITIVE:EFFLUX_PUMP_COLLAPSE;STRUCTURAL:PENDING::
440,Bedaquiline,mmpL5,p.Phe696Leu,missense_variant,G3,,3) Uncertain significance,protein_substitution,,primary,S,excluded,,excluded_uncertain_g3_or_unmapped_grade,6,FAILED|LETHAL_SKIP|PENDING,ANALYSIS_FAILED|EFFLUX_PUMP_COLLAPSE,STRUCTURAL:FAILED:UNKNOWN:ANALYSIS_FAILED;STRUCTURAL:LETHAL_SKIP:SENSITIVE:EFFLUX_PUMP_COLLAPSE;STRUCTURAL:FAILED::;+3_more
441,Bedaquiline,mmpL5,p.Phe816Leu,missense_variant,G3,,3) Uncertain significance,protein_substitution,,primary,S,excluded,,excluded_uncertain_g3_or_unmapped_grade,6,FAILED|LETHAL_SKIP|LOSS_OF_FUNCTION|PENDING,ANALYSIS_FAILED|EFFLUX_PUMP_COLLAPSE,STRUCTURAL:FAILED:UNKNOWN:ANALYSIS_FAILED;STRUCTURAL:LETHAL_SKIP:SENSITIVE:EFFLUX_PUMP_COLLAPSE;STRUCTURAL:LOSS_OF_FUNCTION:SENSITIVE:EFFLUX_PUMP_COLLAPSE;+3_more
442,Bedaquiline,mmpL5,p.Phe82fs,frameshift,G3,,3) Uncertain significance,frameshift,,primary,,excluded,,excluded_uncertain_g3_or_unmapped_grade,0,,,
443,Bedaquiline,mmpL5,p.Phe82Leu,missense_variant,G3,,3) Uncertain significance,protein_substitution,,primary,S,excluded,,excluded_uncertain_g3_or_unmapped_grade,6,LETHAL_SKIP|PENDING,EFFLUX_PUMP_COLLAPSE,STRUCTURAL:LETHAL_SKIP:SENSITIVE:EFFLUX_PUMP_COLLAPSE;STRUCTURAL:LETHAL_SKIP:SENSITIVE:EFFLUX_PUMP_COLLAPSE;STRUCTURAL:LETHAL_SKIP:SENSITIVE:EFFLUX_PUMP_COLLAPSE;+3_more
444,Bedaquiline,mmpL5,p.Phe890Ser,missense_variant,G3,,3) Uncertain significance,protein_substitution,,primary,S,excluded,,excluded_uncertain_g3_or_unmapped_grade,2,LETHAL_SKIP|PENDING,EFFLUX_PUMP_COLLAPSE,STRUCTURAL:LETHAL_SKIP:SENSITIVE:EFFLUX_PUMP_COLLAPSE;STRUCTURAL:PENDING::
445,Bedaquiline,mmpL5,p.Phe916Ser,missense_variant,G3,,3) Uncertain significance,protein_substitution,,primary,S,excluded,,excluded_uncertain_g3_or_unmapped_grade,2,LETHAL_SKIP|PENDING,EFFLUX_PUMP_COLLAPSE,STRUCTURAL:LETHAL_SKIP:SENSITIVE:EFFLUX_PUMP_COLLAPSE;STRUCTURAL:PENDING::
446,Bedaquiline,mmpL5,p.Pro179Thr,missense_variant,G3,,3) Uncertain significance,protein_substitution,,primary,,excluded,,excluded_uncertain_g3_or_unmapped_grade,2,FAILED|PENDING,,STRUCTURAL:FAILED::;STRUCTURAL:PENDING::
447,Bedaquiline,mmpL5,p.Pro180Leu,missense_variant,G3,,3) Uncertain significance,protein_substitution,,primary,,excluded,,excluded_uncertain_g3_or_unmapped_grade,2,FAILED|PENDING,ANALYSIS_FAILED,STRUCTURAL:FAILED:UNKNOWN:ANALYSIS_FAILED;STRUCTURAL:PENDING::
448,Bedaquiline,mmpL5,p.Pro390fs,frameshift,G3,,3) Uncertain significance,frameshift,,primary,,excluded,,excluded_uncertain_g3_or_unmapped_grade,0,,,
449,Bedaquiline,mmpL5,p.Pro390Ser,missense_variant,G3,,3) Uncertain significance,protein_substitution,,primary,S,excluded,,excluded_uncertain_g3_or_unmapped_grade,2,LETHAL_SKIP|PENDING,EFFLUX_PUMP_COLLAPSE,STRUCTURAL:LETHAL_SKIP:SENSITIVE:EFFLUX_PUMP_COLLAPSE;STRUCTURAL:PENDING::
450,Bedaquiline,mmpL5,p.Pro445Leu,missense_variant,G3,,3) Uncertain significance,protein_substitution,,primary,S,excluded,,excluded_uncertain_g3_or_unmapped_grade,2,LETHAL_SKIP|PENDING,EFFLUX_PUMP_COLLAPSE,STRUCTURAL:LETHAL_SKIP:SENSITIVE:EFFLUX_PUMP_COLLAPSE;STRUCTURAL:PENDING::
451,Bedaquiline,mmpL5,p.Pro498fs,frameshift,G3,,3) Uncertain significance,frameshift,,primary,,excluded,,excluded_uncertain_g3_or_unmapped_grade,0,,,
452,Bedaquiline,mmpL5,p.Pro927Arg,missense_variant,G3,,3) Uncertain significance,protein_substitution,,primary,S,excluded,,excluded_uncertain_g3_or_unmapped_grade,2,LETHAL_SKIP|PENDING,EFFLUX_PUMP_COLLAPSE,STRUCTURAL:LETHAL_SKIP:SENSITIVE:EFFLUX_PUMP_COLLAPSE;STRUCTURAL:PENDING::
453,Bedaquiline,mmpL5,p.Pro947Ser,missense_variant,G3,,3) Uncertain significance,protein_substitution,,primary,S,excluded,,excluded_uncertain_g3_or_unmapped_grade,2,LOSS_OF_FUNCTION|PENDING,EFFLUX_PUMP_COLLAPSE,STRUCTURAL:LOSS_OF_FUNCTION:SENSITIVE:EFFLUX_PUMP_COLLAPSE;STRUCTURAL:PENDING::
454,Bedaquiline,mmpL5,p.Pro953Ser,missense_variant,G3,,3) Uncertain significance,protein_substitution,,primary,,excluded,,excluded_uncertain_g3_or_unmapped_grade,2,FAILED|PENDING,,STRUCTURAL:FAILED::;STRUCTURAL:PENDING::
455,Bedaquiline,mmpL5,p.Ser125Cys,missense_variant,G3,,3) Uncertain significance,protein_substitution,,primary,S,excluded,,excluded_uncertain_g3_or_unmapped_grade,2,LETHAL_SKIP|PENDING,EFFLUX_PUMP_COLLAPSE,STRUCTURAL:LETHAL_SKIP:SENSITIVE:EFFLUX_PUMP_COLLAPSE;STRUCTURAL:PENDING::
456,Bedaquiline,mmpL5,p.Ser439Ala,missense_variant,G3,,3) Uncertain significance,protein_substitution,,primary,,excluded,,excluded_uncertain_g3_or_unmapped_grade,2,FAILED|PENDING,,STRUCTURAL:FAILED::;STRUCTURAL:PENDING::
457,Bedaquiline,mmpL5,p.Ser439Pro,missense_variant,G3,,3) Uncertain significance,protein_substitution,,primary,,excluded,,excluded_uncertain_g3_or_unmapped_grade,2,FAILED|PENDING,,STRUCTURAL:FAILED::;STRUCTURAL:PENDING::
458,Bedaquiline,mmpL5,p.Ser452Asn,missense_variant,G3,,3) Uncertain significance,protein_substitution,,primary,,excluded,,excluded_uncertain_g3_or_unmapped_grade,2,FAILED|PENDING,ANALYSIS_FAILED,STRUCTURAL:FAILED:UNKNOWN:ANALYSIS_FAILED;STRUCTURAL:PENDING::
459,Bedaquiline,mmpL5,p.Ser479fs,frameshift,G3,,3) Uncertain significance,frameshift,,primary,,excluded,,excluded_uncertain_g3_or_unmapped_grade,0,,,
460,Bedaquiline,mmpL5,p.Ser507Asn,missense_variant,G3,,3) Uncertain significance,protein_substitution,,primary,,excluded,,excluded_uncertain_g3_or_unmapped_grade,2,FAILED|PENDING,,STRUCTURAL:FAILED::;STRUCTURAL:PENDING::
461,Bedaquiline,mmpL5,p.Ser541Arg,missense_variant,G3,,3) Uncertain significance,protein_substitution,,primary,,excluded,,excluded_uncertain_g3_or_unmapped_grade,6,FAILED|PENDING,,STRUCTURAL:FAILED::;STRUCTURAL:FAILED::;STRUCTURAL:FAILED::;+3_more
462,Bedaquiline,mmpL5,p.Ser583Asn,missense_variant,G3,,3) Uncertain significance,protein_substitution,,primary,,excluded,,excluded_uncertain_g3_or_unmapped_grade,2,FAILED|PENDING,,STRUCTURAL:FAILED::;STRUCTURAL:PENDING::
463,Bedaquiline,mmpL5,p.Ser599Leu,missense_variant,G3,,3) Uncertain significance,protein_substitution,,primary,S,excluded,,excluded_uncertain_g3_or_unmapped_grade,2,LOSS_OF_FUNCTION|PENDING,EFFLUX_PUMP_COLLAPSE,STRUCTURAL:LOSS_OF_FUNCTION:SENSITIVE:EFFLUX_PUMP_COLLAPSE;STRUCTURAL:PENDING::
464,Bedaquiline,mmpL5,p.Ser654Thr,missense_variant,G3,,3) Uncertain significance,protein_substitution,,primary,,excluded,,excluded_uncertain_g3_or_unmapped_grade,2,FAILED|PENDING,,STRUCTURAL:FAILED::;STRUCTURAL:PENDING::
465,Bedaquiline,mmpL5,p.Ser65Arg,missense_variant,G3,,3) Uncertain significance,protein_substitution,,primary,S,excluded,,excluded_uncertain_g3_or_unmapped_grade,6,LOSS_OF_FUNCTION|PENDING,EFFLUX_PUMP_COLLAPSE,STRUCTURAL:LOSS_OF_FUNCTION:SENSITIVE:EFFLUX_PUMP_COLLAPSE;STRUCTURAL:LOSS_OF_FUNCTION:SENSITIVE:EFFLUX_PUMP_COLLAPSE;STRUCTURAL:LOSS_OF_FUNCTION:SENSITIVE:EFFLUX_PUMP_COLLAPSE;+3_more
466,Bedaquiline,mmpL5,p.Ser71Pro,missense_variant,G3,,3) Uncertain significance,protein_substitution,,primary,S,excluded,,excluded_uncertain_g3_or_unmapped_grade,2,LETHAL_SKIP|PENDING,EFFLUX_PUMP_COLLAPSE,STRUCTURAL:LETHAL_SKIP:SENSITIVE:EFFLUX_PUMP_COLLAPSE;STRUCTURAL:PENDING::
467,Bedaquiline,mmpL5,p.Ser728fs,frameshift,G3,,3) Uncertain significance,frameshift,,primary,,excluded,,excluded_uncertain_g3_or_unmapped_grade,0,,,
468,Bedaquiline,mmpL5,p.Ser782Ala,missense_variant,G3,,3) Uncertain significance,protein_substitution,,primary,,excluded,,excluded_uncertain_g3_or_unmapped_grade,2,FAILED|PENDING,,STRUCTURAL:FAILED::;STRUCTURAL:PENDING::
469,Bedaquiline,mmpL5,p.Ser879Leu,missense_variant,G3,,3) Uncertain significance,protein_substitution,,primary,S,excluded,,excluded_uncertain_g3_or_unmapped_grade,2,LOSS_OF_FUNCTION|PENDING,EFFLUX_PUMP_COLLAPSE,STRUCTURAL:LOSS_OF_FUNCTION:SENSITIVE:EFFLUX_PUMP_COLLAPSE;STRUCTURAL:PENDING::
470,Bedaquiline,mmpL5,p.Ser894*,stop_gained,G3,,3) Uncertain significance,nonsense,,primary,S,excluded,,excluded_uncertain_g3_or_unmapped_grade,2,LETHAL_SKIP|PENDING,EFFLUX_PUMP_COLLAPSE,STRUCTURAL:LETHAL_SKIP:SENSITIVE:EFFLUX_PUMP_COLLAPSE;STRUCTURAL:PENDING::
471,Bedaquiline,mmpL5,p.Thr10Ala,missense_variant,G3,,3) Uncertain significance,protein_substitution,,primary,,excluded,,excluded_uncertain_g3_or_unmapped_grade,2,FAILED|PENDING,,STRUCTURAL:FAILED::;STRUCTURAL:PENDING::
472,Bedaquiline,mmpL5,p.Thr120Ala,missense_variant,G3,,3) Uncertain significance,protein_substitution,,primary,,excluded,,excluded_uncertain_g3_or_unmapped_grade,2,FAILED|PENDING,,STRUCTURAL:FAILED::;STRUCTURAL:PENDING::
473,Bedaquiline,mmpL5,p.Thr234Met,missense_variant,G3,,3) Uncertain significance,protein_substitution,,primary,,excluded,,excluded_uncertain_g3_or_unmapped_grade,2,FAILED|PENDING,,STRUCTURAL:FAILED::;STRUCTURAL:PENDING::
474,Bedaquiline,mmpL5,p.Thr327Ile,missense_variant,G3,,3) Uncertain significance,protein_substitution,,primary,S,excluded,,excluded_uncertain_g3_or_unmapped_grade,2,LOSS_OF_FUNCTION|PENDING,EFFLUX_PUMP_COLLAPSE,STRUCTURAL:LOSS_OF_FUNCTION:SENSITIVE:EFFLUX_PUMP_COLLAPSE;STRUCTURAL:PENDING::
475,Bedaquiline,mmpL5,p.Thr334fs,frameshift,G3,,3) Uncertain significance,frameshift,,primary,,excluded,,excluded_uncertain_g3_or_unmapped_grade,0,,,
476,Bedaquiline,mmpL5,p.Thr519Ala,missense_variant,G3,,3) Uncertain significance,protein_substitution,,primary,,excluded,,excluded_uncertain_g3_or_unmapped_grade,2,FAILED|PENDING,,STRUCTURAL:FAILED::;STRUCTURAL:PENDING::
477,Bedaquiline,mmpL5,p.Thr606Ala,missense_variant,G3,,3) Uncertain significance,protein_substitution,,primary,,excluded,,excluded_uncertain_g3_or_unmapped_grade,2,FAILED|PENDING,,STRUCTURAL:FAILED::;STRUCTURAL:PENDING::
478,Bedaquiline,mmpL5,p.Thr6Ala,missense_variant,G3,,3) Uncertain significance,protein_substitution,,primary,,excluded,,excluded_uncertain_g3_or_unmapped_grade,2,FAILED|PENDING,,STRUCTURAL:FAILED::;STRUCTURAL:PENDING::
479,Bedaquiline,mmpL5,p.Thr794Ile,missense_variant,G4,S,4) Not assoc w R - Interim,protein_substitution,true,primary,S,matched_final,true,,2,LOSS_OF_FUNCTION|PENDING,EFFLUX_PUMP_COLLAPSE,STRUCTURAL:LOSS_OF_FUNCTION:SENSITIVE:EFFLUX_PUMP_COLLAPSE;STRUCTURAL:PENDING::
480,Bedaquiline,mmpL5,p.Thr918fs,frameshift,G3,,3) Uncertain significance,frameshift,,primary,,excluded,,excluded_uncertain_g3_or_unmapped_grade,0,,,
481,Bedaquiline,mmpL5,p.Trp130fs,frameshift,G3,,3) Uncertain significance,frameshift,,primary,,excluded,,excluded_uncertain_g3_or_unmapped_grade,0,,,
482,Bedaquiline,mmpL5,p.Trp39*,stop_gained,G3,,3) Uncertain significance,nonsense,,primary,S,excluded,,excluded_uncertain_g3_or_unmapped_grade,4,LETHAL_SKIP|PENDING,EFFLUX_PUMP_COLLAPSE,STRUCTURAL:LETHAL_SKIP:SENSITIVE:EFFLUX_PUMP_COLLAPSE;STRUCTURAL:LETHAL_SKIP:SENSITIVE:EFFLUX_PUMP_COLLAPSE;STRUCTURAL:PENDING::;+1_more
483,Bedaquiline,mmpL5,p.Trp598Arg,missense_variant,G3,,3) Uncertain significance,protein_substitution,,primary,S,excluded,,excluded_uncertain_g3_or_unmapped_grade,4,LETHAL_SKIP|PENDING,EFFLUX_PUMP_COLLAPSE,STRUCTURAL:LETHAL_SKIP:SENSITIVE:EFFLUX_PUMP_COLLAPSE;STRUCTURAL:LETHAL_SKIP:SENSITIVE:EFFLUX_PUMP_COLLAPSE;STRUCTURAL:PENDING::;+1_more
484,Bedaquiline,mmpL5,p.Trp598Cys,missense_variant,G3,,3) Uncertain significance,protein_substitution,,primary,S,excluded,,excluded_uncertain_g3_or_unmapped_grade,4,LETHAL_SKIP|PENDING,EFFLUX_PUMP_COLLAPSE,STRUCTURAL:LETHAL_SKIP:SENSITIVE:EFFLUX_PUMP_COLLAPSE;STRUCTURAL:LETHAL_SKIP:SENSITIVE:EFFLUX_PUMP_COLLAPSE;STRUCTURAL:PENDING::;+1_more
485,Bedaquiline,mmpL5,p.Trp598Gly,missense_variant,G3,,3) Uncertain significance,protein_substitution,,primary,S,excluded,,excluded_uncertain_g3_or_unmapped_grade,2,LETHAL_SKIP|PENDING,EFFLUX_PUMP_COLLAPSE,STRUCTURAL:LETHAL_SKIP:SENSITIVE:EFFLUX_PUMP_COLLAPSE;STRUCTURAL:PENDING::
486,Bedaquiline,mmpL5,p.Trp823Arg,missense_variant,G3,,3) Uncertain significance,protein_substitution,,primary,S,excluded,,excluded_uncertain_g3_or_unmapped_grade,4,LETHAL_SKIP|PENDING,EFFLUX_PUMP_COLLAPSE,STRUCTURAL:LETHAL_SKIP:SENSITIVE:EFFLUX_PUMP_COLLAPSE;STRUCTURAL:LETHAL_SKIP:SENSITIVE:EFFLUX_PUMP_COLLAPSE;STRUCTURAL:PENDING::;+1_more
487,Bedaquiline,mmpL5,p.Trp833*,stop_gained,G3,,3) Uncertain significance,nonsense,,primary,S,excluded,,excluded_uncertain_g3_or_unmapped_grade,4,LETHAL_SKIP|PENDING,EFFLUX_PUMP_COLLAPSE,STRUCTURAL:LETHAL_SKIP:SENSITIVE:EFFLUX_PUMP_COLLAPSE;STRUCTURAL:LETHAL_SKIP:SENSITIVE:EFFLUX_PUMP_COLLAPSE;STRUCTURAL:PENDING::;+1_more
488,Bedaquiline,mmpL5,p.Trp936Arg,missense_variant,G3,,3) Uncertain significance,protein_substitution,,primary,S,excluded,,excluded_uncertain_g3_or_unmapped_grade,4,FAILED|LOSS_OF_FUNCTION|PENDING,ANALYSIS_FAILED|EFFLUX_PUMP_COLLAPSE,STRUCTURAL:LOSS_OF_FUNCTION:SENSITIVE:EFFLUX_PUMP_COLLAPSE;STRUCTURAL:FAILED:UNKNOWN:ANALYSIS_FAILED;STRUCTURAL:PENDING::;+1_more
489,Bedaquiline,mmpL5,p.Trp938Arg,missense_variant,G3,,3) Uncertain significance,protein_substitution,,primary,S,excluded,,excluded_uncertain_g3_or_unmapped_grade,4,LETHAL_SKIP|LOSS_OF_FUNCTION|PENDING,EFFLUX_PUMP_COLLAPSE,STRUCTURAL:LETHAL_SKIP:SENSITIVE:EFFLUX_PUMP_COLLAPSE;STRUCTURAL:LOSS_OF_FUNCTION:SENSITIVE:EFFLUX_PUMP_COLLAPSE;STRUCTURAL:PENDING::;+1_more
490,Bedaquiline,mmpL5,p.Trp952Leu,missense_variant,G3,,3) Uncertain significance,protein_substitution,,primary,,excluded,,excluded_uncertain_g3_or_unmapped_grade,2,FAILED|PENDING,,STRUCTURAL:FAILED::;STRUCTURAL:PENDING::
491,Bedaquiline,mmpL5,p.Tyr185*,stop_gained,G3,,3) Uncertain significance,nonsense,,primary,S,excluded,,excluded_uncertain_g3_or_unmapped_grade,4,LETHAL_SKIP|PENDING,EFFLUX_PUMP_COLLAPSE,STRUCTURAL:LETHAL_SKIP:SENSITIVE:EFFLUX_PUMP_COLLAPSE;STRUCTURAL:LETHAL_SKIP:SENSITIVE:EFFLUX_PUMP_COLLAPSE;STRUCTURAL:PENDING::;+1_more
492,Bedaquiline,mmpL5,p.Tyr299Cys,missense_variant,G3,,3) Uncertain significance,protein_substitution,,primary,S,excluded,,excluded_uncertain_g3_or_unmapped_grade,2,LETHAL_SKIP|PENDING,EFFLUX_PUMP_COLLAPSE,STRUCTURAL:LETHAL_SKIP:SENSITIVE:EFFLUX_PUMP_COLLAPSE;STRUCTURAL:PENDING::
493,Bedaquiline,mmpL5,p.Tyr300*,stop_gained,G3,,3) Uncertain significance,nonsense,,primary,S,excluded,,excluded_uncertain_g3_or_unmapped_grade,4,LETHAL_SKIP|PENDING,EFFLUX_PUMP_COLLAPSE,STRUCTURAL:LETHAL_SKIP:SENSITIVE:EFFLUX_PUMP_COLLAPSE;STRUCTURAL:LETHAL_SKIP:SENSITIVE:EFFLUX_PUMP_COLLAPSE;STRUCTURAL:PENDING::;+1_more
494,Bedaquiline,mmpL5,p.Tyr411Asp,missense_variant,G3,,3) Uncertain significance,protein_substitution,,primary,S,excluded,,excluded_uncertain_g3_or_unmapped_grade,2,LETHAL_SKIP|PENDING,EFFLUX_PUMP_COLLAPSE,STRUCTURAL:LETHAL_SKIP:SENSITIVE:EFFLUX_PUMP_COLLAPSE;STRUCTURAL:PENDING::
495,Bedaquiline,mmpL5,p.Tyr415Cys,missense_variant,G3,,3) Uncertain significance,protein_substitution,,primary,S,excluded,,excluded_uncertain_g3_or_unmapped_grade,2,LETHAL_SKIP|PENDING,EFFLUX_PUMP_COLLAPSE,STRUCTURAL:LETHAL_SKIP:SENSITIVE:EFFLUX_PUMP_COLLAPSE;STRUCTURAL:PENDING::
496,Bedaquiline,mmpL5,p.Tyr514Cys,missense_variant,G3,,3) Uncertain significance,protein_substitution,,primary,S,excluded,,excluded_uncertain_g3_or_unmapped_grade,2,LETHAL_SKIP|PENDING,EFFLUX_PUMP_COLLAPSE,STRUCTURAL:LETHAL_SKIP:SENSITIVE:EFFLUX_PUMP_COLLAPSE;STRUCTURAL:PENDING::
497,Bedaquiline,mmpL5,p.Tyr586*,stop_gained,G3,,3) Uncertain significance,nonsense,,primary,S,excluded,,excluded_uncertain_g3_or_unmapped_grade,4,LETHAL_SKIP|PENDING,EFFLUX_PUMP_COLLAPSE,STRUCTURAL:LETHAL_SKIP:SENSITIVE:EFFLUX_PUMP_COLLAPSE;STRUCTURAL:LETHAL_SKIP:SENSITIVE:EFFLUX_PUMP_COLLAPSE;STRUCTURAL:PENDING::;+1_more
498,Bedaquiline,mmpL5,p.Val123Ile,missense_variant,G3,,3) Uncertain significance,protein_substitution,,primary,,excluded,,excluded_uncertain_g3_or_unmapped_grade,2,FAILED|PENDING,,STRUCTURAL:FAILED::;STRUCTURAL:PENDING::
499,Bedaquiline,mmpL5,p.Val149Ile,missense_variant,G3,,3) Uncertain significance,protein_substitution,,primary,,excluded,,excluded_uncertain_g3_or_unmapped_grade,2,FAILED|PENDING,,STRUCTURAL:FAILED::;STRUCTURAL:PENDING::
500,Bedaquiline,mmpL5,p.Val151Gly,missense_variant,G3,,3) Uncertain significance,protein_substitution,,primary,S,excluded,,excluded_uncertain_g3_or_unmapped_grade,2,LETHAL_SKIP|PENDING,EFFLUX_PUMP_COLLAPSE,STRUCTURAL:LETHAL_SKIP:SENSITIVE:EFFLUX_PUMP_COLLAPSE;STRUCTURAL:PENDING::
501,Bedaquiline,mmpL5,p.Val182Ile,missense_variant,G3,,3) Uncertain significance,protein_substitution,,primary,,excluded,,excluded_uncertain_g3_or_unmapped_grade,2,FAILED|PENDING,,STRUCTURAL:FAILED::;STRUCTURAL:PENDING::
502,Bedaquiline,mmpL5,p.Val186Ile,missense_variant,G3,,3) Uncertain significance,protein_substitution,,primary,,excluded,,excluded_uncertain_g3_or_unmapped_grade,2,FAILED|PENDING,,STRUCTURAL:FAILED::;STRUCTURAL:PENDING::
503,Bedaquiline,mmpL5,p.Val214Leu,missense_variant,G3,,3) Uncertain significance,protein_substitution,,primary,S,excluded,,excluded_uncertain_g3_or_unmapped_grade,4,FAILED|LOSS_OF_FUNCTION|PENDING,EFFLUX_PUMP_COLLAPSE,STRUCTURAL:FAILED::;STRUCTURAL:LOSS_OF_FUNCTION:SENSITIVE:EFFLUX_PUMP_COLLAPSE;STRUCTURAL:PENDING::;+1_more
504,Bedaquiline,mmpL5,p.Val222Gly,missense_variant,G3,,3) Uncertain significance,protein_substitution,,primary,S,excluded,,excluded_uncertain_g3_or_unmapped_grade,2,LETHAL_SKIP|PENDING,EFFLUX_PUMP_COLLAPSE,STRUCTURAL:LETHAL_SKIP:SENSITIVE:EFFLUX_PUMP_COLLAPSE;STRUCTURAL:PENDING::
505,Bedaquiline,mmpL5,p.Val247Ala,missense_variant,G3,,3) Uncertain significance,protein_substitution,,primary,,excluded,,excluded_uncertain_g3_or_unmapped_grade,2,FAILED|PENDING,,STRUCTURAL:FAILED::;STRUCTURAL:PENDING::
506,Bedaquiline,mmpL5,p.Val247fs,frameshift,G3,,3) Uncertain significance,frameshift,,primary,,excluded,,excluded_uncertain_g3_or_unmapped_grade,0,,,
507,Bedaquiline,mmpL5,p.Val267Gly,missense_variant,G3,,3) Uncertain significance,protein_substitution,,primary,,excluded,,excluded_uncertain_g3_or_unmapped_grade,2,FAILED|PENDING,ANALYSIS_FAILED,STRUCTURAL:FAILED:UNKNOWN:ANALYSIS_FAILED;STRUCTURAL:PENDING::
508,Bedaquiline,mmpL5,p.Val268Met,missense_variant,G3,,3) Uncertain significance,protein_substitution,,primary,,excluded,,excluded_uncertain_g3_or_unmapped_grade,2,FAILED|PENDING,,STRUCTURAL:FAILED::;STRUCTURAL:PENDING::
509,Bedaquiline,mmpL5,p.Val337Met,missense_variant,G3,,3) Uncertain significance,protein_substitution,,primary,,excluded,,excluded_uncertain_g3_or_unmapped_grade,2,FAILED|PENDING,,STRUCTURAL:FAILED::;STRUCTURAL:PENDING::
510,Bedaquiline,mmpL5,p.Val344Leu,missense_variant,G3,,3) Uncertain significance,protein_substitution,,primary,,excluded,,excluded_uncertain_g3_or_unmapped_grade,2,FAILED|PENDING,,STRUCTURAL:FAILED::;STRUCTURAL:PENDING::
511,Bedaquiline,mmpL5,p.Val346Ala,missense_variant,G3,,3) Uncertain significance,protein_substitution,,primary,,excluded,,excluded_uncertain_g3_or_unmapped_grade,2,FAILED|PENDING,,STRUCTURAL:FAILED::;STRUCTURAL:PENDING::
512,Bedaquiline,mmpL5,p.Val360Met,missense_variant,G3,,3) Uncertain significance,protein_substitution,,primary,,excluded,,excluded_uncertain_g3_or_unmapped_grade,2,FAILED|PENDING,,STRUCTURAL:FAILED::;STRUCTURAL:PENDING::
513,Bedaquiline,mmpL5,p.Val376Ala,missense_variant,G3,,3) Uncertain significance,protein_substitution,,primary,,excluded,,excluded_uncertain_g3_or_unmapped_grade,2,FAILED|PENDING,,STRUCTURAL:FAILED::;STRUCTURAL:PENDING::
514,Bedaquiline,mmpL5,p.Val382Ala,missense_variant,G3,,3) Uncertain significance,protein_substitution,,primary,,excluded,,excluded_uncertain_g3_or_unmapped_grade,2,FAILED|PENDING,ANALYSIS_FAILED,STRUCTURAL:FAILED:UNKNOWN:ANALYSIS_FAILED;STRUCTURAL:PENDING::
515,Bedaquiline,mmpL5,p.Val41Ile,missense_variant,G3,,3) Uncertain significance,protein_substitution,,primary,,excluded,,excluded_uncertain_g3_or_unmapped_grade,2,FAILED|PENDING,,STRUCTURAL:FAILED::;STRUCTURAL:PENDING::
516,Bedaquiline,mmpL5,p.Val481Met,missense_variant,G3,,3) Uncertain significance,protein_substitution,,primary,S,excluded,,excluded_uncertain_g3_or_unmapped_grade,2,LOSS_OF_FUNCTION|PENDING,EFFLUX_PUMP_COLLAPSE,STRUCTURAL:LOSS_OF_FUNCTION:SENSITIVE:EFFLUX_PUMP_COLLAPSE;STRUCTURAL:PENDING::
517,Bedaquiline,mmpL5,p.Val612Gly,missense_variant,G3,,3) Uncertain significance,protein_substitution,,primary,,excluded,,excluded_uncertain_g3_or_unmapped_grade,2,FAILED|PENDING,ANALYSIS_FAILED,STRUCTURAL:FAILED:UNKNOWN:ANALYSIS_FAILED;STRUCTURAL:PENDING::
518,Bedaquiline,mmpL5,p.Val612Ile,missense_variant,G3,,3) Uncertain significance,protein_substitution,,primary,,excluded,,excluded_uncertain_g3_or_unmapped_grade,2,FAILED|PENDING,,STRUCTURAL:FAILED::;STRUCTURAL:PENDING::
519,Bedaquiline,mmpL5,p.Val695Ile,missense_variant,G3,,3) Uncertain significance,protein_substitution,,primary,,excluded,,excluded_uncertain_g3_or_unmapped_grade,2,FAILED|PENDING,,STRUCTURAL:FAILED::;STRUCTURAL:PENDING::
520,Bedaquiline,mmpL5,p.Val820Leu,missense_variant,G3,,3) Uncertain significance,protein_substitution,,primary,,excluded,,excluded_uncertain_g3_or_unmapped_grade,4,FAILED|PENDING,ANALYSIS_FAILED,STRUCTURAL:FAILED:UNKNOWN:ANALYSIS_FAILED;STRUCTURAL:FAILED:UNKNOWN:ANALYSIS_FAILED;STRUCTURAL:PENDING::;+1_more
521,Bedaquiline,mmpL5,p.Val840Ile,missense_variant,G3,,3) Uncertain significance,protein_substitution,,primary,,excluded,,excluded_uncertain_g3_or_unmapped_grade,2,FAILED|PENDING,,STRUCTURAL:FAILED::;STRUCTURAL:PENDING::
522,Bedaquiline,mmpL5,p.Val846Ile,missense_variant,G3,,3) Uncertain significance,protein_substitution,,primary,,excluded,,excluded_uncertain_g3_or_unmapped_grade,2,FAILED|PENDING,,STRUCTURAL:FAILED::;STRUCTURAL:PENDING::
523,Bedaquiline,mmpL5,p.Val942Ile,missense_variant,G3,,3) Uncertain significance,protein_substitution,,primary,,excluded,,excluded_uncertain_g3_or_unmapped_grade,2,FAILED|PENDING,,STRUCTURAL:FAILED::;STRUCTURAL:PENDING::
524,Bedaquiline,mmpL5,p.Val964Leu,missense_variant,G3,,3) Uncertain significance,protein_substitution,,primary,,excluded,,excluded_uncertain_g3_or_unmapped_grade,2,FAILED|PENDING,,STRUCTURAL:FAILED::;STRUCTURAL:PENDING::
525,Bedaquiline,mmpS5,c.102C>T,synonymous_variant,G4,S,4) Not assoc w R - Interim,snv,true,primary,S,matched_final,true,,2,COMPLETED,SYNONYMOUS_NO_PROTEIN_CHANGE,STRUCTURAL:COMPLETED:SENSITIVE:SYNONYMOUS_NO_PROTEIN_CHANGE;STRUCTURAL:COMPLETED:SENSITIVE:SYNONYMOUS_NO_PROTEIN_CHANGE
526,Bedaquiline,mmpS5,c.126G>A,synonymous_variant,G4,S,4) Not assoc w R - Interim,snv,true,primary,S,matched_final,true,,2,COMPLETED,SYNONYMOUS_NO_PROTEIN_CHANGE,STRUCTURAL:COMPLETED:SENSITIVE:SYNONYMOUS_NO_PROTEIN_CHANGE;STRUCTURAL:COMPLETED:SENSITIVE:SYNONYMOUS_NO_PROTEIN_CHANGE
527,Bedaquiline,mmpS5,c.-14A>C,upstream_gene_variant,G3,,3) Uncertain significance,regulatory,,primary,S,excluded,,excluded_uncertain_g3_or_unmapped_grade,8,COMPLETED|PENDING,EFFLUX_PUMP_COLLAPSE,STRUCTURAL:COMPLETED:SENSITIVE:EFFLUX_PUMP_COLLAPSE;STRUCTURAL:PENDING::;STRUCTURAL:COMPLETED:SENSITIVE:EFFLUX_PUMP_COLLAPSE;+5_more
528,Bedaquiline,mmpS5,c.168G>C,synonymous_variant,G4,S,4) Not assoc w R - Interim,snv,true,primary,S,matched_final,true,,2,COMPLETED,SYNONYMOUS_NO_PROTEIN_CHANGE,STRUCTURAL:COMPLETED:SENSITIVE:SYNONYMOUS_NO_PROTEIN_CHANGE;STRUCTURAL:COMPLETED:SENSITIVE:SYNONYMOUS_NO_PROTEIN_CHANGE
529,Bedaquiline,mmpS5,c.189C>T,synonymous_variant,G4,S,4) Not assoc w R - Interim,snv,true,primary,S,matched_final,true,,2,COMPLETED,SYNONYMOUS_NO_PROTEIN_CHANGE,STRUCTURAL:COMPLETED:SENSITIVE:SYNONYMOUS_NO_PROTEIN_CHANGE;STRUCTURAL:COMPLETED:SENSITIVE:SYNONYMOUS_NO_PROTEIN_CHANGE
530,Bedaquiline,mmpS5,c.-19G>A,upstream_gene_variant,G3,,3) Uncertain significance,regulatory,,primary,S,excluded,,excluded_uncertain_g3_or_unmapped_grade,8,COMPLETED|PENDING,EFFLUX_PUMP_COLLAPSE,STRUCTURAL:COMPLETED:SENSITIVE:EFFLUX_PUMP_COLLAPSE;STRUCTURAL:PENDING::;STRUCTURAL:COMPLETED:SENSITIVE:EFFLUX_PUMP_COLLAPSE;+5_more
531,Bedaquiline,mmpS5,c.204C>T,synonymous_variant,G4,S,4) Not assoc w R - Interim,snv,true,primary,S,matched_final,true,,2,COMPLETED,SYNONYMOUS_NO_PROTEIN_CHANGE,STRUCTURAL:COMPLETED:SENSITIVE:SYNONYMOUS_NO_PROTEIN_CHANGE;STRUCTURAL:COMPLETED:SENSITIVE:SYNONYMOUS_NO_PROTEIN_CHANGE
532,Bedaquiline,mmpS5,c.-20T>C,upstream_gene_variant,G3,,3) Uncertain significance,regulatory,,primary,S,excluded,,excluded_uncertain_g3_or_unmapped_grade,8,COMPLETED|PENDING,EFFLUX_PUMP_COLLAPSE,STRUCTURAL:COMPLETED:SENSITIVE:EFFLUX_PUMP_COLLAPSE;STRUCTURAL:PENDING::;STRUCTURAL:COMPLETED:SENSITIVE:EFFLUX_PUMP_COLLAPSE;+5_more
533,Bedaquiline,mmpS5,c.216G>A,synonymous_variant,G4,S,4) Not assoc w R - Interim,snv,true,primary,S,matched_final,true,,2,COMPLETED,SYNONYMOUS_NO_PROTEIN_CHANGE,STRUCTURAL:COMPLETED:SENSITIVE:SYNONYMOUS_NO_PROTEIN_CHANGE;STRUCTURAL:COMPLETED:SENSITIVE:SYNONYMOUS_NO_PROTEIN_CHANGE
534,Bedaquiline,mmpS5,c.-22C>T,upstream_gene_variant,G3,,3) Uncertain significance,regulatory,,primary,S,excluded,,excluded_uncertain_g3_or_unmapped_grade,8,COMPLETED|PENDING,EFFLUX_PUMP_COLLAPSE,STRUCTURAL:COMPLETED:SENSITIVE:EFFLUX_PUMP_COLLAPSE;STRUCTURAL:PENDING::;STRUCTURAL:COMPLETED:SENSITIVE:EFFLUX_PUMP_COLLAPSE;+5_more
535,Bedaquiline,mmpS5,c.306C>T,synonymous_variant,G4,S,4) Not assoc w R - Interim,snv,true,primary,S,matched_final,true,,2,COMPLETED,SYNONYMOUS_NO_PROTEIN_CHANGE,STRUCTURAL:COMPLETED:SENSITIVE:SYNONYMOUS_NO_PROTEIN_CHANGE;STRUCTURAL:COMPLETED:SENSITIVE:SYNONYMOUS_NO_PROTEIN_CHANGE
536,Bedaquiline,mmpS5,c.315G>C,synonymous_variant,G4,S,4) Not assoc w R - Interim,snv,true,primary,S,matched_final,true,,2,COMPLETED,SYNONYMOUS_NO_PROTEIN_CHANGE,STRUCTURAL:COMPLETED:SENSITIVE:SYNONYMOUS_NO_PROTEIN_CHANGE;STRUCTURAL:COMPLETED:SENSITIVE:SYNONYMOUS_NO_PROTEIN_CHANGE
537,Bedaquiline,mmpS5,c.-31C>G,upstream_gene_variant,G3,,3) Uncertain significance,regulatory,,primary,S,excluded,,excluded_uncertain_g3_or_unmapped_grade,8,COMPLETED|PENDING,EFFLUX_PUMP_COLLAPSE,STRUCTURAL:COMPLETED:SENSITIVE:EFFLUX_PUMP_COLLAPSE;STRUCTURAL:PENDING::;STRUCTURAL:COMPLETED:SENSITIVE:EFFLUX_PUMP_COLLAPSE;+5_more
538,Bedaquiline,mmpS5,c.321C>A,synonymous_variant,G4,S,4) Not assoc w R - Interim,snv,true,primary,S,matched_final,true,,2,COMPLETED,SYNONYMOUS_NO_PROTEIN_CHANGE,STRUCTURAL:COMPLETED:SENSITIVE:SYNONYMOUS_NO_PROTEIN_CHANGE;STRUCTURAL:COMPLETED:SENSITIVE:SYNONYMOUS_NO_PROTEIN_CHANGE
539,Bedaquiline,mmpS5,c.333C>A,synonymous_variant,G4,S,4) Not assoc w R - Interim,snv,true,primary,S,matched_final,true,,2,COMPLETED,SYNONYMOUS_NO_PROTEIN_CHANGE,STRUCTURAL:COMPLETED:SENSITIVE:SYNONYMOUS_NO_PROTEIN_CHANGE;STRUCTURAL:COMPLETED:SENSITIVE:SYNONYMOUS_NO_PROTEIN_CHANGE
540,Bedaquiline,mmpS5,c.34C>T,synonymous_variant,G4,S,4) Not assoc w R - Interim,snv,true,primary,S,matched_final,true,,2,COMPLETED,SYNONYMOUS_NO_PROTEIN_CHANGE,STRUCTURAL:COMPLETED:SENSITIVE:SYNONYMOUS_NO_PROTEIN_CHANGE;STRUCTURAL:COMPLETED:SENSITIVE:SYNONYMOUS_NO_PROTEIN_CHANGE
541,Bedaquiline,mmpS5,c.-34C>T,upstream_gene_variant,G3,,3) Uncertain significance,regulatory,,primary,S,excluded,,excluded_uncertain_g3_or_unmapped_grade,8,COMPLETED|PENDING,EFFLUX_PUMP_COLLAPSE,STRUCTURAL:COMPLETED:SENSITIVE:EFFLUX_PUMP_COLLAPSE;STRUCTURAL:PENDING::;STRUCTURAL:COMPLETED:SENSITIVE:EFFLUX_PUMP_COLLAPSE;+5_more
542,Bedaquiline,mmpS5,c.-36A>G,upstream_gene_variant,G3,,3) Uncertain significance,regulatory,,primary,S,excluded,,excluded_uncertain_g3_or_unmapped_grade,8,COMPLETED|PENDING,EFFLUX_PUMP_COLLAPSE,STRUCTURAL:COMPLETED:SENSITIVE:EFFLUX_PUMP_COLLAPSE;STRUCTURAL:PENDING::;STRUCTURAL:COMPLETED:SENSITIVE:EFFLUX_PUMP_COLLAPSE;+5_more
543,Bedaquiline,mmpS5,c.387C>T,synonymous_variant,G4,S,4) Not assoc w R - Interim,snv,true,primary,S,matched_final,true,,2,COMPLETED,SYNONYMOUS_NO_PROTEIN_CHANGE,STRUCTURAL:COMPLETED:SENSITIVE:SYNONYMOUS_NO_PROTEIN_CHANGE;STRUCTURAL:COMPLETED:SENSITIVE:SYNONYMOUS_NO_PROTEIN_CHANGE
544,Bedaquiline,mmpS5,c.393G>T,synonymous_variant,G4,S,4) Not assoc w R - Interim,snv,true,primary,S,matched_final,true,,2,COMPLETED,SYNONYMOUS_NO_PROTEIN_CHANGE,STRUCTURAL:COMPLETED:SENSITIVE:SYNONYMOUS_NO_PROTEIN_CHANGE;STRUCTURAL:COMPLETED:SENSITIVE:SYNONYMOUS_NO_PROTEIN_CHANGE
545,Bedaquiline,mmpS5,c.399C>T,synonymous_variant,G4,S,4) Not assoc w R - Interim,snv,true,primary,S,matched_final,true,,2,COMPLETED,SYNONYMOUS_NO_PROTEIN_CHANGE,STRUCTURAL:COMPLETED:SENSITIVE:SYNONYMOUS_NO_PROTEIN_CHANGE;STRUCTURAL:COMPLETED:SENSITIVE:SYNONYMOUS_NO_PROTEIN_CHANGE
546,Bedaquiline,mmpS5,c.39C>G,synonymous_variant,G4,S,4) Not assoc w R - Interim,snv,true,primary,S,matched_final,true,,2,COMPLETED,SYNONYMOUS_NO_PROTEIN_CHANGE,STRUCTURAL:COMPLETED:SENSITIVE:SYNONYMOUS_NO_PROTEIN_CHANGE;STRUCTURAL:COMPLETED:SENSITIVE:SYNONYMOUS_NO_PROTEIN_CHANGE
547,Bedaquiline,mmpS5,c.-39C>T,upstream_gene_variant,G3,,3) Uncertain significance,regulatory,,primary,S,excluded,,excluded_uncertain_g3_or_unmapped_grade,8,COMPLETED|PENDING,EFFLUX_PUMP_COLLAPSE,STRUCTURAL:COMPLETED:SENSITIVE:EFFLUX_PUMP_COLLAPSE;STRUCTURAL:PENDING::;STRUCTURAL:COMPLETED:SENSITIVE:EFFLUX_PUMP_COLLAPSE;+5_more
548,Bedaquiline,mmpS5,c.400C>T,synonymous_variant,G4,S,4) Not assoc w R - Interim,snv,true,primary,S,matched_final,true,,2,COMPLETED,SYNONYMOUS_NO_PROTEIN_CHANGE,STRUCTURAL:COMPLETED:SENSITIVE:SYNONYMOUS_NO_PROTEIN_CHANGE;STRUCTURAL:COMPLETED:SENSITIVE:SYNONYMOUS_NO_PROTEIN_CHANGE
549,Bedaquiline,mmpS5,c.402G>A,synonymous_variant,G4,S,4) Not assoc w R - Interim,snv,true,primary,S,matched_final,true,,2,COMPLETED,SYNONYMOUS_NO_PROTEIN_CHANGE,STRUCTURAL:COMPLETED:SENSITIVE:SYNONYMOUS_NO_PROTEIN_CHANGE;STRUCTURAL:COMPLETED:SENSITIVE:SYNONYMOUS_NO_PROTEIN_CHANGE
550,Bedaquiline,mmpS5,c.42C>A,synonymous_variant,G4,S,4) Not assoc w R - Interim,snv,true,primary,S,matched_final,true,,2,COMPLETED,SYNONYMOUS_NO_PROTEIN_CHANGE,STRUCTURAL:COMPLETED:SENSITIVE:SYNONYMOUS_NO_PROTEIN_CHANGE;STRUCTURAL:COMPLETED:SENSITIVE:SYNONYMOUS_NO_PROTEIN_CHANGE
551,Bedaquiline,mmpS5,c.42C>T,synonymous_variant,G4,S,4) Not assoc w R - Interim,snv,true,primary,S,matched_final,true,,2,COMPLETED,SYNONYMOUS_NO_PROTEIN_CHANGE,STRUCTURAL:COMPLETED:SENSITIVE:SYNONYMOUS_NO_PROTEIN_CHANGE;STRUCTURAL:COMPLETED:SENSITIVE:SYNONYMOUS_NO_PROTEIN_CHANGE
552,Bedaquiline,mmpS5,c.-519_-82del,upstream_gene_variant,G3,,3) Uncertain significance,regulatory,,primary,,excluded,,excluded_uncertain_g3_or_unmapped_grade,0,,,
553,Bedaquiline,mmpS5,c.-51G>A,upstream_gene_variant,G3,,3) Uncertain significance,regulatory,,primary,S,excluded,,excluded_uncertain_g3_or_unmapped_grade,8,COMPLETED|PENDING,EFFLUX_PUMP_COLLAPSE,STRUCTURAL:COMPLETED:SENSITIVE:EFFLUX_PUMP_COLLAPSE;STRUCTURAL:PENDING::;STRUCTURAL:COMPLETED:SENSITIVE:EFFLUX_PUMP_COLLAPSE;+5_more
554,Bedaquiline,mmpS5,c.-55G>C,upstream_gene_variant,G3,,3) Uncertain significance,regulatory,,primary,S,excluded,,excluded_uncertain_g3_or_unmapped_grade,8,COMPLETED|PENDING,EFFLUX_PUMP_COLLAPSE,STRUCTURAL:COMPLETED:SENSITIVE:EFFLUX_PUMP_COLLAPSE;STRUCTURAL:PENDING::;STRUCTURAL:COMPLETED:SENSITIVE:EFFLUX_PUMP_COLLAPSE;+5_more
555,Bedaquiline,mmpS5,c.-56C>T,upstream_gene_variant,G3,,3) Uncertain significance,regulatory,,primary,S,excluded,,excluded_uncertain_g3_or_unmapped_grade,8,COMPLETED|PENDING,EFFLUX_PUMP_COLLAPSE,STRUCTURAL:COMPLETED:SENSITIVE:EFFLUX_PUMP_COLLAPSE;STRUCTURAL:PENDING::;STRUCTURAL:COMPLETED:SENSITIVE:EFFLUX_PUMP_COLLAPSE;+5_more
556,Bedaquiline,mmpS5,c.-60G>A,upstream_gene_variant,G3,,3) Uncertain significance,regulatory,,primary,S,excluded,,excluded_uncertain_g3_or_unmapped_grade,8,COMPLETED|PENDING,EFFLUX_PUMP_COLLAPSE,STRUCTURAL:COMPLETED:SENSITIVE:EFFLUX_PUMP_COLLAPSE;STRUCTURAL:PENDING::;STRUCTURAL:COMPLETED:SENSITIVE:EFFLUX_PUMP_COLLAPSE;+5_more
557,Bedaquiline,mmpS5,c.-63T>G,upstream_gene_variant,G3,,3) Uncertain significance,regulatory,,primary,S,excluded,,excluded_uncertain_g3_or_unmapped_grade,8,COMPLETED|PENDING,EFFLUX_PUMP_COLLAPSE,STRUCTURAL:COMPLETED:SENSITIVE:EFFLUX_PUMP_COLLAPSE;STRUCTURAL:PENDING::;STRUCTURAL:COMPLETED:SENSITIVE:EFFLUX_PUMP_COLLAPSE;+5_more
558,Bedaquiline,mmpS5,c.-65_-64insGAA,upstream_gene_variant,G3,,3) Uncertain significance,regulatory,,primary,,excluded,,excluded_uncertain_g3_or_unmapped_grade,0,,,
559,Bedaquiline,mmpS5,c.-65A>G,upstream_gene_variant,G3,,3) Uncertain significance,regulatory,,primary,S,excluded,,excluded_uncertain_g3_or_unmapped_grade,8,COMPLETED|PENDING,EFFLUX_PUMP_COLLAPSE,STRUCTURAL:COMPLETED:SENSITIVE:EFFLUX_PUMP_COLLAPSE;STRUCTURAL:PENDING::;STRUCTURAL:COMPLETED:SENSITIVE:EFFLUX_PUMP_COLLAPSE;+5_more
560,Bedaquiline,mmpS5,c.66C>T,synonymous_variant,G4,S,4) Not assoc w R - Interim,snv,true,primary,S,matched_final,true,,2,COMPLETED,SYNONYMOUS_NO_PROTEIN_CHANGE,STRUCTURAL:COMPLETED:SENSITIVE:SYNONYMOUS_NO_PROTEIN_CHANGE;STRUCTURAL:COMPLETED:SENSITIVE:SYNONYMOUS_NO_PROTEIN_CHANGE
561,Bedaquiline,mmpS5,c.6T>C,synonymous_variant,G4,S,4) Not assoc w R - Interim,snv,true,primary,S,matched_final,true,,2,COMPLETED,SYNONYMOUS_NO_PROTEIN_CHANGE,STRUCTURAL:COMPLETED:SENSITIVE:SYNONYMOUS_NO_PROTEIN_CHANGE;STRUCTURAL:COMPLETED:SENSITIVE:SYNONYMOUS_NO_PROTEIN_CHANGE
562,Bedaquiline,mmpS5,c.-71C>A,upstream_gene_variant,G3,,3) Uncertain significance,regulatory,,primary,S,excluded,,excluded_uncertain_g3_or_unmapped_grade,8,COMPLETED|PENDING,EFFLUX_PUMP_COLLAPSE,STRUCTURAL:COMPLETED:SENSITIVE:EFFLUX_PUMP_COLLAPSE;STRUCTURAL:PENDING::;STRUCTURAL:COMPLETED:SENSITIVE:EFFLUX_PUMP_COLLAPSE;+5_more
563,Bedaquiline,mmpS5,c.-71C>T,upstream_gene_variant,G3,,3) Uncertain significance,regulatory,,primary,S,excluded,,excluded_uncertain_g3_or_unmapped_grade,8,COMPLETED|PENDING,EFFLUX_PUMP_COLLAPSE,STRUCTURAL:COMPLETED:SENSITIVE:EFFLUX_PUMP_COLLAPSE;STRUCTURAL:PENDING::;STRUCTURAL:COMPLETED:SENSITIVE:EFFLUX_PUMP_COLLAPSE;+5_more
564,Bedaquiline,mmpS5,c.-74G>T,upstream_gene_variant,G4,S,4) Not assoc w R - Interim,regulatory,true,primary,S,matched_final,true,,8,COMPLETED|PENDING,EFFLUX_PUMP_COLLAPSE,STRUCTURAL:COMPLETED:SENSITIVE:EFFLUX_PUMP_COLLAPSE;STRUCTURAL:PENDING::;STRUCTURAL:COMPLETED:SENSITIVE:EFFLUX_PUMP_COLLAPSE;+5_more
565,Bedaquiline,mmpS5,c.-75T>G,upstream_gene_variant,G3,,3) Uncertain significance,regulatory,,primary,S,excluded,,excluded_uncertain_g3_or_unmapped_grade,8,COMPLETED|PENDING,EFFLUX_PUMP_COLLAPSE,STRUCTURAL:COMPLETED:SENSITIVE:EFFLUX_PUMP_COLLAPSE;STRUCTURAL:PENDING::;STRUCTURAL:COMPLETED:SENSITIVE:EFFLUX_PUMP_COLLAPSE;+5_more
566,Bedaquiline,mmpS5,c.-77A>G,upstream_gene_variant,G3,,3) Uncertain significance,regulatory,,primary,S,excluded,,excluded_uncertain_g3_or_unmapped_grade,8,COMPLETED|PENDING,EFFLUX_PUMP_COLLAPSE,STRUCTURAL:COMPLETED:SENSITIVE:EFFLUX_PUMP_COLLAPSE;STRUCTURAL:PENDING::;STRUCTURAL:COMPLETED:SENSITIVE:EFFLUX_PUMP_COLLAPSE;+5_more
567,Bedaquiline,mmpS5,c.-79_-78insT,upstream_gene_variant,G3,,3) Uncertain significance,regulatory,,primary,,excluded,,excluded_uncertain_g3_or_unmapped_grade,0,,,
568,Bedaquiline,mmpS5,c.81G>A,synonymous_variant,G4,S,4) Not assoc w R - Interim,snv,true,primary,S,matched_final,true,,2,COMPLETED,SYNONYMOUS_NO_PROTEIN_CHANGE,STRUCTURAL:COMPLETED:SENSITIVE:SYNONYMOUS_NO_PROTEIN_CHANGE;STRUCTURAL:COMPLETED:SENSITIVE:SYNONYMOUS_NO_PROTEIN_CHANGE
569,Bedaquiline,mmpS5,c.-82G>T,upstream_gene_variant,G3,,3) Uncertain significance,regulatory,,primary,S,excluded,,excluded_uncertain_g3_or_unmapped_grade,4,COMPLETED|PENDING,EFFLUX_PUMP_COLLAPSE,STRUCTURAL:COMPLETED:SENSITIVE:EFFLUX_PUMP_COLLAPSE;STRUCTURAL:PENDING::;STRUCTURAL:COMPLETED:SENSITIVE:EFFLUX_PUMP_COLLAPSE;+1_more
570,Bedaquiline,mmpS5,c.-83_-82insA,upstream_gene_variant,G3,,3) Uncertain significance,regulatory,,primary,,excluded,,excluded_uncertain_g3_or_unmapped_grade,0,,,
571,Bedaquiline,mmpS5,c.-84A>C,upstream_gene_variant,G3,,3) Uncertain significance,regulatory,,primary,S,excluded,,excluded_uncertain_g3_or_unmapped_grade,4,COMPLETED|PENDING,EFFLUX_PUMP_COLLAPSE,STRUCTURAL:COMPLETED:SENSITIVE:EFFLUX_PUMP_COLLAPSE;STRUCTURAL:PENDING::;STRUCTURAL:COMPLETED:SENSITIVE:EFFLUX_PUMP_COLLAPSE;+1_more
572,Bedaquiline,mmpS5,c.-9_-8delCG,upstream_gene_variant,G3,,3) Uncertain significance,regulatory,,primary,,excluded,,excluded_uncertain_g3_or_unmapped_grade,0,,,
573,Bedaquiline,mmpS5,c.90T>C,synonymous_variant,G4,S,4) Not assoc w R - Interim,snv,true,primary,S,matched_final,true,,2,COMPLETED,SYNONYMOUS_NO_PROTEIN_CHANGE,STRUCTURAL:COMPLETED:SENSITIVE:SYNONYMOUS_NO_PROTEIN_CHANGE;STRUCTURAL:COMPLETED:SENSITIVE:SYNONYMOUS_NO_PROTEIN_CHANGE
574,Bedaquiline,mmpS5,c.9A>G,synonymous_variant,G4,S,4) Not assoc w R - Interim,snv,true,primary,S,matched_final,true,,2,COMPLETED,SYNONYMOUS_NO_PROTEIN_CHANGE,STRUCTURAL:COMPLETED:SENSITIVE:SYNONYMOUS_NO_PROTEIN_CHANGE;STRUCTURAL:COMPLETED:SENSITIVE:SYNONYMOUS_NO_PROTEIN_CHANGE
575,Bedaquiline,mmpS5,c.-9C>T,upstream_gene_variant,G3,,3) Uncertain significance,regulatory,,primary,S,excluded,,excluded_uncertain_g3_or_unmapped_grade,8,COMPLETED|PENDING,EFFLUX_PUMP_COLLAPSE,STRUCTURAL:COMPLETED:SENSITIVE:EFFLUX_PUMP_COLLAPSE;STRUCTURAL:PENDING::;STRUCTURAL:COMPLETED:SENSITIVE:EFFLUX_PUMP_COLLAPSE;+5_more
576,Bedaquiline,mmpS5,LoF,LoF,G3,,3) Uncertain significance,generic_lof,,primary,,excluded,,excluded_uncertain_g3_or_unmapped_grade,0,,,
577,Bedaquiline,mmpS5,p.Ala133Thr,missense_variant,G3,,3) Uncertain significance,protein_substitution,,primary,,excluded,,excluded_uncertain_g3_or_unmapped_grade,2,FAILED|PENDING,,STRUCTURAL:FAILED::;STRUCTURAL:PENDING::
578,Bedaquiline,mmpS5,p.Ala142Ser,missense_variant,G3,,3) Uncertain significance,protein_substitution,,primary,,excluded,,excluded_uncertain_g3_or_unmapped_grade,2,FAILED|PENDING,,STRUCTURAL:FAILED::;STRUCTURAL:PENDING::
579,Bedaquiline,mmpS5,p.Ala45fs,frameshift,G3,,3) Uncertain significance,frameshift,,primary,,excluded,,excluded_uncertain_g3_or_unmapped_grade,0,,,
580,Bedaquiline,mmpS5,p.Ala8Ser,missense_variant,G3,,3) Uncertain significance,protein_substitution,,primary,S,excluded,,excluded_uncertain_g3_or_unmapped_grade,2,LETHAL_SKIP|PENDING,EFFLUX_PUMP_COLLAPSE,STRUCTURAL:LETHAL_SKIP:SENSITIVE:EFFLUX_PUMP_COLLAPSE;STRUCTURAL:PENDING::
581,Bedaquiline,mmpS5,p.Ala8Val,missense_variant,G3,,3) Uncertain significance,protein_substitution,,primary,,excluded,,excluded_uncertain_g3_or_unmapped_grade,2,FAILED|PENDING,,STRUCTURAL:FAILED::;STRUCTURAL:PENDING::
582,Bedaquiline,mmpS5,p.Arg29Cys,missense_variant,G3,,3) Uncertain significance,protein_substitution,,primary,S,excluded,,excluded_uncertain_g3_or_unmapped_grade,2,LETHAL_SKIP|PENDING,EFFLUX_PUMP_COLLAPSE,STRUCTURAL:LETHAL_SKIP:SENSITIVE:EFFLUX_PUMP_COLLAPSE;STRUCTURAL:PENDING::
583,Bedaquiline,mmpS5,p.Arg29Leu,missense_variant,G3,,3) Uncertain significance,protein_substitution,,primary,S,excluded,,excluded_uncertain_g3_or_unmapped_grade,2,LETHAL_SKIP|PENDING,EFFLUX_PUMP_COLLAPSE,STRUCTURAL:LETHAL_SKIP:SENSITIVE:EFFLUX_PUMP_COLLAPSE;STRUCTURAL:PENDING::
584,Bedaquiline,mmpS5,p.Asp119fs,frameshift,G3,,3) Uncertain significance,frameshift,,primary,,excluded,,excluded_uncertain_g3_or_unmapped_grade,0,,,
585,Bedaquiline,mmpS5,p.Asp82Glu,missense_variant,G3,,3) Uncertain significance,protein_substitution,,primary,,excluded,,excluded_uncertain_g3_or_unmapped_grade,4,FAILED|PENDING,,STRUCTURAL:FAILED::;STRUCTURAL:FAILED::;STRUCTURAL:PENDING::;+1_more
586,Bedaquiline,mmpS5,p.Cys114Ser,missense_variant,G3,,3) Uncertain significance,protein_substitution,,primary,S,excluded,,excluded_uncertain_g3_or_unmapped_grade,4,LETHAL_SKIP|PENDING,EFFLUX_PUMP_COLLAPSE,STRUCTURAL:LETHAL_SKIP:SENSITIVE:EFFLUX_PUMP_COLLAPSE;STRUCTURAL:LETHAL_SKIP:SENSITIVE:EFFLUX_PUMP_COLLAPSE;STRUCTURAL:PENDING::;+1_more
587,Bedaquiline,mmpS5,p.Glu59Lys,missense_variant,G3,,3) Uncertain significance,protein_substitution,,primary,,excluded,,excluded_uncertain_g3_or_unmapped_grade,2,FAILED|PENDING,,STRUCTURAL:FAILED::;STRUCTURAL:PENDING::
588,Bedaquiline,mmpS5,p.Gly109Asp,missense_variant,G3,,3) Uncertain significance,protein_substitution,,primary,,excluded,,excluded_uncertain_g3_or_unmapped_grade,2,FAILED|PENDING,,STRUCTURAL:FAILED::;STRUCTURAL:PENDING::
589,Bedaquiline,mmpS5,p.Gly109Ser,missense_variant,G3,,3) Uncertain significance,protein_substitution,,primary,,excluded,,excluded_uncertain_g3_or_unmapped_grade,2,FAILED|PENDING,,STRUCTURAL:FAILED::;STRUCTURAL:PENDING::
590,Bedaquiline,mmpS5,p.Gly130Arg,missense_variant,G3,,3) Uncertain significance,protein_substitution,,primary,S,excluded,,excluded_uncertain_g3_or_unmapped_grade,2,LOSS_OF_FUNCTION|PENDING,EFFLUX_PUMP_COLLAPSE,STRUCTURAL:LOSS_OF_FUNCTION:SENSITIVE:EFFLUX_PUMP_COLLAPSE;STRUCTURAL:PENDING::
591,Bedaquiline,mmpS5,p.Gly130Asp,missense_variant,G3,,3) Uncertain significance,protein_substitution,,primary,,excluded,,excluded_uncertain_g3_or_unmapped_grade,2,FAILED|PENDING,,STRUCTURAL:FAILED::;STRUCTURAL:PENDING::
592,Bedaquiline,mmpS5,p.Ile116Leu,missense_variant,G3,,3) Uncertain significance,protein_substitution,,primary,,excluded,,excluded_uncertain_g3_or_unmapped_grade,2,FAILED|PENDING,,STRUCTURAL:FAILED::;STRUCTURAL:PENDING::
593,Bedaquiline,mmpS5,p.Ile14Thr,missense_variant,G3,,3) Uncertain significance,protein_substitution,,primary,S,excluded,,excluded_uncertain_g3_or_unmapped_grade,2,LOSS_OF_FUNCTION|PENDING,EFFLUX_PUMP_COLLAPSE,STRUCTURAL:LOSS_OF_FUNCTION:SENSITIVE:EFFLUX_PUMP_COLLAPSE;STRUCTURAL:PENDING::
594,Bedaquiline,mmpS5,p.Ile69Val,missense_variant,G3,,3) Uncertain significance,protein_substitution,,primary,,excluded,,excluded_uncertain_g3_or_unmapped_grade,2,FAILED|PENDING,,STRUCTURAL:FAILED::;STRUCTURAL:PENDING::
595,Bedaquiline,mmpS5,p.Lys123fs,frameshift,G3,,3) Uncertain significance,frameshift,,primary,,excluded,,excluded_uncertain_g3_or_unmapped_grade,0,,,
596,Bedaquiline,mmpS5,p.Lys42Arg,missense_variant,G3,,3) Uncertain significance,protein_substitution,,primary,,excluded,,excluded_uncertain_g3_or_unmapped_grade,2,FAILED|PENDING,,STRUCTURAL:FAILED::;STRUCTURAL:PENDING::
597,Bedaquiline,mmpS5,p.Lys6Thr,missense_variant,G3,,3) Uncertain significance,protein_substitution,,primary,S,excluded,,excluded_uncertain_g3_or_unmapped_grade,2,LETHAL_SKIP|PENDING,EFFLUX_PUMP_COLLAPSE,STRUCTURAL:LETHAL_SKIP:SENSITIVE:EFFLUX_PUMP_COLLAPSE;STRUCTURAL:PENDING::
598,Bedaquiline,mmpS5,p.Pro101Arg,missense_variant,G3,,3) Uncertain significance,protein_substitution,,primary,S,excluded,,excluded_uncertain_g3_or_unmapped_grade,2,LETHAL_SKIP|PENDING,EFFLUX_PUMP_COLLAPSE,STRUCTURAL:LETHAL_SKIP:SENSITIVE:EFFLUX_PUMP_COLLAPSE;STRUCTURAL:PENDING::
599,Bedaquiline,mmpS5,p.Pro53Leu,missense_variant,G3,,3) Uncertain significance,protein_substitution,,primary,S,excluded,,excluded_uncertain_g3_or_unmapped_grade,2,LETHAL_SKIP|PENDING,EFFLUX_PUMP_COLLAPSE,STRUCTURAL:LETHAL_SKIP:SENSITIVE:EFFLUX_PUMP_COLLAPSE;STRUCTURAL:PENDING::
600,Bedaquiline,mmpS5,p.Pro78Leu,missense_variant,G3,,3) Uncertain significance,protein_substitution,,primary,S,excluded,,excluded_uncertain_g3_or_unmapped_grade,2,LOSS_OF_FUNCTION|PENDING,EFFLUX_PUMP_COLLAPSE,STRUCTURAL:LOSS_OF_FUNCTION:SENSITIVE:EFFLUX_PUMP_COLLAPSE;STRUCTURAL:PENDING::
601,Bedaquiline,mmpS5,p.Ser34Phe,missense_variant,G3,,3) Uncertain significance,protein_substitution,,primary,S,excluded,,excluded_uncertain_g3_or_unmapped_grade,2,LETHAL_SKIP|PENDING,EFFLUX_PUMP_COLLAPSE,STRUCTURAL:LETHAL_SKIP:SENSITIVE:EFFLUX_PUMP_COLLAPSE;STRUCTURAL:PENDING::
602,Bedaquiline,mmpS5,p.Ser98Pro,missense_variant,G3,,3) Uncertain significance,protein_substitution,,primary,,excluded,,excluded_uncertain_g3_or_unmapped_grade,2,FAILED|PENDING,ANALYSIS_FAILED,STRUCTURAL:FAILED:UNKNOWN:ANALYSIS_FAILED;STRUCTURAL:PENDING::
603,Bedaquiline,mmpS5,p.Thr113Asn,missense_variant,G3,,3) Uncertain significance,protein_substitution,,primary,,excluded,,excluded_uncertain_g3_or_unmapped_grade,2,FAILED|PENDING,,STRUCTURAL:FAILED::;STRUCTURAL:PENDING::
604,Bedaquiline,mmpS5,p.Thr24Ala,missense_variant,G3,,3) Uncertain significance,protein_substitution,,primary,,excluded,,excluded_uncertain_g3_or_unmapped_grade,2,FAILED|PENDING,,STRUCTURAL:FAILED::;STRUCTURAL:PENDING::
605,Bedaquiline,mmpS5,p.Thr24Met,missense_variant,G3,,3) Uncertain significance,protein_substitution,,primary,,excluded,,excluded_uncertain_g3_or_unmapped_grade,2,FAILED|PENDING,,STRUCTURAL:FAILED::;STRUCTURAL:PENDING::
606,Bedaquiline,mmpS5,p.Thr4Ile,missense_variant,G3,,3) Uncertain significance,protein_substitution,,primary,,excluded,,excluded_uncertain_g3_or_unmapped_grade,2,FAILED|PENDING,,STRUCTURAL:FAILED::;STRUCTURAL:PENDING::
607,Bedaquiline,mmpS5,p.Thr4Pro,missense_variant,G3,,3) Uncertain significance,protein_substitution,,primary,,excluded,,excluded_uncertain_g3_or_unmapped_grade,2,FAILED|PENDING,,STRUCTURAL:FAILED::;STRUCTURAL:PENDING::
608,Bedaquiline,mmpS5,p.Val131_Asp132insThrGlyVal,inframe_insertion,G3,,3) Uncertain significance,indel,,primary,,excluded,,excluded_uncertain_g3_or_unmapped_grade,0,,,
609,Bedaquiline,mmpS5,p.Val55Met,missense_variant,G3,,3) Uncertain significance,protein_substitution,,primary,,excluded,,excluded_uncertain_g3_or_unmapped_grade,2,FAILED|PENDING,,STRUCTURAL:FAILED::;STRUCTURAL:PENDING::
610,Bedaquiline,mmpS5,p.Val56Met,missense_variant,G3,,3) Uncertain significance,protein_substitution,,primary,,excluded,,excluded_uncertain_g3_or_unmapped_grade,2,FAILED|PENDING,,STRUCTURAL:FAILED::;STRUCTURAL:PENDING::
611,Bedaquiline,mmpS5,p.Val67Gly,missense_variant,G3,,3) Uncertain significance,protein_substitution,,primary,,excluded,,excluded_uncertain_g3_or_unmapped_grade,2,FAILED|PENDING,,STRUCTURAL:FAILED::;STRUCTURAL:PENDING::
612,Bedaquiline,mmpS5,p.Val67Ile,missense_variant,G3,,3) Uncertain significance,protein_substitution,,primary,,excluded,,excluded_uncertain_g3_or_unmapped_grade,2,FAILED|PENDING,,STRUCTURAL:FAILED::;STRUCTURAL:PENDING::
613,Bedaquiline,mtrA,c.-108C>T,upstream_gene_variant,G3,,3) Uncertain significance,regulatory,,primary,R,excluded,,excluded_uncertain_g3_or_unmapped_grade,2,COMPLETED|PENDING,MTRAB_DEREGULATION,NEGATIVE:COMPLETED:RESISTANT:MTRAB_DEREGULATION;NEGATIVE:PENDING::
614,Bedaquiline,mtrA,c.-111C>G,upstream_gene_variant,G3,,3) Uncertain significance,regulatory,,primary,R,excluded,,excluded_uncertain_g3_or_unmapped_grade,2,COMPLETED|PENDING,MTRAB_DEREGULATION,NEGATIVE:COMPLETED:RESISTANT:MTRAB_DEREGULATION;NEGATIVE:PENDING::
615,Bedaquiline,mtrA,c.111C>T,synonymous_variant,G4,S,4) Not assoc w R - Interim,snv,true,primary,S,matched_final,true,,2,COMPLETED,SYNONYMOUS_NO_PROTEIN_CHANGE,NEGATIVE:COMPLETED:SENSITIVE:SYNONYMOUS_NO_PROTEIN_CHANGE;NEGATIVE:COMPLETED:SENSITIVE:SYNONYMOUS_NO_PROTEIN_CHANGE
616,Bedaquiline,mtrA,c.-114G>C,upstream_gene_variant,G3,,3) Uncertain significance,regulatory,,primary,R,excluded,,excluded_uncertain_g3_or_unmapped_grade,2,COMPLETED|PENDING,MTRAB_DEREGULATION,NEGATIVE:COMPLETED:RESISTANT:MTRAB_DEREGULATION;NEGATIVE:PENDING::
617,Bedaquiline,mtrA,c.-123G>A,upstream_gene_variant,G3,,3) Uncertain significance,regulatory,,primary,,excluded,,excluded_uncertain_g3_or_unmapped_grade,0,,,
618,Bedaquiline,mtrA,c.126G>A,synonymous_variant,G4,S,4) Not assoc w R - Interim,snv,true,primary,S,matched_final,true,,2,COMPLETED,SYNONYMOUS_NO_PROTEIN_CHANGE,NEGATIVE:COMPLETED:SENSITIVE:SYNONYMOUS_NO_PROTEIN_CHANGE;NEGATIVE:COMPLETED:SENSITIVE:SYNONYMOUS_NO_PROTEIN_CHANGE
619,Bedaquiline,mtrA,c.-129G>C,upstream_gene_variant,G3,,3) Uncertain significance,regulatory,,primary,,excluded,,excluded_uncertain_g3_or_unmapped_grade,0,,,
620,Bedaquiline,mtrA,c.-145G>A,upstream_gene_variant,G3,,3) Uncertain significance,regulatory,,primary,,excluded,,excluded_uncertain_g3_or_unmapped_grade,0,,,
621,Bedaquiline,mtrA,c.-14G>A,upstream_gene_variant,G3,,3) Uncertain significance,regulatory,,primary,R,excluded,,excluded_uncertain_g3_or_unmapped_grade,6,COMPLETED|PENDING,MTRAB_DEREGULATION,NEGATIVE:COMPLETED:RESISTANT:MTRAB_DEREGULATION;NEGATIVE:PENDING::;NEGATIVE:COMPLETED:RESISTANT:MTRAB_DEREGULATION;+3_more
622,Bedaquiline,mtrA,c.-153G>A,upstream_gene_variant,G3,,3) Uncertain significance,regulatory,,primary,,excluded,,excluded_uncertain_g3_or_unmapped_grade,0,,,
623,Bedaquiline,mtrA,c.-158G>C,upstream_gene_variant,G3,,3) Uncertain significance,regulatory,,primary,,excluded,,excluded_uncertain_g3_or_unmapped_grade,0,,,
624,Bedaquiline,mtrA,c.-162C>G,upstream_gene_variant,G3,,3) Uncertain significance,regulatory,,primary,,excluded,,excluded_uncertain_g3_or_unmapped_grade,0,,,
625,Bedaquiline,mtrA,c.-173A>C,upstream_gene_variant,G3,,3) Uncertain significance,regulatory,,primary,,excluded,,excluded_uncertain_g3_or_unmapped_grade,0,,,
626,Bedaquiline,mtrA,c.-184G>A,upstream_gene_variant,G3,,3) Uncertain significance,regulatory,,primary,,excluded,,excluded_uncertain_g3_or_unmapped_grade,0,,,
627,Bedaquiline,mtrA,c.-204C>T,upstream_gene_variant,G3,,3) Uncertain significance,regulatory,,primary,,excluded,,excluded_uncertain_g3_or_unmapped_grade,0,,,
628,Bedaquiline,mtrA,c.-20delT,upstream_gene_variant,G3,,3) Uncertain significance,regulatory,,primary,,excluded,,excluded_uncertain_g3_or_unmapped_grade,0,,,
629,Bedaquiline,mtrA,c.-211C>T,upstream_gene_variant,G3,,3) Uncertain significance,regulatory,,primary,,excluded,,excluded_uncertain_g3_or_unmapped_grade,0,,,
630,Bedaquiline,mtrA,c.21G>A,synonymous_variant,G4,S,4) Not assoc w R - Interim,snv,true,primary,S,matched_final,true,,2,COMPLETED,SYNONYMOUS_NO_PROTEIN_CHANGE,NEGATIVE:COMPLETED:SENSITIVE:SYNONYMOUS_NO_PROTEIN_CHANGE;NEGATIVE:COMPLETED:SENSITIVE:SYNONYMOUS_NO_PROTEIN_CHANGE
631,Bedaquiline,mtrA,c.240G>A,synonymous_variant,G4,S,4) Not assoc w R - Interim,snv,true,primary,S,matched_final,true,,2,COMPLETED,SYNONYMOUS_NO_PROTEIN_CHANGE,NEGATIVE:COMPLETED:SENSITIVE:SYNONYMOUS_NO_PROTEIN_CHANGE;NEGATIVE:COMPLETED:SENSITIVE:SYNONYMOUS_NO_PROTEIN_CHANGE
632,Bedaquiline,mtrA,c.-245A>C,upstream_gene_variant,G3,,3) Uncertain significance,regulatory,,primary,,excluded,,excluded_uncertain_g3_or_unmapped_grade,0,,,
633,Bedaquiline,mtrA,c.-246G>A,upstream_gene_variant,G3,,3) Uncertain significance,regulatory,,primary,,excluded,,excluded_uncertain_g3_or_unmapped_grade,0,,,
634,Bedaquiline,mtrA,c.249C>T,synonymous_variant,G4,S,4) Not assoc w R - Interim,snv,true,primary,S,matched_final,true,,2,COMPLETED,SYNONYMOUS_NO_PROTEIN_CHANGE,NEGATIVE:COMPLETED:SENSITIVE:SYNONYMOUS_NO_PROTEIN_CHANGE;NEGATIVE:COMPLETED:SENSITIVE:SYNONYMOUS_NO_PROTEIN_CHANGE
635,Bedaquiline,mtrA,c.-250G>A,upstream_gene_variant,G3,,3) Uncertain significance,regulatory,,primary,,excluded,,excluded_uncertain_g3_or_unmapped_grade,0,,,
636,Bedaquiline,mtrA,c.-253C>G,upstream_gene_variant,G3,,3) Uncertain significance,regulatory,,primary,,excluded,,excluded_uncertain_g3_or_unmapped_grade,0,,,
637,Bedaquiline,mtrA,c.-253C>T,upstream_gene_variant,G3,,3) Uncertain significance,regulatory,,primary,,excluded,,excluded_uncertain_g3_or_unmapped_grade,0,,,
638,Bedaquiline,mtrA,c.-260G>A,upstream_gene_variant,G3,,3) Uncertain significance,regulatory,,primary,,excluded,,excluded_uncertain_g3_or_unmapped_grade,0,,,
639,Bedaquiline,mtrA,c.-269G>A,upstream_gene_variant,G3,,3) Uncertain significance,regulatory,,primary,,excluded,,excluded_uncertain_g3_or_unmapped_grade,0,,,
640,Bedaquiline,mtrA,c.-274G>A,upstream_gene_variant,G3,,3) Uncertain significance,regulatory,,primary,,excluded,,excluded_uncertain_g3_or_unmapped_grade,0,,,
641,Bedaquiline,mtrA,c.277C>T,synonymous_variant,G4,S,4) Not assoc w R - Interim,snv,true,primary,S,matched_final,true,,2,COMPLETED,SYNONYMOUS_NO_PROTEIN_CHANGE,NEGATIVE:COMPLETED:SENSITIVE:SYNONYMOUS_NO_PROTEIN_CHANGE;NEGATIVE:COMPLETED:SENSITIVE:SYNONYMOUS_NO_PROTEIN_CHANGE
642,Bedaquiline,mtrA,c.-277C>T,upstream_gene_variant,G3,,3) Uncertain significance,regulatory,,primary,,excluded,,excluded_uncertain_g3_or_unmapped_grade,0,,,
643,Bedaquiline,mtrA,c.-290C>T,upstream_gene_variant,G3,,3) Uncertain significance,regulatory,,primary,,excluded,,excluded_uncertain_g3_or_unmapped_grade,0,,,
644,Bedaquiline,mtrA,c.-306G>C,upstream_gene_variant,G3,,3) Uncertain significance,regulatory,,primary,,excluded,,excluded_uncertain_g3_or_unmapped_grade,0,,,
645,Bedaquiline,mtrA,c.-312T>C,upstream_gene_variant,G3,,3) Uncertain significance,regulatory,,primary,,excluded,,excluded_uncertain_g3_or_unmapped_grade,0,,,
646,Bedaquiline,mtrA,c.321C>T,synonymous_variant,G4,S,4) Not assoc w R - Interim,snv,true,primary,S,matched_final,true,,2,COMPLETED,SYNONYMOUS_NO_PROTEIN_CHANGE,NEGATIVE:COMPLETED:SENSITIVE:SYNONYMOUS_NO_PROTEIN_CHANGE;NEGATIVE:COMPLETED:SENSITIVE:SYNONYMOUS_NO_PROTEIN_CHANGE
647,Bedaquiline,mtrA,c.-322C>T,upstream_gene_variant,G3,,3) Uncertain significance,regulatory,,primary,,excluded,,excluded_uncertain_g3_or_unmapped_grade,0,,,
648,Bedaquiline,mtrA,c.324G>A,synonymous_variant,G4,S,4) Not assoc w R - Interim,snv,true,primary,S,matched_final,true,,2,COMPLETED,SYNONYMOUS_NO_PROTEIN_CHANGE,NEGATIVE:COMPLETED:SENSITIVE:SYNONYMOUS_NO_PROTEIN_CHANGE;NEGATIVE:COMPLETED:SENSITIVE:SYNONYMOUS_NO_PROTEIN_CHANGE
649,Bedaquiline,mtrA,c.330G>A,synonymous_variant,G4,S,4) Not assoc w R - Interim,snv,true,primary,S,matched_final,true,,2,COMPLETED,SYNONYMOUS_NO_PROTEIN_CHANGE,NEGATIVE:COMPLETED:SENSITIVE:SYNONYMOUS_NO_PROTEIN_CHANGE;NEGATIVE:COMPLETED:SENSITIVE:SYNONYMOUS_NO_PROTEIN_CHANGE
650,Bedaquiline,mtrA,c.-34_-33delTG,upstream_gene_variant,G3,,3) Uncertain significance,regulatory,,primary,,excluded,,excluded_uncertain_g3_or_unmapped_grade,0,,,
651,Bedaquiline,mtrA,c.-341T>A,upstream_gene_variant,G3,,3) Uncertain significance,regulatory,,primary,,excluded,,excluded_uncertain_g3_or_unmapped_grade,0,,,
652,Bedaquiline,mtrA,c.-343A>G,upstream_gene_variant,G3,,3) Uncertain significance,regulatory,,primary,,excluded,,excluded_uncertain_g3_or_unmapped_grade,0,,,
653,Bedaquiline,mtrA,c.-35G>A,upstream_gene_variant,G3,,3) Uncertain significance,regulatory,,primary,R,excluded,,excluded_uncertain_g3_or_unmapped_grade,6,COMPLETED|PENDING,MTRAB_DEREGULATION,NEGATIVE:COMPLETED:RESISTANT:MTRAB_DEREGULATION;NEGATIVE:PENDING::;NEGATIVE:COMPLETED:RESISTANT:MTRAB_DEREGULATION;+3_more
654,Bedaquiline,mtrA,c.-36T>G,upstream_gene_variant,G3,,3) Uncertain significance,regulatory,,primary,R,excluded,,excluded_uncertain_g3_or_unmapped_grade,6,COMPLETED|PENDING,MTRAB_DEREGULATION,NEGATIVE:COMPLETED:RESISTANT:MTRAB_DEREGULATION;NEGATIVE:PENDING::;NEGATIVE:COMPLETED:RESISTANT:MTRAB_DEREGULATION;+3_more
655,Bedaquiline,mtrA,c.-370G>A,upstream_gene_variant,G3,,3) Uncertain significance,regulatory,,primary,,excluded,,excluded_uncertain_g3_or_unmapped_grade,0,,,
656,Bedaquiline,mtrA,c.381C>T,synonymous_variant,G4,S,4) Not assoc w R - Interim,snv,true,primary,S,matched_final,true,,2,COMPLETED,SYNONYMOUS_NO_PROTEIN_CHANGE,NEGATIVE:COMPLETED:SENSITIVE:SYNONYMOUS_NO_PROTEIN_CHANGE;NEGATIVE:COMPLETED:SENSITIVE:SYNONYMOUS_NO_PROTEIN_CHANGE
657,Bedaquiline,mtrA,c.39C>T,synonymous_variant,G4,S,4) Not assoc w R - Interim,snv,true,primary,S,matched_final,true,,2,COMPLETED,SYNONYMOUS_NO_PROTEIN_CHANGE,NEGATIVE:COMPLETED:SENSITIVE:SYNONYMOUS_NO_PROTEIN_CHANGE;NEGATIVE:COMPLETED:SENSITIVE:SYNONYMOUS_NO_PROTEIN_CHANGE
658,Bedaquiline,mtrA,c.-39C>T,upstream_gene_variant,G3,,3) Uncertain significance,regulatory,,primary,R,excluded,,excluded_uncertain_g3_or_unmapped_grade,6,COMPLETED|PENDING,MTRAB_DEREGULATION,NEGATIVE:COMPLETED:RESISTANT:MTRAB_DEREGULATION;NEGATIVE:PENDING::;NEGATIVE:COMPLETED:RESISTANT:MTRAB_DEREGULATION;+3_more
659,Bedaquiline,mtrA,c.-40C>T,upstream_gene_variant,G3,,3) Uncertain significance,regulatory,,primary,R,excluded,,excluded_uncertain_g3_or_unmapped_grade,6,COMPLETED|PENDING,MTRAB_DEREGULATION,NEGATIVE:COMPLETED:RESISTANT:MTRAB_DEREGULATION;NEGATIVE:PENDING::;NEGATIVE:COMPLETED:RESISTANT:MTRAB_DEREGULATION;+3_more
660,Bedaquiline,mtrA,c.432G>A,synonymous_variant,G4,S,4) Not assoc w R - Interim,snv,true,primary,S,matched_final,true,,2,COMPLETED,SYNONYMOUS_NO_PROTEIN_CHANGE,NEGATIVE:COMPLETED:SENSITIVE:SYNONYMOUS_NO_PROTEIN_CHANGE;NEGATIVE:COMPLETED:SENSITIVE:SYNONYMOUS_NO_PROTEIN_CHANGE
661,Bedaquiline,mtrA,c.441C>T,synonymous_variant,G4,S,4) Not assoc w R - Interim,snv,true,primary,S,matched_final,true,,2,COMPLETED,SYNONYMOUS_NO_PROTEIN_CHANGE,NEGATIVE:COMPLETED:SENSITIVE:SYNONYMOUS_NO_PROTEIN_CHANGE;NEGATIVE:COMPLETED:SENSITIVE:SYNONYMOUS_NO_PROTEIN_CHANGE
662,Bedaquiline,mtrA,c.468G>C,synonymous_variant,G4,S,4) Not assoc w R - Interim,snv,true,primary,S,matched_final,true,,2,COMPLETED,SYNONYMOUS_NO_PROTEIN_CHANGE,NEGATIVE:COMPLETED:SENSITIVE:SYNONYMOUS_NO_PROTEIN_CHANGE;NEGATIVE:COMPLETED:SENSITIVE:SYNONYMOUS_NO_PROTEIN_CHANGE
663,Bedaquiline,mtrA,c.477C>T,synonymous_variant,G4,S,4) Not assoc w R - Interim,snv,true,primary,S,matched_final,true,,2,COMPLETED,SYNONYMOUS_NO_PROTEIN_CHANGE,NEGATIVE:COMPLETED:SENSITIVE:SYNONYMOUS_NO_PROTEIN_CHANGE;NEGATIVE:COMPLETED:SENSITIVE:SYNONYMOUS_NO_PROTEIN_CHANGE
664,Bedaquiline,mtrA,c.480C>T,synonymous_variant,G4,S,4) Not assoc w R - Interim,snv,true,primary,S,matched_final,true,,2,COMPLETED,SYNONYMOUS_NO_PROTEIN_CHANGE,NEGATIVE:COMPLETED:SENSITIVE:SYNONYMOUS_NO_PROTEIN_CHANGE;NEGATIVE:COMPLETED:SENSITIVE:SYNONYMOUS_NO_PROTEIN_CHANGE
665,Bedaquiline,mtrA,c.489C>A,synonymous_variant,G4,S,4) Not assoc w R - Interim,snv,true,primary,S,matched_final,true,,2,COMPLETED,SYNONYMOUS_NO_PROTEIN_CHANGE,NEGATIVE:COMPLETED:SENSITIVE:SYNONYMOUS_NO_PROTEIN_CHANGE;NEGATIVE:COMPLETED:SENSITIVE:SYNONYMOUS_NO_PROTEIN_CHANGE
666,Bedaquiline,mtrA,c.525T>C,synonymous_variant,G4,S,4) Not assoc w R - Interim,snv,true,primary,S,matched_final,true,,2,COMPLETED,SYNONYMOUS_NO_PROTEIN_CHANGE,NEGATIVE:COMPLETED:SENSITIVE:SYNONYMOUS_NO_PROTEIN_CHANGE;NEGATIVE:COMPLETED:SENSITIVE:SYNONYMOUS_NO_PROTEIN_CHANGE
667,Bedaquiline,mtrA,c.534G>A,synonymous_variant,G4,S,4) Not assoc w R - Interim,snv,true,primary,S,matched_final,true,,2,COMPLETED,SYNONYMOUS_NO_PROTEIN_CHANGE,NEGATIVE:COMPLETED:SENSITIVE:SYNONYMOUS_NO_PROTEIN_CHANGE;NEGATIVE:COMPLETED:SENSITIVE:SYNONYMOUS_NO_PROTEIN_CHANGE
668,Bedaquiline,mtrA,c.576G>A,synonymous_variant,G4,S,4) Not assoc w R - Interim,snv,true,primary,S,matched_final,true,,2,COMPLETED,SYNONYMOUS_NO_PROTEIN_CHANGE,NEGATIVE:COMPLETED:SENSITIVE:SYNONYMOUS_NO_PROTEIN_CHANGE;NEGATIVE:COMPLETED:SENSITIVE:SYNONYMOUS_NO_PROTEIN_CHANGE
669,Bedaquiline,mtrA,c.57G>A,synonymous_variant,G4,S,4) Not assoc w R - Interim,snv,true,primary,S,matched_final,true,,2,COMPLETED,SYNONYMOUS_NO_PROTEIN_CHANGE,NEGATIVE:COMPLETED:SENSITIVE:SYNONYMOUS_NO_PROTEIN_CHANGE;NEGATIVE:COMPLETED:SENSITIVE:SYNONYMOUS_NO_PROTEIN_CHANGE
670,Bedaquiline,mtrA,c.-57T>G,upstream_gene_variant,G3,,3) Uncertain significance,regulatory,,primary,R,excluded,,excluded_uncertain_g3_or_unmapped_grade,6,COMPLETED|PENDING,MTRAB_DEREGULATION,NEGATIVE:COMPLETED:RESISTANT:MTRAB_DEREGULATION;NEGATIVE:PENDING::;NEGATIVE:COMPLETED:RESISTANT:MTRAB_DEREGULATION;+3_more
671,Bedaquiline,mtrA,c.594C>A,synonymous_variant,G4,S,4) Not assoc w R - Interim,snv,true,primary,S,matched_final,true,,2,COMPLETED,SYNONYMOUS_NO_PROTEIN_CHANGE,NEGATIVE:COMPLETED:SENSITIVE:SYNONYMOUS_NO_PROTEIN_CHANGE;NEGATIVE:COMPLETED:SENSITIVE:SYNONYMOUS_NO_PROTEIN_CHANGE
672,Bedaquiline,mtrA,c.601C>T,synonymous_variant,G4,S,4) Not assoc w R - Interim,snv,true,primary,S,matched_final,true,,2,COMPLETED,SYNONYMOUS_NO_PROTEIN_CHANGE,NEGATIVE:COMPLETED:SENSITIVE:SYNONYMOUS_NO_PROTEIN_CHANGE;NEGATIVE:COMPLETED:SENSITIVE:SYNONYMOUS_NO_PROTEIN_CHANGE
673,Bedaquiline,mtrA,c.-60C>T,upstream_gene_variant,G3,,3) Uncertain significance,regulatory,,primary,R,excluded,,excluded_uncertain_g3_or_unmapped_grade,6,COMPLETED|PENDING,MTRAB_DEREGULATION,NEGATIVE:COMPLETED:RESISTANT:MTRAB_DEREGULATION;NEGATIVE:PENDING::;NEGATIVE:COMPLETED:RESISTANT:MTRAB_DEREGULATION;+3_more
674,Bedaquiline,mtrA,c.-61G>A,upstream_gene_variant,G3,,3) Uncertain significance,regulatory,,primary,R,excluded,,excluded_uncertain_g3_or_unmapped_grade,6,COMPLETED|PENDING,MTRAB_DEREGULATION,NEGATIVE:COMPLETED:RESISTANT:MTRAB_DEREGULATION;NEGATIVE:PENDING::;NEGATIVE:COMPLETED:RESISTANT:MTRAB_DEREGULATION;+3_more
675,Bedaquiline,mtrA,c.651C>T,synonymous_variant,G4,S,4) Not assoc w R - Interim,snv,true,primary,S,matched_final,true,,2,COMPLETED,SYNONYMOUS_NO_PROTEIN_CHANGE,NEGATIVE:COMPLETED:SENSITIVE:SYNONYMOUS_NO_PROTEIN_CHANGE;NEGATIVE:COMPLETED:SENSITIVE:SYNONYMOUS_NO_PROTEIN_CHANGE
676,Bedaquiline,mtrA,c.-67G>A,upstream_gene_variant,G3,,3) Uncertain significance,regulatory,,primary,R,excluded,,excluded_uncertain_g3_or_unmapped_grade,6,COMPLETED|PENDING,MTRAB_DEREGULATION,NEGATIVE:COMPLETED:RESISTANT:MTRAB_DEREGULATION;NEGATIVE:PENDING::;NEGATIVE:COMPLETED:RESISTANT:MTRAB_DEREGULATION;+3_more
677,Bedaquiline,mtrA,c.-69G>C,upstream_gene_variant,G3,,3) Uncertain significance,regulatory,,primary,R,excluded,,excluded_uncertain_g3_or_unmapped_grade,6,COMPLETED|PENDING,MTRAB_DEREGULATION,NEGATIVE:COMPLETED:RESISTANT:MTRAB_DEREGULATION;NEGATIVE:PENDING::;NEGATIVE:COMPLETED:RESISTANT:MTRAB_DEREGULATION;+3_more
678,Bedaquiline,mtrA,c.-80T>C,upstream_gene_variant,G3,,3) Uncertain significance,regulatory,,primary,R,excluded,,excluded_uncertain_g3_or_unmapped_grade,6,COMPLETED|PENDING,MTRAB_DEREGULATION,NEGATIVE:COMPLETED:RESISTANT:MTRAB_DEREGULATION;NEGATIVE:PENDING::;NEGATIVE:COMPLETED:RESISTANT:MTRAB_DEREGULATION;+3_more
679,Bedaquiline,mtrA,c.81G>A,synonymous_variant,G4,S,4) Not assoc w R - Interim,snv,true,primary,S,matched_final,true,,2,COMPLETED,SYNONYMOUS_NO_PROTEIN_CHANGE,NEGATIVE:COMPLETED:SENSITIVE:SYNONYMOUS_NO_PROTEIN_CHANGE;NEGATIVE:COMPLETED:SENSITIVE:SYNONYMOUS_NO_PROTEIN_CHANGE
680,Bedaquiline,mtrA,c.-82C>A,upstream_gene_variant,G3,,3) Uncertain significance,regulatory,,primary,R,excluded,,excluded_uncertain_g3_or_unmapped_grade,4,COMPLETED|PENDING,MTRAB_DEREGULATION,NEGATIVE:COMPLETED:RESISTANT:MTRAB_DEREGULATION;NEGATIVE:PENDING::;NEGATIVE:COMPLETED:RESISTANT:MTRAB_DEREGULATION;+1_more
681,Bedaquiline,mtrA,c.-83A>G,upstream_gene_variant,G3,,3) Uncertain significance,regulatory,,primary,R,excluded,,excluded_uncertain_g3_or_unmapped_grade,4,COMPLETED|PENDING,MTRAB_DEREGULATION,NEGATIVE:COMPLETED:RESISTANT:MTRAB_DEREGULATION;NEGATIVE:PENDING::;NEGATIVE:COMPLETED:RESISTANT:MTRAB_DEREGULATION;+1_more
682,Bedaquiline,mtrA,p.Ala134Val,missense_variant,G3,,3) Uncertain significance,protein_substitution,,primary,R,excluded,,excluded_uncertain_g3_or_unmapped_grade,2,LOSS_OF_FUNCTION|PENDING,MTRAB_DEREGULATION,NEGATIVE:LOSS_OF_FUNCTION:RESISTANT:MTRAB_DEREGULATION;NEGATIVE:PENDING::
683,Bedaquiline,mtrA,p.Ala225Val,missense_variant,G3,,3) Uncertain significance,protein_substitution,,primary,,excluded,,excluded_uncertain_g3_or_unmapped_grade,2,FAILED|PENDING,ANALYSIS_FAILED,NEGATIVE:FAILED:UNKNOWN:ANALYSIS_FAILED;NEGATIVE:PENDING::
684,Bedaquiline,mtrA,p.Ala44Ser,missense_variant,G3,,3) Uncertain significance,protein_substitution,,primary,,excluded,,excluded_uncertain_g3_or_unmapped_grade,2,FAILED|PENDING,ANALYSIS_FAILED,NEGATIVE:FAILED:UNKNOWN:ANALYSIS_FAILED;NEGATIVE:PENDING::
685,Bedaquiline,mtrA,p.Arg5Lys,missense_variant,G3,,3) Uncertain significance,protein_substitution,,primary,,excluded,,excluded_uncertain_g3_or_unmapped_grade,2,FAILED|PENDING,,NEGATIVE:FAILED::;NEGATIVE:PENDING::
686,Bedaquiline,mtrA,p.Arg5Thr,missense_variant,G3,,3) Uncertain significance,protein_substitution,,primary,,excluded,,excluded_uncertain_g3_or_unmapped_grade,2,FAILED|PENDING,,NEGATIVE:FAILED::;NEGATIVE:PENDING::
687,Bedaquiline,mtrA,p.Glu129Asp,missense_variant,G3,,3) Uncertain significance,protein_substitution,,primary,R,excluded,,excluded_uncertain_g3_or_unmapped_grade,4,FAILED|LOSS_OF_FUNCTION|PENDING,ANALYSIS_FAILED|MTRAB_DEREGULATION,NEGATIVE:FAILED:UNKNOWN:ANALYSIS_FAILED;NEGATIVE:LOSS_OF_FUNCTION:RESISTANT:MTRAB_DEREGULATION;NEGATIVE:PENDING::;+1_more
688,Bedaquiline,mtrA,p.Glu47Gly,missense_variant,G3,,3) Uncertain significance,protein_substitution,,primary,,excluded,,excluded_uncertain_g3_or_unmapped_grade,2,FAILED|PENDING,ANALYSIS_FAILED,NEGATIVE:FAILED:UNKNOWN:ANALYSIS_FAILED;NEGATIVE:PENDING::
689,Bedaquiline,mtrA,p.Leu165Met,missense_variant,G3,,3) Uncertain significance,protein_substitution,,primary,,excluded,,excluded_uncertain_g3_or_unmapped_grade,2,FAILED|PENDING,ANALYSIS_FAILED,NEGATIVE:FAILED:UNKNOWN:ANALYSIS_FAILED;NEGATIVE:PENDING::
690,Bedaquiline,mtrA,p.Pro188Ala,missense_variant,G3,,3) Uncertain significance,protein_substitution,,primary,,excluded,,excluded_uncertain_g3_or_unmapped_grade,2,FAILED|PENDING,,NEGATIVE:FAILED::;NEGATIVE:PENDING::
691,Bedaquiline,mtrA,p.Pro50Ala,missense_variant,G3,,3) Uncertain significance,protein_substitution,,primary,R,excluded,,excluded_uncertain_g3_or_unmapped_grade,2,LOSS_OF_FUNCTION|PENDING,MTRAB_DEREGULATION,NEGATIVE:LOSS_OF_FUNCTION:RESISTANT:MTRAB_DEREGULATION;NEGATIVE:PENDING::
692,Bedaquiline,mtrA,p.Ser153Pro,missense_variant,G3,,3) Uncertain significance,protein_substitution,,primary,,excluded,,excluded_uncertain_g3_or_unmapped_grade,2,FAILED|PENDING,ANALYSIS_FAILED,NEGATIVE:FAILED:UNKNOWN:ANALYSIS_FAILED;NEGATIVE:PENDING::
693,Bedaquiline,mtrA,p.Val140Leu,missense_variant,G3,,3) Uncertain significance,protein_substitution,,primary,R,excluded,,excluded_uncertain_g3_or_unmapped_grade,4,LOSS_OF_FUNCTION|PENDING,MTRAB_DEREGULATION,NEGATIVE:LOSS_OF_FUNCTION:RESISTANT:MTRAB_DEREGULATION;NEGATIVE:LOSS_OF_FUNCTION:RESISTANT:MTRAB_DEREGULATION;NEGATIVE:PENDING::;+1_more
694,Bedaquiline,mtrA,p.Val205Ile,missense_variant,G3,,3) Uncertain significance,protein_substitution,,primary,,excluded,,excluded_uncertain_g3_or_unmapped_grade,2,FAILED|PENDING,ANALYSIS_FAILED,NEGATIVE:FAILED:UNKNOWN:ANALYSIS_FAILED;NEGATIVE:PENDING::
695,Bedaquiline,mtrB,c.1033C>A,synonymous_variant,G4,S,4) Not assoc w R - Interim,snv,true,primary,S,matched_final,true,,2,COMPLETED,SYNONYMOUS_NO_PROTEIN_CHANGE,NEGATIVE:COMPLETED:SENSITIVE:SYNONYMOUS_NO_PROTEIN_CHANGE;NEGATIVE:COMPLETED:SENSITIVE:SYNONYMOUS_NO_PROTEIN_CHANGE
696,Bedaquiline,mtrB,c.1053C>T,synonymous_variant,G4,S,4) Not assoc w R - Interim,snv,true,primary,S,matched_final,true,,2,COMPLETED,SYNONYMOUS_NO_PROTEIN_CHANGE,NEGATIVE:COMPLETED:SENSITIVE:SYNONYMOUS_NO_PROTEIN_CHANGE;NEGATIVE:COMPLETED:SENSITIVE:SYNONYMOUS_NO_PROTEIN_CHANGE
697,Bedaquiline,mtrB,c.111G>T,synonymous_variant,G4,S,4) Not assoc w R - Interim,snv,true,primary,S,matched_final,true,,2,COMPLETED,SYNONYMOUS_NO_PROTEIN_CHANGE,NEGATIVE:COMPLETED:SENSITIVE:SYNONYMOUS_NO_PROTEIN_CHANGE;NEGATIVE:COMPLETED:SENSITIVE:SYNONYMOUS_NO_PROTEIN_CHANGE
698,Bedaquiline,mtrB,c.1197G>C,synonymous_variant,G4,S,4) Not assoc w R - Interim,snv,true,primary,S,matched_final,true,,2,COMPLETED,SYNONYMOUS_NO_PROTEIN_CHANGE,NEGATIVE:COMPLETED:SENSITIVE:SYNONYMOUS_NO_PROTEIN_CHANGE;NEGATIVE:COMPLETED:SENSITIVE:SYNONYMOUS_NO_PROTEIN_CHANGE
699,Bedaquiline,mtrB,c.1200C>T,synonymous_variant,G4,S,4) Not assoc w R - Interim,snv,true,primary,S,matched_final,true,,2,COMPLETED,SYNONYMOUS_NO_PROTEIN_CHANGE,NEGATIVE:COMPLETED:SENSITIVE:SYNONYMOUS_NO_PROTEIN_CHANGE;NEGATIVE:COMPLETED:SENSITIVE:SYNONYMOUS_NO_PROTEIN_CHANGE
700,Bedaquiline,mtrB,c.126C>T,synonymous_variant,G4,S,4) Not assoc w R - Interim,snv,true,primary,S,matched_final,true,,2,COMPLETED,SYNONYMOUS_NO_PROTEIN_CHANGE,NEGATIVE:COMPLETED:SENSITIVE:SYNONYMOUS_NO_PROTEIN_CHANGE;NEGATIVE:COMPLETED:SENSITIVE:SYNONYMOUS_NO_PROTEIN_CHANGE
701,Bedaquiline,mtrB,c.1272C>G,synonymous_variant,G4,S,4) Not assoc w R - Interim,snv,true,primary,S,matched_final,true,,2,COMPLETED,SYNONYMOUS_NO_PROTEIN_CHANGE,NEGATIVE:COMPLETED:SENSITIVE:SYNONYMOUS_NO_PROTEIN_CHANGE;NEGATIVE:COMPLETED:SENSITIVE:SYNONYMOUS_NO_PROTEIN_CHANGE
702,Bedaquiline,mtrB,c.1293A>G,synonymous_variant,G4,S,4) Not assoc w R - Interim,snv,true,primary,S,matched_final,true,,2,COMPLETED,SYNONYMOUS_NO_PROTEIN_CHANGE,NEGATIVE:COMPLETED:SENSITIVE:SYNONYMOUS_NO_PROTEIN_CHANGE;NEGATIVE:COMPLETED:SENSITIVE:SYNONYMOUS_NO_PROTEIN_CHANGE
703,Bedaquiline,mtrB,c.1314C>T,synonymous_variant,G4,S,4) Not assoc w R - Interim,snv,true,primary,S,matched_final,true,,2,COMPLETED,SYNONYMOUS_NO_PROTEIN_CHANGE,NEGATIVE:COMPLETED:SENSITIVE:SYNONYMOUS_NO_PROTEIN_CHANGE;NEGATIVE:COMPLETED:SENSITIVE:SYNONYMOUS_NO_PROTEIN_CHANGE
704,Bedaquiline,mtrB,c.132G>A,synonymous_variant,G4,S,4) Not assoc w R - Interim,snv,true,primary,S,matched_final,true,,2,COMPLETED,SYNONYMOUS_NO_PROTEIN_CHANGE,NEGATIVE:COMPLETED:SENSITIVE:SYNONYMOUS_NO_PROTEIN_CHANGE;NEGATIVE:COMPLETED:SENSITIVE:SYNONYMOUS_NO_PROTEIN_CHANGE
705,Bedaquiline,mtrB,c.133C>T,synonymous_variant,G4,S,4) Not assoc w R - Interim,snv,true,primary,S,matched_final,true,,2,COMPLETED,SYNONYMOUS_NO_PROTEIN_CHANGE,NEGATIVE:COMPLETED:SENSITIVE:SYNONYMOUS_NO_PROTEIN_CHANGE;NEGATIVE:COMPLETED:SENSITIVE:SYNONYMOUS_NO_PROTEIN_CHANGE
706,Bedaquiline,mtrB,c.1350C>T,synonymous_variant,G4,S,4) Not assoc w R - Interim,snv,true,primary,S,matched_final,true,,2,COMPLETED,SYNONYMOUS_NO_PROTEIN_CHANGE,NEGATIVE:COMPLETED:SENSITIVE:SYNONYMOUS_NO_PROTEIN_CHANGE;NEGATIVE:COMPLETED:SENSITIVE:SYNONYMOUS_NO_PROTEIN_CHANGE
707,Bedaquiline,mtrB,c.135G>T,synonymous_variant,G4,S,4) Not assoc w R - Interim,snv,true,primary,S,matched_final,true,,2,COMPLETED,SYNONYMOUS_NO_PROTEIN_CHANGE,NEGATIVE:COMPLETED:SENSITIVE:SYNONYMOUS_NO_PROTEIN_CHANGE;NEGATIVE:COMPLETED:SENSITIVE:SYNONYMOUS_NO_PROTEIN_CHANGE
708,Bedaquiline,mtrB,c.1365G>A,synonymous_variant,G4,S,4) Not assoc w R - Interim,snv,true,primary,S,matched_final,true,,2,COMPLETED,SYNONYMOUS_NO_PROTEIN_CHANGE,NEGATIVE:COMPLETED:SENSITIVE:SYNONYMOUS_NO_PROTEIN_CHANGE;NEGATIVE:COMPLETED:SENSITIVE:SYNONYMOUS_NO_PROTEIN_CHANGE
709,Bedaquiline,mtrB,c.1386G>A,synonymous_variant,G4,S,4) Not assoc w R - Interim,snv,true,primary,S,matched_final,true,,2,COMPLETED,SYNONYMOUS_NO_PROTEIN_CHANGE,NEGATIVE:COMPLETED:SENSITIVE:SYNONYMOUS_NO_PROTEIN_CHANGE;NEGATIVE:COMPLETED:SENSITIVE:SYNONYMOUS_NO_PROTEIN_CHANGE
710,Bedaquiline,mtrB,c.138C>T,synonymous_variant,G4,S,4) Not assoc w R - Interim,snv,true,primary,S,matched_final,true,,2,COMPLETED,SYNONYMOUS_NO_PROTEIN_CHANGE,NEGATIVE:COMPLETED:SENSITIVE:SYNONYMOUS_NO_PROTEIN_CHANGE;NEGATIVE:COMPLETED:SENSITIVE:SYNONYMOUS_NO_PROTEIN_CHANGE
711,Bedaquiline,mtrB,c.141T>A,synonymous_variant,G4,S,4) Not assoc w R - Interim,snv,true,primary,S,matched_final,true,,2,COMPLETED,SYNONYMOUS_NO_PROTEIN_CHANGE,NEGATIVE:COMPLETED:SENSITIVE:SYNONYMOUS_NO_PROTEIN_CHANGE;NEGATIVE:COMPLETED:SENSITIVE:SYNONYMOUS_NO_PROTEIN_CHANGE
712,Bedaquiline,mtrB,c.1437C>T,synonymous_variant,G4,S,4) Not assoc w R - Interim,snv,true,primary,S,matched_final,true,,2,COMPLETED,SYNONYMOUS_NO_PROTEIN_CHANGE,NEGATIVE:COMPLETED:SENSITIVE:SYNONYMOUS_NO_PROTEIN_CHANGE;NEGATIVE:COMPLETED:SENSITIVE:SYNONYMOUS_NO_PROTEIN_CHANGE
713,Bedaquiline,mtrB,c.1452T>C,synonymous_variant,G4,S,4) Not assoc w R - Interim,snv,true,primary,S,matched_final,true,,2,COMPLETED,SYNONYMOUS_NO_PROTEIN_CHANGE,NEGATIVE:COMPLETED:SENSITIVE:SYNONYMOUS_NO_PROTEIN_CHANGE;NEGATIVE:COMPLETED:SENSITIVE:SYNONYMOUS_NO_PROTEIN_CHANGE
714,Bedaquiline,mtrB,c.145C>T,synonymous_variant,G4,S,4) Not assoc w R - Interim,snv,true,primary,S,matched_final,true,,2,COMPLETED,SYNONYMOUS_NO_PROTEIN_CHANGE,NEGATIVE:COMPLETED:SENSITIVE:SYNONYMOUS_NO_PROTEIN_CHANGE;NEGATIVE:COMPLETED:SENSITIVE:SYNONYMOUS_NO_PROTEIN_CHANGE
715,Bedaquiline,mtrB,c.1479A>G,synonymous_variant,G4,S,4) Not assoc w R - Interim,snv,true,primary,S,matched_final,true,,2,COMPLETED,SYNONYMOUS_NO_PROTEIN_CHANGE,NEGATIVE:COMPLETED:SENSITIVE:SYNONYMOUS_NO_PROTEIN_CHANGE;NEGATIVE:COMPLETED:SENSITIVE:SYNONYMOUS_NO_PROTEIN_CHANGE
716,Bedaquiline,mtrB,c.147G>A,synonymous_variant,G4,S,4) Not assoc w R - Interim,snv,true,primary,S,matched_final,true,,2,COMPLETED,SYNONYMOUS_NO_PROTEIN_CHANGE,NEGATIVE:COMPLETED:SENSITIVE:SYNONYMOUS_NO_PROTEIN_CHANGE;NEGATIVE:COMPLETED:SENSITIVE:SYNONYMOUS_NO_PROTEIN_CHANGE
717,Bedaquiline,mtrB,c.-14A>C,upstream_gene_variant,G3,,3) Uncertain significance,regulatory,,primary,R,excluded,,excluded_uncertain_g3_or_unmapped_grade,6,COMPLETED|PENDING,MTRAB_DEREGULATION,NEGATIVE:COMPLETED:RESISTANT:MTRAB_DEREGULATION;NEGATIVE:PENDING::;NEGATIVE:COMPLETED:RESISTANT:MTRAB_DEREGULATION;+3_more
718,Bedaquiline,mtrB,c.1515C>T,synonymous_variant,G4,S,4) Not assoc w R - Interim,snv,true,primary,S,matched_final,true,,2,COMPLETED,SYNONYMOUS_NO_PROTEIN_CHANGE,NEGATIVE:COMPLETED:SENSITIVE:SYNONYMOUS_NO_PROTEIN_CHANGE;NEGATIVE:COMPLETED:SENSITIVE:SYNONYMOUS_NO_PROTEIN_CHANGE
719,Bedaquiline,mtrB,c.1524C>T,synonymous_variant,G4,S,4) Not assoc w R - Interim,snv,true,primary,S,matched_final,true,,2,COMPLETED,SYNONYMOUS_NO_PROTEIN_CHANGE,NEGATIVE:COMPLETED:SENSITIVE:SYNONYMOUS_NO_PROTEIN_CHANGE;NEGATIVE:COMPLETED:SENSITIVE:SYNONYMOUS_NO_PROTEIN_CHANGE
720,Bedaquiline,mtrB,c.1533C>T,synonymous_variant,G4,S,4) Not assoc w R - Interim,snv,true,primary,S,matched_final,true,,2,COMPLETED,SYNONYMOUS_NO_PROTEIN_CHANGE,NEGATIVE:COMPLETED:SENSITIVE:SYNONYMOUS_NO_PROTEIN_CHANGE;NEGATIVE:COMPLETED:SENSITIVE:SYNONYMOUS_NO_PROTEIN_CHANGE
721,Bedaquiline,mtrB,c.1582C>T,synonymous_variant,G4,S,4) Not assoc w R - Interim,snv,true,primary,S,matched_final,true,,2,COMPLETED,SYNONYMOUS_NO_PROTEIN_CHANGE,NEGATIVE:COMPLETED:SENSITIVE:SYNONYMOUS_NO_PROTEIN_CHANGE;NEGATIVE:COMPLETED:SENSITIVE:SYNONYMOUS_NO_PROTEIN_CHANGE
722,Bedaquiline,mtrB,c.1653G>T,synonymous_variant,G4,S,4) Not assoc w R - Interim,snv,true,primary,S,matched_final,true,,2,COMPLETED,SYNONYMOUS_NO_PROTEIN_CHANGE,NEGATIVE:COMPLETED:SENSITIVE:SYNONYMOUS_NO_PROTEIN_CHANGE;NEGATIVE:COMPLETED:SENSITIVE:SYNONYMOUS_NO_PROTEIN_CHANGE
723,Bedaquiline,mtrB,c.1662G>A,synonymous_variant,G4,S,4) Not assoc w R - Interim,snv,true,primary,S,matched_final,true,,2,COMPLETED,SYNONYMOUS_NO_PROTEIN_CHANGE,NEGATIVE:COMPLETED:SENSITIVE:SYNONYMOUS_NO_PROTEIN_CHANGE;NEGATIVE:COMPLETED:SENSITIVE:SYNONYMOUS_NO_PROTEIN_CHANGE
724,Bedaquiline,mtrB,c.1677A>G,synonymous_variant,G4,S,4) Not assoc w R - Interim,snv,true,primary,S,matched_final,true,,2,COMPLETED,SYNONYMOUS_NO_PROTEIN_CHANGE,NEGATIVE:COMPLETED:SENSITIVE:SYNONYMOUS_NO_PROTEIN_CHANGE;NEGATIVE:COMPLETED:SENSITIVE:SYNONYMOUS_NO_PROTEIN_CHANGE
725,Bedaquiline,mtrB,c.174C>T,synonymous_variant,G4,S,4) Not assoc w R - Interim,snv,true,primary,S,matched_final,true,,2,COMPLETED,SYNONYMOUS_NO_PROTEIN_CHANGE,NEGATIVE:COMPLETED:SENSITIVE:SYNONYMOUS_NO_PROTEIN_CHANGE;NEGATIVE:COMPLETED:SENSITIVE:SYNONYMOUS_NO_PROTEIN_CHANGE
726,Bedaquiline,mtrB,c.186C>T,synonymous_variant,G4,S,4) Not assoc w R - Interim,snv,true,primary,S,matched_final,true,,2,COMPLETED,SYNONYMOUS_NO_PROTEIN_CHANGE,NEGATIVE:COMPLETED:SENSITIVE:SYNONYMOUS_NO_PROTEIN_CHANGE;NEGATIVE:COMPLETED:SENSITIVE:SYNONYMOUS_NO_PROTEIN_CHANGE
727,Bedaquiline,mtrB,c.198C>T,synonymous_variant,G4,S,4) Not assoc w R - Interim,snv,true,primary,S,matched_final,true,,2,COMPLETED,SYNONYMOUS_NO_PROTEIN_CHANGE,NEGATIVE:COMPLETED:SENSITIVE:SYNONYMOUS_NO_PROTEIN_CHANGE;NEGATIVE:COMPLETED:SENSITIVE:SYNONYMOUS_NO_PROTEIN_CHANGE
728,Bedaquiline,mtrB,c.207C>T,synonymous_variant,G4,S,4) Not assoc w R - Interim,snv,true,primary,S,matched_final,true,,2,COMPLETED,SYNONYMOUS_NO_PROTEIN_CHANGE,NEGATIVE:COMPLETED:SENSITIVE:SYNONYMOUS_NO_PROTEIN_CHANGE;NEGATIVE:COMPLETED:SENSITIVE:SYNONYMOUS_NO_PROTEIN_CHANGE
729,Bedaquiline,mtrB,c.-20G>A,upstream_gene_variant,G3,,3) Uncertain significance,regulatory,,primary,R,excluded,,excluded_uncertain_g3_or_unmapped_grade,6,COMPLETED|PENDING,MTRAB_DEREGULATION,NEGATIVE:COMPLETED:RESISTANT:MTRAB_DEREGULATION;NEGATIVE:PENDING::;NEGATIVE:COMPLETED:RESISTANT:MTRAB_DEREGULATION;+3_more
730,Bedaquiline,mtrB,c.210C>T,synonymous_variant,G4,S,4) Not assoc w R - Interim,snv,true,primary,S,matched_final,true,,2,COMPLETED,SYNONYMOUS_NO_PROTEIN_CHANGE,NEGATIVE:COMPLETED:SENSITIVE:SYNONYMOUS_NO_PROTEIN_CHANGE;NEGATIVE:COMPLETED:SENSITIVE:SYNONYMOUS_NO_PROTEIN_CHANGE
731,Bedaquiline,mtrB,c.216C>T,synonymous_variant,G4,S,4) Not assoc w R - Interim,snv,true,primary,S,matched_final,true,,2,COMPLETED,SYNONYMOUS_NO_PROTEIN_CHANGE,NEGATIVE:COMPLETED:SENSITIVE:SYNONYMOUS_NO_PROTEIN_CHANGE;NEGATIVE:COMPLETED:SENSITIVE:SYNONYMOUS_NO_PROTEIN_CHANGE
732,Bedaquiline,mtrB,c.-24C>T,upstream_gene_variant,G3,,3) Uncertain significance,regulatory,,primary,R,excluded,,excluded_uncertain_g3_or_unmapped_grade,6,COMPLETED|PENDING,MTRAB_DEREGULATION,NEGATIVE:COMPLETED:RESISTANT:MTRAB_DEREGULATION;NEGATIVE:PENDING::;NEGATIVE:COMPLETED:RESISTANT:MTRAB_DEREGULATION;+3_more
733,Bedaquiline,mtrB,c.276C>G,synonymous_variant,G4,S,4) Not assoc w R - Interim,snv,true,primary,S,matched_final,true,,2,COMPLETED,SYNONYMOUS_NO_PROTEIN_CHANGE,NEGATIVE:COMPLETED:SENSITIVE:SYNONYMOUS_NO_PROTEIN_CHANGE;NEGATIVE:COMPLETED:SENSITIVE:SYNONYMOUS_NO_PROTEIN_CHANGE
734,Bedaquiline,mtrB,c.309C>T,synonymous_variant,G4,S,4) Not assoc w R - Interim,snv,true,primary,S,matched_final,true,,2,COMPLETED,SYNONYMOUS_NO_PROTEIN_CHANGE,NEGATIVE:COMPLETED:SENSITIVE:SYNONYMOUS_NO_PROTEIN_CHANGE;NEGATIVE:COMPLETED:SENSITIVE:SYNONYMOUS_NO_PROTEIN_CHANGE
735,Bedaquiline,mtrB,c.330T>G,synonymous_variant,G4,S,4) Not assoc w R - Interim,snv,true,primary,S,matched_final,true,,2,COMPLETED,SYNONYMOUS_NO_PROTEIN_CHANGE,NEGATIVE:COMPLETED:SENSITIVE:SYNONYMOUS_NO_PROTEIN_CHANGE;NEGATIVE:COMPLETED:SENSITIVE:SYNONYMOUS_NO_PROTEIN_CHANGE
736,Bedaquiline,mtrB,c.345C>T,synonymous_variant,G4,S,4) Not assoc w R - Interim,snv,true,primary,S,matched_final,true,,2,COMPLETED,SYNONYMOUS_NO_PROTEIN_CHANGE,NEGATIVE:COMPLETED:SENSITIVE:SYNONYMOUS_NO_PROTEIN_CHANGE;NEGATIVE:COMPLETED:SENSITIVE:SYNONYMOUS_NO_PROTEIN_CHANGE
737,Bedaquiline,mtrB,c.354T>C,synonymous_variant,G4,S,4) Not assoc w R - Interim,snv,true,primary,S,matched_final,true,,2,COMPLETED,SYNONYMOUS_NO_PROTEIN_CHANGE,NEGATIVE:COMPLETED:SENSITIVE:SYNONYMOUS_NO_PROTEIN_CHANGE;NEGATIVE:COMPLETED:SENSITIVE:SYNONYMOUS_NO_PROTEIN_CHANGE
738,Bedaquiline,mtrB,c.363T>G,synonymous_variant,G4,S,4) Not assoc w R - Interim,snv,true,primary,S,matched_final,true,,2,COMPLETED,SYNONYMOUS_NO_PROTEIN_CHANGE,NEGATIVE:COMPLETED:SENSITIVE:SYNONYMOUS_NO_PROTEIN_CHANGE;NEGATIVE:COMPLETED:SENSITIVE:SYNONYMOUS_NO_PROTEIN_CHANGE
739,Bedaquiline,mtrB,c.369C>G,synonymous_variant,G4,S,4) Not assoc w R - Interim,snv,true,primary,S,matched_final,true,,2,COMPLETED,SYNONYMOUS_NO_PROTEIN_CHANGE,NEGATIVE:COMPLETED:SENSITIVE:SYNONYMOUS_NO_PROTEIN_CHANGE;NEGATIVE:COMPLETED:SENSITIVE:SYNONYMOUS_NO_PROTEIN_CHANGE
740,Bedaquiline,mtrB,c.390G>A,synonymous_variant,G4,S,4) Not assoc w R - Interim,snv,true,primary,S,matched_final,true,,2,COMPLETED,SYNONYMOUS_NO_PROTEIN_CHANGE,NEGATIVE:COMPLETED:SENSITIVE:SYNONYMOUS_NO_PROTEIN_CHANGE;NEGATIVE:COMPLETED:SENSITIVE:SYNONYMOUS_NO_PROTEIN_CHANGE
741,Bedaquiline,mtrB,c.405T>C,synonymous_variant,G4,S,4) Not assoc w R - Interim,snv,true,primary,S,matched_final,true,,2,COMPLETED,SYNONYMOUS_NO_PROTEIN_CHANGE,NEGATIVE:COMPLETED:SENSITIVE:SYNONYMOUS_NO_PROTEIN_CHANGE;NEGATIVE:COMPLETED:SENSITIVE:SYNONYMOUS_NO_PROTEIN_CHANGE
742,Bedaquiline,mtrB,c.408T>C,synonymous_variant,G4,S,4) Not assoc w R - Interim,snv,true,primary,S,matched_final,true,,2,COMPLETED,SYNONYMOUS_NO_PROTEIN_CHANGE,NEGATIVE:COMPLETED:SENSITIVE:SYNONYMOUS_NO_PROTEIN_CHANGE;NEGATIVE:COMPLETED:SENSITIVE:SYNONYMOUS_NO_PROTEIN_CHANGE
743,Bedaquiline,mtrB,c.420T>G,synonymous_variant,G4,S,4) Not assoc w R - Interim,snv,true,primary,S,matched_final,true,,2,COMPLETED,SYNONYMOUS_NO_PROTEIN_CHANGE,NEGATIVE:COMPLETED:SENSITIVE:SYNONYMOUS_NO_PROTEIN_CHANGE;NEGATIVE:COMPLETED:SENSITIVE:SYNONYMOUS_NO_PROTEIN_CHANGE
744,Bedaquiline,mtrB,c.-44G>C,upstream_gene_variant,G3,,3) Uncertain significance,regulatory,,primary,R,excluded,,excluded_uncertain_g3_or_unmapped_grade,6,COMPLETED|PENDING,MTRAB_DEREGULATION,NEGATIVE:COMPLETED:RESISTANT:MTRAB_DEREGULATION;NEGATIVE:PENDING::;NEGATIVE:COMPLETED:RESISTANT:MTRAB_DEREGULATION;+3_more
745,Bedaquiline,mtrB,c.450G>A,synonymous_variant,G4,S,4) Not assoc w R - Interim,snv,true,primary,S,matched_final,true,,2,COMPLETED,SYNONYMOUS_NO_PROTEIN_CHANGE,NEGATIVE:COMPLETED:SENSITIVE:SYNONYMOUS_NO_PROTEIN_CHANGE;NEGATIVE:COMPLETED:SENSITIVE:SYNONYMOUS_NO_PROTEIN_CHANGE
746,Bedaquiline,mtrB,c.453C>T,synonymous_variant,G4,S,4) Not assoc w R - Interim,snv,true,primary,S,matched_final,true,,2,COMPLETED,SYNONYMOUS_NO_PROTEIN_CHANGE,NEGATIVE:COMPLETED:SENSITIVE:SYNONYMOUS_NO_PROTEIN_CHANGE;NEGATIVE:COMPLETED:SENSITIVE:SYNONYMOUS_NO_PROTEIN_CHANGE
747,Bedaquiline,mtrB,c.45C>T,synonymous_variant,G4,S,4) Not assoc w R - Interim,snv,true,primary,S,matched_final,true,,2,COMPLETED,SYNONYMOUS_NO_PROTEIN_CHANGE,NEGATIVE:COMPLETED:SENSITIVE:SYNONYMOUS_NO_PROTEIN_CHANGE;NEGATIVE:COMPLETED:SENSITIVE:SYNONYMOUS_NO_PROTEIN_CHANGE
748,Bedaquiline,mtrB,c.489C>A,synonymous_variant,G4,S,4) Not assoc w R - Interim,snv,true,primary,S,matched_final,true,,2,COMPLETED,SYNONYMOUS_NO_PROTEIN_CHANGE,NEGATIVE:COMPLETED:SENSITIVE:SYNONYMOUS_NO_PROTEIN_CHANGE;NEGATIVE:COMPLETED:SENSITIVE:SYNONYMOUS_NO_PROTEIN_CHANGE
749,Bedaquiline,mtrB,c.492C>G,synonymous_variant,G4,S,4) Not assoc w R - Interim,snv,true,primary,S,matched_final,true,,2,COMPLETED,SYNONYMOUS_NO_PROTEIN_CHANGE,NEGATIVE:COMPLETED:SENSITIVE:SYNONYMOUS_NO_PROTEIN_CHANGE;NEGATIVE:COMPLETED:SENSITIVE:SYNONYMOUS_NO_PROTEIN_CHANGE
750,Bedaquiline,mtrB,c.516C>G,synonymous_variant,G4,S,4) Not assoc w R - Interim,snv,true,primary,S,matched_final,true,,2,COMPLETED,SYNONYMOUS_NO_PROTEIN_CHANGE,NEGATIVE:COMPLETED:SENSITIVE:SYNONYMOUS_NO_PROTEIN_CHANGE;NEGATIVE:COMPLETED:SENSITIVE:SYNONYMOUS_NO_PROTEIN_CHANGE
751,Bedaquiline,mtrB,c.51C>G,synonymous_variant,G4,S,4) Not assoc w R - Interim,snv,true,primary,S,matched_final,true,,2,COMPLETED,SYNONYMOUS_NO_PROTEIN_CHANGE,NEGATIVE:COMPLETED:SENSITIVE:SYNONYMOUS_NO_PROTEIN_CHANGE;NEGATIVE:COMPLETED:SENSITIVE:SYNONYMOUS_NO_PROTEIN_CHANGE
752,Bedaquiline,mtrB,c.534G>T,synonymous_variant,G4,S,4) Not assoc w R - Interim,snv,true,primary,S,matched_final,true,,2,COMPLETED,SYNONYMOUS_NO_PROTEIN_CHANGE,NEGATIVE:COMPLETED:SENSITIVE:SYNONYMOUS_NO_PROTEIN_CHANGE;NEGATIVE:COMPLETED:SENSITIVE:SYNONYMOUS_NO_PROTEIN_CHANGE
753,Bedaquiline,mtrB,c.573C>T,synonymous_variant,G4,S,4) Not assoc w R - Interim,snv,true,primary,S,matched_final,true,,2,COMPLETED,SYNONYMOUS_NO_PROTEIN_CHANGE,NEGATIVE:COMPLETED:SENSITIVE:SYNONYMOUS_NO_PROTEIN_CHANGE;NEGATIVE:COMPLETED:SENSITIVE:SYNONYMOUS_NO_PROTEIN_CHANGE
754,Bedaquiline,mtrB,c.589C>T,synonymous_variant,G4,S,4) Not assoc w R - Interim,snv,true,primary,S,matched_final,true,,2,COMPLETED,SYNONYMOUS_NO_PROTEIN_CHANGE,NEGATIVE:COMPLETED:SENSITIVE:SYNONYMOUS_NO_PROTEIN_CHANGE;NEGATIVE:COMPLETED:SENSITIVE:SYNONYMOUS_NO_PROTEIN_CHANGE
755,Bedaquiline,mtrB,c.-5C>T,upstream_gene_variant,G3,,3) Uncertain significance,regulatory,,primary,R,excluded,,excluded_uncertain_g3_or_unmapped_grade,6,COMPLETED|PENDING,MTRAB_DEREGULATION,NEGATIVE:COMPLETED:RESISTANT:MTRAB_DEREGULATION;NEGATIVE:PENDING::;NEGATIVE:COMPLETED:RESISTANT:MTRAB_DEREGULATION;+3_more
756,Bedaquiline,mtrB,c.603G>A,synonymous_variant,G4,S,4) Not assoc w R - Interim,snv,true,primary,S,matched_final,true,,2,COMPLETED,SYNONYMOUS_NO_PROTEIN_CHANGE,NEGATIVE:COMPLETED:SENSITIVE:SYNONYMOUS_NO_PROTEIN_CHANGE;NEGATIVE:COMPLETED:SENSITIVE:SYNONYMOUS_NO_PROTEIN_CHANGE
757,Bedaquiline,mtrB,c.606G>T,synonymous_variant,G4,S,4) Not assoc w R - Interim,snv,true,primary,S,matched_final,true,,2,COMPLETED,SYNONYMOUS_NO_PROTEIN_CHANGE,NEGATIVE:COMPLETED:SENSITIVE:SYNONYMOUS_NO_PROTEIN_CHANGE;NEGATIVE:COMPLETED:SENSITIVE:SYNONYMOUS_NO_PROTEIN_CHANGE
758,Bedaquiline,mtrB,c.61C>A,synonymous_variant,G4,S,4) Not assoc w R - Interim,snv,true,primary,S,matched_final,true,,2,COMPLETED,SYNONYMOUS_NO_PROTEIN_CHANGE,NEGATIVE:COMPLETED:SENSITIVE:SYNONYMOUS_NO_PROTEIN_CHANGE;NEGATIVE:COMPLETED:SENSITIVE:SYNONYMOUS_NO_PROTEIN_CHANGE
759,Bedaquiline,mtrB,c.667C>T,synonymous_variant,G4,S,4) Not assoc w R - Interim,snv,true,primary,S,matched_final,true,,2,COMPLETED,SYNONYMOUS_NO_PROTEIN_CHANGE,NEGATIVE:COMPLETED:SENSITIVE:SYNONYMOUS_NO_PROTEIN_CHANGE;NEGATIVE:COMPLETED:SENSITIVE:SYNONYMOUS_NO_PROTEIN_CHANGE
760,Bedaquiline,mtrB,c.66C>T,synonymous_variant,G4,S,4) Not assoc w R - Interim,snv,true,primary,S,matched_final,true,,2,COMPLETED,SYNONYMOUS_NO_PROTEIN_CHANGE,NEGATIVE:COMPLETED:SENSITIVE:SYNONYMOUS_NO_PROTEIN_CHANGE;NEGATIVE:COMPLETED:SENSITIVE:SYNONYMOUS_NO_PROTEIN_CHANGE
761,Bedaquiline,mtrB,c.673C>T,synonymous_variant,G4,S,4) Not assoc w R - Interim,snv,true,primary,S,matched_final,true,,2,COMPLETED,SYNONYMOUS_NO_PROTEIN_CHANGE,NEGATIVE:COMPLETED:SENSITIVE:SYNONYMOUS_NO_PROTEIN_CHANGE;NEGATIVE:COMPLETED:SENSITIVE:SYNONYMOUS_NO_PROTEIN_CHANGE
762,Bedaquiline,mtrB,c.684C>T,synonymous_variant,G4,S,4) Not assoc w R - Interim,snv,true,primary,S,matched_final,true,,2,COMPLETED,SYNONYMOUS_NO_PROTEIN_CHANGE,NEGATIVE:COMPLETED:SENSITIVE:SYNONYMOUS_NO_PROTEIN_CHANGE;NEGATIVE:COMPLETED:SENSITIVE:SYNONYMOUS_NO_PROTEIN_CHANGE
763,Bedaquiline,mtrB,c.693G>A,synonymous_variant,G4,S,4) Not assoc w R - Interim,snv,true,primary,S,matched_final,true,,2,COMPLETED,SYNONYMOUS_NO_PROTEIN_CHANGE,NEGATIVE:COMPLETED:SENSITIVE:SYNONYMOUS_NO_PROTEIN_CHANGE;NEGATIVE:COMPLETED:SENSITIVE:SYNONYMOUS_NO_PROTEIN_CHANGE
764,Bedaquiline,mtrB,c.69C>T,synonymous_variant,G4,S,4) Not assoc w R - Interim,snv,true,primary,S,matched_final,true,,2,COMPLETED,SYNONYMOUS_NO_PROTEIN_CHANGE,NEGATIVE:COMPLETED:SENSITIVE:SYNONYMOUS_NO_PROTEIN_CHANGE;NEGATIVE:COMPLETED:SENSITIVE:SYNONYMOUS_NO_PROTEIN_CHANGE
765,Bedaquiline,mtrB,c.75G>T,synonymous_variant,G4,S,4) Not assoc w R - Interim,snv,true,primary,S,matched_final,true,,2,COMPLETED,SYNONYMOUS_NO_PROTEIN_CHANGE,NEGATIVE:COMPLETED:SENSITIVE:SYNONYMOUS_NO_PROTEIN_CHANGE;NEGATIVE:COMPLETED:SENSITIVE:SYNONYMOUS_NO_PROTEIN_CHANGE
766,Bedaquiline,mtrB,c.78G>A,synonymous_variant,G4,S,4) Not assoc w R - Interim,snv,true,primary,S,matched_final,true,,2,COMPLETED,SYNONYMOUS_NO_PROTEIN_CHANGE,NEGATIVE:COMPLETED:SENSITIVE:SYNONYMOUS_NO_PROTEIN_CHANGE;NEGATIVE:COMPLETED:SENSITIVE:SYNONYMOUS_NO_PROTEIN_CHANGE
767,Bedaquiline,mtrB,c.801C>T,synonymous_variant,G4,S,4) Not assoc w R - Interim,snv,true,primary,S,matched_final,true,,2,COMPLETED,SYNONYMOUS_NO_PROTEIN_CHANGE,NEGATIVE:COMPLETED:SENSITIVE:SYNONYMOUS_NO_PROTEIN_CHANGE;NEGATIVE:COMPLETED:SENSITIVE:SYNONYMOUS_NO_PROTEIN_CHANGE
768,Bedaquiline,mtrB,c.813G>A,synonymous_variant,G4,S,4) Not assoc w R - Interim,snv,true,primary,S,matched_final,true,,2,COMPLETED,SYNONYMOUS_NO_PROTEIN_CHANGE,NEGATIVE:COMPLETED:SENSITIVE:SYNONYMOUS_NO_PROTEIN_CHANGE;NEGATIVE:COMPLETED:SENSITIVE:SYNONYMOUS_NO_PROTEIN_CHANGE
769,Bedaquiline,mtrB,c.90A>G,synonymous_variant,G4,S,4) Not assoc w R - Interim,snv,true,primary,S,matched_final,true,,2,COMPLETED,SYNONYMOUS_NO_PROTEIN_CHANGE,NEGATIVE:COMPLETED:SENSITIVE:SYNONYMOUS_NO_PROTEIN_CHANGE;NEGATIVE:COMPLETED:SENSITIVE:SYNONYMOUS_NO_PROTEIN_CHANGE
770,Bedaquiline,mtrB,c.954C>T,synonymous_variant,G4,S,4) Not assoc w R - Interim,snv,true,primary,S,matched_final,true,,2,COMPLETED,SYNONYMOUS_NO_PROTEIN_CHANGE,NEGATIVE:COMPLETED:SENSITIVE:SYNONYMOUS_NO_PROTEIN_CHANGE;NEGATIVE:COMPLETED:SENSITIVE:SYNONYMOUS_NO_PROTEIN_CHANGE
771,Bedaquiline,mtrB,c.958T>C,synonymous_variant,G4,S,4) Not assoc w R - Interim,snv,true,primary,S,matched_final,true,,2,COMPLETED,SYNONYMOUS_NO_PROTEIN_CHANGE,NEGATIVE:COMPLETED:SENSITIVE:SYNONYMOUS_NO_PROTEIN_CHANGE;NEGATIVE:COMPLETED:SENSITIVE:SYNONYMOUS_NO_PROTEIN_CHANGE
772,Bedaquiline,mtrB,c.978C>T,synonymous_variant,G4,S,4) Not assoc w R - Interim,snv,true,primary,S,matched_final,true,,2,COMPLETED,SYNONYMOUS_NO_PROTEIN_CHANGE,NEGATIVE:COMPLETED:SENSITIVE:SYNONYMOUS_NO_PROTEIN_CHANGE;NEGATIVE:COMPLETED:SENSITIVE:SYNONYMOUS_NO_PROTEIN_CHANGE
773,Bedaquiline,mtrB,LoF,LoF,G3,,3) Uncertain significance,generic_lof,,primary,,excluded,,excluded_uncertain_g3_or_unmapped_grade,0,,,
774,Bedaquiline,mtrB,p.Ala144Gly,missense_variant,G3,,3) Uncertain significance,protein_substitution,,primary,,excluded,,excluded_uncertain_g3_or_unmapped_grade,2,FAILED|PENDING,ANALYSIS_FAILED,NEGATIVE:FAILED:UNKNOWN:ANALYSIS_FAILED;NEGATIVE:PENDING::
775,Bedaquiline,mtrB,p.Ala227Ser,missense_variant,G3,,3) Uncertain significance,protein_substitution,,primary,,excluded,,excluded_uncertain_g3_or_unmapped_grade,2,FAILED|PENDING,ANALYSIS_FAILED,NEGATIVE:FAILED:UNKNOWN:ANALYSIS_FAILED;NEGATIVE:PENDING::
776,Bedaquiline,mtrB,p.Ala33Val,missense_variant,G3,,3) Uncertain significance,protein_substitution,,primary,,excluded,,excluded_uncertain_g3_or_unmapped_grade,2,FAILED|PENDING,,NEGATIVE:FAILED::;NEGATIVE:PENDING::
777,Bedaquiline,mtrB,p.Ala438Thr,missense_variant,G3,,3) Uncertain significance,protein_substitution,,primary,,excluded,,excluded_uncertain_g3_or_unmapped_grade,2,FAILED|PENDING,ANALYSIS_FAILED,NEGATIVE:FAILED:UNKNOWN:ANALYSIS_FAILED;NEGATIVE:PENDING::
778,Bedaquiline,mtrB,p.Arg263Gly,missense_variant,G3,,3) Uncertain significance,protein_substitution,,primary,R,excluded,,excluded_uncertain_g3_or_unmapped_grade,2,LOSS_OF_FUNCTION|PENDING,MTRAB_DEREGULATION,NEGATIVE:LOSS_OF_FUNCTION:RESISTANT:MTRAB_DEREGULATION;NEGATIVE:PENDING::
779,Bedaquiline,mtrB,p.Arg434Trp,missense_variant,G3,,3) Uncertain significance,protein_substitution,,primary,,excluded,,excluded_uncertain_g3_or_unmapped_grade,2,FAILED|PENDING,ANALYSIS_FAILED,NEGATIVE:FAILED:UNKNOWN:ANALYSIS_FAILED;NEGATIVE:PENDING::
780,Bedaquiline,mtrB,p.Arg477Trp,missense_variant,G3,,3) Uncertain significance,protein_substitution,,primary,R,excluded,,excluded_uncertain_g3_or_unmapped_grade,2,LOSS_OF_FUNCTION|PENDING,MTRAB_DEREGULATION,NEGATIVE:LOSS_OF_FUNCTION:RESISTANT:MTRAB_DEREGULATION;NEGATIVE:PENDING::
781,Bedaquiline,mtrB,p.Asn545fs,frameshift,G3,,3) Uncertain significance,frameshift,,primary,,excluded,,excluded_uncertain_g3_or_unmapped_grade,0,,,
782,Bedaquiline,mtrB,p.Asp136Gly,missense_variant,G3,,3) Uncertain significance,protein_substitution,,primary,,excluded,,excluded_uncertain_g3_or_unmapped_grade,2,FAILED|PENDING,,NEGATIVE:FAILED::;NEGATIVE:PENDING::
783,Bedaquiline,mtrB,p.Asp267Gly,missense_variant,G3,,3) Uncertain significance,protein_substitution,,primary,R,excluded,,excluded_uncertain_g3_or_unmapped_grade,2,LOSS_OF_FUNCTION|PENDING,MTRAB_DEREGULATION,NEGATIVE:LOSS_OF_FUNCTION:RESISTANT:MTRAB_DEREGULATION;NEGATIVE:PENDING::
784,Bedaquiline,mtrB,p.Glu204Asp,missense_variant,G3,,3) Uncertain significance,protein_substitution,,primary,,excluded,,excluded_uncertain_g3_or_unmapped_grade,4,FAILED|PENDING,ANALYSIS_FAILED,NEGATIVE:FAILED:UNKNOWN:ANALYSIS_FAILED;NEGATIVE:FAILED:UNKNOWN:ANALYSIS_FAILED;NEGATIVE:PENDING::;+1_more
785,Bedaquiline,mtrB,p.Glu389Asp,missense_variant,G3,,3) Uncertain significance,protein_substitution,,primary,,excluded,,excluded_uncertain_g3_or_unmapped_grade,4,FAILED|PENDING,,NEGATIVE:FAILED::;NEGATIVE:FAILED::;NEGATIVE:PENDING::;+1_more
786,Bedaquiline,mtrB,p.Glu429Gly,missense_variant,G3,,3) Uncertain significance,protein_substitution,,primary,R,excluded,,excluded_uncertain_g3_or_unmapped_grade,2,LOSS_OF_FUNCTION|PENDING,MTRAB_DEREGULATION,NEGATIVE:LOSS_OF_FUNCTION:RESISTANT:MTRAB_DEREGULATION;NEGATIVE:PENDING::
787,Bedaquiline,mtrB,p.Glu460Asp,missense_variant,G3,,3) Uncertain significance,protein_substitution,,primary,,excluded,,excluded_uncertain_g3_or_unmapped_grade,4,FAILED|PENDING,ANALYSIS_FAILED,NEGATIVE:FAILED:UNKNOWN:ANALYSIS_FAILED;NEGATIVE:FAILED:UNKNOWN:ANALYSIS_FAILED;NEGATIVE:PENDING::;+1_more
788,Bedaquiline,mtrB,p.Glu460Gly,missense_variant,G3,,3) Uncertain significance,protein_substitution,,primary,,excluded,,excluded_uncertain_g3_or_unmapped_grade,2,FAILED|PENDING,ANALYSIS_FAILED,NEGATIVE:FAILED:UNKNOWN:ANALYSIS_FAILED;NEGATIVE:PENDING::
789,Bedaquiline,mtrB,p.Glu95Gly,missense_variant,G3,,3) Uncertain significance,protein_substitution,,primary,,excluded,,excluded_uncertain_g3_or_unmapped_grade,2,FAILED|PENDING,,NEGATIVE:FAILED::;NEGATIVE:PENDING::
790,Bedaquiline,mtrB,p.Gly174Ala,missense_variant,G3,,3) Uncertain significance,protein_substitution,,primary,,excluded,,excluded_uncertain_g3_or_unmapped_grade,2,FAILED|PENDING,ANALYSIS_FAILED,NEGATIVE:FAILED:UNKNOWN:ANALYSIS_FAILED;NEGATIVE:PENDING::
791,Bedaquiline,mtrB,p.Gly385Cys,missense_variant,G3,,3) Uncertain significance,protein_substitution,,primary,,excluded,,excluded_uncertain_g3_or_unmapped_grade,2,FAILED|PENDING,ANALYSIS_FAILED,NEGATIVE:FAILED:UNKNOWN:ANALYSIS_FAILED;NEGATIVE:PENDING::
792,Bedaquiline,mtrB,p.Gly385Ser,missense_variant,G3,,3) Uncertain significance,protein_substitution,,primary,,excluded,,excluded_uncertain_g3_or_unmapped_grade,2,FAILED|PENDING,,NEGATIVE:FAILED::;NEGATIVE:PENDING::
793,Bedaquiline,mtrB,p.Gly392Val,missense_variant,G3,,3) Uncertain significance,protein_substitution,,primary,R,excluded,,excluded_uncertain_g3_or_unmapped_grade,2,LOSS_OF_FUNCTION|PENDING,MTRAB_DEREGULATION,NEGATIVE:LOSS_OF_FUNCTION:RESISTANT:MTRAB_DEREGULATION;NEGATIVE:PENDING::
794,Bedaquiline,mtrB,p.Gly506Asp,missense_variant,G3,,3) Uncertain significance,protein_substitution,,primary,,excluded,,excluded_uncertain_g3_or_unmapped_grade,2,FAILED|PENDING,ANALYSIS_FAILED,NEGATIVE:FAILED:UNKNOWN:ANALYSIS_FAILED;NEGATIVE:PENDING::
795,Bedaquiline,mtrB,p.Gly90Arg,missense_variant,G3,,3) Uncertain significance,protein_substitution,,primary,R,excluded,,excluded_uncertain_g3_or_unmapped_grade,4,FAILED|LOSS_OF_FUNCTION|PENDING,MTRAB_DEREGULATION,NEGATIVE:FAILED::;NEGATIVE:LOSS_OF_FUNCTION:RESISTANT:MTRAB_DEREGULATION;NEGATIVE:PENDING::;+1_more
796,Bedaquiline,mtrB,p.His255Asn,missense_variant,G3,,3) Uncertain significance,protein_substitution,,primary,,excluded,,excluded_uncertain_g3_or_unmapped_grade,2,FAILED|PENDING,ANALYSIS_FAILED,NEGATIVE:FAILED:UNKNOWN:ANALYSIS_FAILED;NEGATIVE:PENDING::
797,Bedaquiline,mtrB,p.His324Arg,missense_variant,G3,,3) Uncertain significance,protein_substitution,,primary,,excluded,,excluded_uncertain_g3_or_unmapped_grade,2,FAILED|PENDING,ANALYSIS_FAILED,NEGATIVE:FAILED:UNKNOWN:ANALYSIS_FAILED;NEGATIVE:PENDING::
798,Bedaquiline,mtrB,p.His386Pro,missense_variant,G3,,3) Uncertain significance,protein_substitution,,primary,,excluded,,excluded_uncertain_g3_or_unmapped_grade,2,FAILED|PENDING,ANALYSIS_FAILED,NEGATIVE:FAILED:UNKNOWN:ANALYSIS_FAILED;NEGATIVE:PENDING::
799,Bedaquiline,mtrB,p.Ile198Asn,missense_variant,G3,,3) Uncertain significance,protein_substitution,,primary,R,excluded,,excluded_uncertain_g3_or_unmapped_grade,2,LOSS_OF_FUNCTION|PENDING,MTRAB_DEREGULATION,NEGATIVE:LOSS_OF_FUNCTION:RESISTANT:MTRAB_DEREGULATION;NEGATIVE:PENDING::
800,Bedaquiline,mtrB,p.Ile393Met,missense_variant,G3,,3) Uncertain significance,protein_substitution,,primary,,excluded,,excluded_uncertain_g3_or_unmapped_grade,2,FAILED|PENDING,ANALYSIS_FAILED,NEGATIVE:FAILED:UNKNOWN:ANALYSIS_FAILED;NEGATIVE:PENDING::
801,Bedaquiline,mtrB,p.Ile78Val,missense_variant,G3,,3) Uncertain significance,protein_substitution,,primary,,excluded,,excluded_uncertain_g3_or_unmapped_grade,2,FAILED|PENDING,,NEGATIVE:FAILED::;NEGATIVE:PENDING::
802,Bedaquiline,mtrB,p.Leu26Val,missense_variant,G3,,3) Uncertain significance,protein_substitution,,primary,,excluded,,excluded_uncertain_g3_or_unmapped_grade,2,FAILED|PENDING,,NEGATIVE:FAILED::;NEGATIVE:PENDING::
803,Bedaquiline,mtrB,p.Leu396Val,missense_variant,G3,,3) Uncertain significance,protein_substitution,,primary,,excluded,,excluded_uncertain_g3_or_unmapped_grade,2,FAILED|PENDING,,NEGATIVE:FAILED::;NEGATIVE:PENDING::
804,Bedaquiline,mtrB,p.Leu47Ile,missense_variant,G3,,3) Uncertain significance,protein_substitution,,primary,,excluded,,excluded_uncertain_g3_or_unmapped_grade,2,FAILED|PENDING,,NEGATIVE:FAILED::;NEGATIVE:PENDING::
805,Bedaquiline,mtrB,p.Met517Leu,missense_variant,G3,,3) Uncertain significance,protein_substitution,,primary,,excluded,,excluded_uncertain_g3_or_unmapped_grade,4,FAILED|PENDING,,NEGATIVE:FAILED::;NEGATIVE:FAILED::;NEGATIVE:PENDING::;+1_more
806,Bedaquiline,mtrB,p.Met530Ile,missense_variant,G3,,3) Uncertain significance,protein_substitution,,primary,,excluded,,excluded_uncertain_g3_or_unmapped_grade,6,FAILED|PENDING,ANALYSIS_FAILED,NEGATIVE:FAILED:UNKNOWN:ANALYSIS_FAILED;NEGATIVE:FAILED::;NEGATIVE:FAILED:UNKNOWN:ANALYSIS_FAILED;+3_more
807,Bedaquiline,mtrB,p.Phe175Leu,missense_variant,G3,,3) Uncertain significance,protein_substitution,,primary,R,excluded,,excluded_uncertain_g3_or_unmapped_grade,6,FAILED|LOSS_OF_FUNCTION|PENDING,ANALYSIS_FAILED|MTRAB_DEREGULATION,NEGATIVE:LOSS_OF_FUNCTION:RESISTANT:MTRAB_DEREGULATION;NEGATIVE:FAILED:UNKNOWN:ANALYSIS_FAILED;NEGATIVE:FAILED::;+3_more
808,Bedaquiline,mtrB,p.Phe292Leu,missense_variant,G3,,3) Uncertain significance,protein_substitution,,primary,R,excluded,,excluded_uncertain_g3_or_unmapped_grade,6,LOSS_OF_FUNCTION|PENDING,MTRAB_DEREGULATION,NEGATIVE:LOSS_OF_FUNCTION:RESISTANT:MTRAB_DEREGULATION;NEGATIVE:LOSS_OF_FUNCTION:RESISTANT:MTRAB_DEREGULATION;NEGATIVE:LOSS_OF_FUNCTION:RESISTANT:MTRAB_DEREGULATION;+3_more
809,Bedaquiline,mtrB,p.Pro146Leu,missense_variant,G3,,3) Uncertain significance,protein_substitution,,primary,R,excluded,,excluded_uncertain_g3_or_unmapped_grade,2,LOSS_OF_FUNCTION|PENDING,MTRAB_DEREGULATION,NEGATIVE:LOSS_OF_FUNCTION:RESISTANT:MTRAB_DEREGULATION;NEGATIVE:PENDING::
810,Bedaquiline,mtrB,p.Pro151Arg,missense_variant,G3,,3) Uncertain significance,protein_substitution,,primary,R,excluded,,excluded_uncertain_g3_or_unmapped_grade,2,LOSS_OF_FUNCTION|PENDING,MTRAB_DEREGULATION,NEGATIVE:LOSS_OF_FUNCTION:RESISTANT:MTRAB_DEREGULATION;NEGATIVE:PENDING::
811,Bedaquiline,mtrB,p.Pro18Leu,missense_variant,G3,,3) Uncertain significance,protein_substitution,,primary,,excluded,,excluded_uncertain_g3_or_unmapped_grade,2,FAILED|PENDING,ANALYSIS_FAILED,NEGATIVE:FAILED:UNKNOWN:ANALYSIS_FAILED;NEGATIVE:PENDING::
812,Bedaquiline,mtrB,p.Pro18Ser,missense_variant,G3,,3) Uncertain significance,protein_substitution,,primary,,excluded,,excluded_uncertain_g3_or_unmapped_grade,2,FAILED|PENDING,ANALYSIS_FAILED,NEGATIVE:FAILED:UNKNOWN:ANALYSIS_FAILED;NEGATIVE:PENDING::
813,Bedaquiline,mtrB,p.Pro200Leu,missense_variant,G3,,3) Uncertain significance,protein_substitution,,primary,R,excluded,,excluded_uncertain_g3_or_unmapped_grade,2,LOSS_OF_FUNCTION|PENDING,MTRAB_DEREGULATION,NEGATIVE:LOSS_OF_FUNCTION:RESISTANT:MTRAB_DEREGULATION;NEGATIVE:PENDING::
814,Bedaquiline,mtrB,p.Pro529Leu,missense_variant,G3,,3) Uncertain significance,protein_substitution,,primary,R,excluded,,excluded_uncertain_g3_or_unmapped_grade,2,LOSS_OF_FUNCTION|PENDING,MTRAB_DEREGULATION,NEGATIVE:LOSS_OF_FUNCTION:RESISTANT:MTRAB_DEREGULATION;NEGATIVE:PENDING::
815,Bedaquiline,mtrB,p.Pro536Ser,missense_variant,G3,,3) Uncertain significance,protein_substitution,,primary,,excluded,,excluded_uncertain_g3_or_unmapped_grade,2,FAILED|PENDING,ANALYSIS_FAILED,NEGATIVE:FAILED:UNKNOWN:ANALYSIS_FAILED;NEGATIVE:PENDING::
816,Bedaquiline,mtrB,p.Pro548Leu,missense_variant,G3,,3) Uncertain significance,protein_substitution,,primary,,excluded,,excluded_uncertain_g3_or_unmapped_grade,2,FAILED|PENDING,,NEGATIVE:FAILED::;NEGATIVE:PENDING::
817,Bedaquiline,mtrB,p.Ser16Tyr,missense_variant,G3,,3) Uncertain significance,protein_substitution,,primary,R,excluded,,excluded_uncertain_g3_or_unmapped_grade,2,LOSS_OF_FUNCTION|PENDING,MTRAB_DEREGULATION,NEGATIVE:LOSS_OF_FUNCTION:RESISTANT:MTRAB_DEREGULATION;NEGATIVE:PENDING::
818,Bedaquiline,mtrB,p.Ser176Ala,missense_variant,G3,,3) Uncertain significance,protein_substitution,,primary,,excluded,,excluded_uncertain_g3_or_unmapped_grade,2,FAILED|PENDING,,NEGATIVE:FAILED::;NEGATIVE:PENDING::
819,Bedaquiline,mtrB,p.Ser176Phe,missense_variant,G3,,3) Uncertain significance,protein_substitution,,primary,,excluded,,excluded_uncertain_g3_or_unmapped_grade,2,FAILED|PENDING,ANALYSIS_FAILED,NEGATIVE:FAILED:UNKNOWN:ANALYSIS_FAILED;NEGATIVE:PENDING::
820,Bedaquiline,mtrB,p.Ser24Arg,missense_variant,G3,,3) Uncertain significance,protein_substitution,,primary,R,excluded,,excluded_uncertain_g3_or_unmapped_grade,6,LOSS_OF_FUNCTION|PENDING,MTRAB_DEREGULATION,NEGATIVE:LOSS_OF_FUNCTION:RESISTANT:MTRAB_DEREGULATION;NEGATIVE:LOSS_OF_FUNCTION:RESISTANT:MTRAB_DEREGULATION;NEGATIVE:LOSS_OF_FUNCTION:RESISTANT:MTRAB_DEREGULATION;+3_more
821,Bedaquiline,mtrB,p.Ser257Pro,missense_variant,G3,,3) Uncertain significance,protein_substitution,,primary,R,excluded,,excluded_uncertain_g3_or_unmapped_grade,2,COMPLETED|PENDING,MTRAB_DEREGULATION,NEGATIVE:COMPLETED:RESISTANT:MTRAB_DEREGULATION;NEGATIVE:PENDING::
822,Bedaquiline,mtrB,p.Ser283Tyr,missense_variant,G3,,3) Uncertain significance,protein_substitution,,primary,,excluded,,excluded_uncertain_g3_or_unmapped_grade,2,FAILED|PENDING,ANALYSIS_FAILED,NEGATIVE:FAILED:UNKNOWN:ANALYSIS_FAILED;NEGATIVE:PENDING::
823,Bedaquiline,mtrB,p.Ser478Phe,missense_variant,G3,,3) Uncertain significance,protein_substitution,,primary,,excluded,,excluded_uncertain_g3_or_unmapped_grade,2,FAILED|PENDING,ANALYSIS_FAILED,NEGATIVE:FAILED:UNKNOWN:ANALYSIS_FAILED;NEGATIVE:PENDING::
824,Bedaquiline,mtrB,p.Ser566Arg,missense_variant,G3,,3) Uncertain significance,protein_substitution,,primary,,excluded,,excluded_uncertain_g3_or_unmapped_grade,6,FAILED|PENDING,,NEGATIVE:FAILED::;NEGATIVE:FAILED::;NEGATIVE:FAILED::;+3_more
825,Bedaquiline,mtrB,p.Thr169Ala,missense_variant,G3,,3) Uncertain significance,protein_substitution,,primary,,excluded,,excluded_uncertain_g3_or_unmapped_grade,2,FAILED|PENDING,,NEGATIVE:FAILED::;NEGATIVE:PENDING::
826,Bedaquiline,mtrB,p.Thr336Ala,missense_variant,G3,,3) Uncertain significance,protein_substitution,,primary,,excluded,,excluded_uncertain_g3_or_unmapped_grade,2,FAILED|PENDING,,NEGATIVE:FAILED::;NEGATIVE:PENDING::
827,Bedaquiline,mtrB,p.Thr66Ile,missense_variant,G3,,3) Uncertain significance,protein_substitution,,primary,R,excluded,,excluded_uncertain_g3_or_unmapped_grade,2,LOSS_OF_FUNCTION|PENDING,MTRAB_DEREGULATION,NEGATIVE:LOSS_OF_FUNCTION:RESISTANT:MTRAB_DEREGULATION;NEGATIVE:PENDING::
828,Bedaquiline,mtrB,p.Tyr165Cys,missense_variant,G3,,3) Uncertain significance,protein_substitution,,primary,R,excluded,,excluded_uncertain_g3_or_unmapped_grade,2,LOSS_OF_FUNCTION|PENDING,MTRAB_DEREGULATION,NEGATIVE:LOSS_OF_FUNCTION:RESISTANT:MTRAB_DEREGULATION;NEGATIVE:PENDING::
829,Bedaquiline,mtrB,p.Val170Leu,missense_variant,G3,,3) Uncertain significance,protein_substitution,,primary,,excluded,,excluded_uncertain_g3_or_unmapped_grade,4,FAILED|PENDING,,NEGATIVE:FAILED::;NEGATIVE:FAILED::;NEGATIVE:PENDING::;+1_more
830,Bedaquiline,mtrB,p.Val237Ala,missense_variant,G3,,3) Uncertain significance,protein_substitution,,primary,R,excluded,,excluded_uncertain_g3_or_unmapped_grade,2,LOSS_OF_FUNCTION|PENDING,MTRAB_DEREGULATION,NEGATIVE:LOSS_OF_FUNCTION:RESISTANT:MTRAB_DEREGULATION;NEGATIVE:PENDING::
831,Bedaquiline,mtrB,p.Val237Leu,missense_variant,G3,,3) Uncertain significance,protein_substitution,,primary,,excluded,,excluded_uncertain_g3_or_unmapped_grade,4,FAILED|PENDING,ANALYSIS_FAILED,NEGATIVE:FAILED:UNKNOWN:ANALYSIS_FAILED;NEGATIVE:FAILED:UNKNOWN:ANALYSIS_FAILED;NEGATIVE:PENDING::;+1_more
832,Bedaquiline,mtrB,p.Val273Met,missense_variant,G3,,3) Uncertain significance,protein_substitution,,primary,,excluded,,excluded_uncertain_g3_or_unmapped_grade,2,FAILED|PENDING,,NEGATIVE:FAILED::;NEGATIVE:PENDING::
833,Bedaquiline,mtrB,p.Val30Ile,missense_variant,G3,,3) Uncertain significance,protein_substitution,,primary,,excluded,,excluded_uncertain_g3_or_unmapped_grade,2,FAILED|PENDING,ANALYSIS_FAILED,NEGATIVE:FAILED:UNKNOWN:ANALYSIS_FAILED;NEGATIVE:PENDING::
834,Bedaquiline,mtrB,p.Val377Ile,missense_variant,G3,,3) Uncertain significance,protein_substitution,,primary,,excluded,,excluded_uncertain_g3_or_unmapped_grade,2,FAILED|PENDING,,NEGATIVE:FAILED::;NEGATIVE:PENDING::
835,Bedaquiline,mtrB,p.Val404Ala,missense_variant,G3,,3) Uncertain significance,protein_substitution,,primary,,excluded,,excluded_uncertain_g3_or_unmapped_grade,2,FAILED|PENDING,ANALYSIS_FAILED,NEGATIVE:FAILED:UNKNOWN:ANALYSIS_FAILED;NEGATIVE:PENDING::
836,Bedaquiline,mtrB,p.Val88Ala,missense_variant,G3,,3) Uncertain significance,protein_substitution,,primary,,excluded,,excluded_uncertain_g3_or_unmapped_grade,2,FAILED|PENDING,ANALYSIS_FAILED,NEGATIVE:FAILED:UNKNOWN:ANALYSIS_FAILED;NEGATIVE:PENDING::
837,Bedaquiline,pepQ,c.1029A>C,synonymous_variant,G4,S,4) Not assoc w R - Interim,snv,true,primary,S,matched_final,true,,2,COMPLETED,SYNONYMOUS_NO_PROTEIN_CHANGE,NEGATIVE:COMPLETED:SENSITIVE:SYNONYMOUS_NO_PROTEIN_CHANGE;NEGATIVE:COMPLETED:SENSITIVE:SYNONYMOUS_NO_PROTEIN_CHANGE
838,Bedaquiline,pepQ,c.105C>A,synonymous_variant,G4,S,4) Not assoc w R - Interim,snv,true,primary,S,matched_final,true,,2,COMPLETED,SYNONYMOUS_NO_PROTEIN_CHANGE,NEGATIVE:COMPLETED:SENSITIVE:SYNONYMOUS_NO_PROTEIN_CHANGE;NEGATIVE:COMPLETED:SENSITIVE:SYNONYMOUS_NO_PROTEIN_CHANGE
839,Bedaquiline,pepQ,c.1107G>C,synonymous_variant,G4,S,4) Not assoc w R - Interim,snv,true,primary,S,matched_final,true,,2,COMPLETED,SYNONYMOUS_NO_PROTEIN_CHANGE,NEGATIVE:COMPLETED:SENSITIVE:SYNONYMOUS_NO_PROTEIN_CHANGE;NEGATIVE:COMPLETED:SENSITIVE:SYNONYMOUS_NO_PROTEIN_CHANGE
840,Bedaquiline,pepQ,c.120C>T,synonymous_variant,G4,S,4) Not assoc w R - Interim,snv,true,primary,S,matched_final,true,,2,COMPLETED,SYNONYMOUS_NO_PROTEIN_CHANGE,NEGATIVE:COMPLETED:SENSITIVE:SYNONYMOUS_NO_PROTEIN_CHANGE;NEGATIVE:COMPLETED:SENSITIVE:SYNONYMOUS_NO_PROTEIN_CHANGE
841,Bedaquiline,pepQ,c.132G>A,synonymous_variant,G4,S,4) Not assoc w R - Interim,snv,true,primary,S,matched_final,true,,2,COMPLETED,SYNONYMOUS_NO_PROTEIN_CHANGE,NEGATIVE:COMPLETED:SENSITIVE:SYNONYMOUS_NO_PROTEIN_CHANGE;NEGATIVE:COMPLETED:SENSITIVE:SYNONYMOUS_NO_PROTEIN_CHANGE
842,Bedaquiline,pepQ,c.144T>C,synonymous_variant,G4,S,4) Not assoc w R - Interim,snv,true,primary,S,matched_final,true,,2,COMPLETED,SYNONYMOUS_NO_PROTEIN_CHANGE,NEGATIVE:COMPLETED:SENSITIVE:SYNONYMOUS_NO_PROTEIN_CHANGE;NEGATIVE:COMPLETED:SENSITIVE:SYNONYMOUS_NO_PROTEIN_CHANGE
843,Bedaquiline,pepQ,c.153T>C,synonymous_variant,G4,S,4) Not assoc w R - Interim,snv,true,primary,S,matched_final,true,,2,COMPLETED,SYNONYMOUS_NO_PROTEIN_CHANGE,NEGATIVE:COMPLETED:SENSITIVE:SYNONYMOUS_NO_PROTEIN_CHANGE;NEGATIVE:COMPLETED:SENSITIVE:SYNONYMOUS_NO_PROTEIN_CHANGE
844,Bedaquiline,pepQ,c.165C>T,synonymous_variant,G4,S,4) Not assoc w R - Interim,snv,true,primary,S,matched_final,true,,2,COMPLETED,SYNONYMOUS_NO_PROTEIN_CHANGE,NEGATIVE:COMPLETED:SENSITIVE:SYNONYMOUS_NO_PROTEIN_CHANGE;NEGATIVE:COMPLETED:SENSITIVE:SYNONYMOUS_NO_PROTEIN_CHANGE
845,Bedaquiline,pepQ,c.-17G>T,upstream_gene_variant,G3,,3) Uncertain significance,regulatory,,primary,S,excluded,,excluded_uncertain_g3_or_unmapped_grade,4,COMPLETED|PENDING,REGULATORY_SCENARIO_UNSUPPORTED,NEGATIVE:COMPLETED:UNKNOWN:REGULATORY_SCENARIO_UNSUPPORTED;NEGATIVE:PENDING::;NEGATIVE:COMPLETED:UNKNOWN:REGULATORY_SCENARIO_UNSUPPORTED;+1_more
846,Bedaquiline,pepQ,c.189G>A,synonymous_variant,G4,S,4) Not assoc w R - Interim,snv,true,primary,S,matched_final,true,,2,COMPLETED,SYNONYMOUS_NO_PROTEIN_CHANGE,NEGATIVE:COMPLETED:SENSITIVE:SYNONYMOUS_NO_PROTEIN_CHANGE;NEGATIVE:COMPLETED:SENSITIVE:SYNONYMOUS_NO_PROTEIN_CHANGE
847,Bedaquiline,pepQ,c.-18C>T,upstream_gene_variant,G3,,3) Uncertain significance,regulatory,,primary,S,excluded,,excluded_uncertain_g3_or_unmapped_grade,4,COMPLETED|PENDING,REGULATORY_SCENARIO_UNSUPPORTED,NEGATIVE:COMPLETED:UNKNOWN:REGULATORY_SCENARIO_UNSUPPORTED;NEGATIVE:PENDING::;NEGATIVE:COMPLETED:UNKNOWN:REGULATORY_SCENARIO_UNSUPPORTED;+1_more
848,Bedaquiline,pepQ,c.198G>A,synonymous_variant,G4,S,4) Not assoc w R - Interim,snv,true,primary,S,matched_final,true,,2,COMPLETED,SYNONYMOUS_NO_PROTEIN_CHANGE,NEGATIVE:COMPLETED:SENSITIVE:SYNONYMOUS_NO_PROTEIN_CHANGE;NEGATIVE:COMPLETED:SENSITIVE:SYNONYMOUS_NO_PROTEIN_CHANGE
849,Bedaquiline,pepQ,c.1G>A,initiator_codon_variant,G4,S,4) Not assoc w R - Interim,snv,true,primary,S,matched_final,true,,2,COMPLETED|PENDING,NEGATIVE_FUNCTION_RETAINED,NEGATIVE:COMPLETED:SENSITIVE:NEGATIVE_FUNCTION_RETAINED;NEGATIVE:PENDING::
850,Bedaquiline,pepQ,c.21A>C,synonymous_variant,G4,S,4) Not assoc w R - Interim,snv,true,primary,S,matched_final,true,,2,COMPLETED,SYNONYMOUS_NO_PROTEIN_CHANGE,NEGATIVE:COMPLETED:SENSITIVE:SYNONYMOUS_NO_PROTEIN_CHANGE;NEGATIVE:COMPLETED:SENSITIVE:SYNONYMOUS_NO_PROTEIN_CHANGE
851,Bedaquiline,pepQ,c.240G>A,synonymous_variant,G4,S,4) Not assoc w R - Interim,snv,true,primary,S,matched_final,true,,2,COMPLETED,SYNONYMOUS_NO_PROTEIN_CHANGE,NEGATIVE:COMPLETED:SENSITIVE:SYNONYMOUS_NO_PROTEIN_CHANGE;NEGATIVE:COMPLETED:SENSITIVE:SYNONYMOUS_NO_PROTEIN_CHANGE
852,Bedaquiline,pepQ,c.261C>G,synonymous_variant,G4,S,4) Not assoc w R - Interim,snv,true,primary,S,matched_final,true,,2,COMPLETED,SYNONYMOUS_NO_PROTEIN_CHANGE,NEGATIVE:COMPLETED:SENSITIVE:SYNONYMOUS_NO_PROTEIN_CHANGE;NEGATIVE:COMPLETED:SENSITIVE:SYNONYMOUS_NO_PROTEIN_CHANGE
853,Bedaquiline,pepQ,c.318C>T,synonymous_variant,G4,S,4) Not assoc w R - Interim,snv,true,primary,S,matched_final,true,,2,COMPLETED,SYNONYMOUS_NO_PROTEIN_CHANGE,NEGATIVE:COMPLETED:SENSITIVE:SYNONYMOUS_NO_PROTEIN_CHANGE;NEGATIVE:COMPLETED:SENSITIVE:SYNONYMOUS_NO_PROTEIN_CHANGE
854,Bedaquiline,pepQ,c.339G>A,synonymous_variant,G4,S,4) Not assoc w R - Interim,snv,true,primary,S,matched_final,true,,2,COMPLETED,SYNONYMOUS_NO_PROTEIN_CHANGE,NEGATIVE:COMPLETED:SENSITIVE:SYNONYMOUS_NO_PROTEIN_CHANGE;NEGATIVE:COMPLETED:SENSITIVE:SYNONYMOUS_NO_PROTEIN_CHANGE
855,Bedaquiline,pepQ,c.372A>G,synonymous_variant,G4,S,4) Not assoc w R - Interim,snv,true,primary,S,matched_final,true,,2,COMPLETED,SYNONYMOUS_NO_PROTEIN_CHANGE,NEGATIVE:COMPLETED:SENSITIVE:SYNONYMOUS_NO_PROTEIN_CHANGE;NEGATIVE:COMPLETED:SENSITIVE:SYNONYMOUS_NO_PROTEIN_CHANGE
856,Bedaquiline,pepQ,c.381T>C,synonymous_variant,G4,S,4) Not assoc w R - Interim,snv,true,primary,S,matched_final,true,,2,COMPLETED,SYNONYMOUS_NO_PROTEIN_CHANGE,NEGATIVE:COMPLETED:SENSITIVE:SYNONYMOUS_NO_PROTEIN_CHANGE;NEGATIVE:COMPLETED:SENSITIVE:SYNONYMOUS_NO_PROTEIN_CHANGE
857,Bedaquiline,pepQ,c.402T>C,synonymous_variant,G4,S,4) Not assoc w R - Interim,snv,true,primary,S,matched_final,true,,2,COMPLETED,SYNONYMOUS_NO_PROTEIN_CHANGE,NEGATIVE:COMPLETED:SENSITIVE:SYNONYMOUS_NO_PROTEIN_CHANGE;NEGATIVE:COMPLETED:SENSITIVE:SYNONYMOUS_NO_PROTEIN_CHANGE
858,Bedaquiline,pepQ,c.411C>T,synonymous_variant,G4,S,4) Not assoc w R - Interim,snv,true,primary,S,matched_final,true,,2,COMPLETED,SYNONYMOUS_NO_PROTEIN_CHANGE,NEGATIVE:COMPLETED:SENSITIVE:SYNONYMOUS_NO_PROTEIN_CHANGE;NEGATIVE:COMPLETED:SENSITIVE:SYNONYMOUS_NO_PROTEIN_CHANGE
859,Bedaquiline,pepQ,c.460C>T,synonymous_variant,G4,S,4) Not assoc w R - Interim,snv,true,primary,S,matched_final,true,,2,COMPLETED,SYNONYMOUS_NO_PROTEIN_CHANGE,NEGATIVE:COMPLETED:SENSITIVE:SYNONYMOUS_NO_PROTEIN_CHANGE;NEGATIVE:COMPLETED:SENSITIVE:SYNONYMOUS_NO_PROTEIN_CHANGE
860,Bedaquiline,pepQ,c.483C>T,synonymous_variant,G4,S,4) Not assoc w R - Interim,snv,true,primary,S,matched_final,true,,2,COMPLETED,SYNONYMOUS_NO_PROTEIN_CHANGE,NEGATIVE:COMPLETED:SENSITIVE:SYNONYMOUS_NO_PROTEIN_CHANGE;NEGATIVE:COMPLETED:SENSITIVE:SYNONYMOUS_NO_PROTEIN_CHANGE
861,Bedaquiline,pepQ,c.516G>A,synonymous_variant,G4,S,4) Not assoc w R - Interim,snv,true,primary,S,matched_final,true,,2,COMPLETED,SYNONYMOUS_NO_PROTEIN_CHANGE,NEGATIVE:COMPLETED:SENSITIVE:SYNONYMOUS_NO_PROTEIN_CHANGE;NEGATIVE:COMPLETED:SENSITIVE:SYNONYMOUS_NO_PROTEIN_CHANGE
862,Bedaquiline,pepQ,c.54G>T,synonymous_variant,G4,S,4) Not assoc w R - Interim,snv,true,primary,S,matched_final,true,,2,COMPLETED,SYNONYMOUS_NO_PROTEIN_CHANGE,NEGATIVE:COMPLETED:SENSITIVE:SYNONYMOUS_NO_PROTEIN_CHANGE;NEGATIVE:COMPLETED:SENSITIVE:SYNONYMOUS_NO_PROTEIN_CHANGE
863,Bedaquiline,pepQ,c.555T>G,synonymous_variant,G4,S,4) Not assoc w R - Interim,snv,true,primary,S,matched_final,true,,2,COMPLETED,SYNONYMOUS_NO_PROTEIN_CHANGE,NEGATIVE:COMPLETED:SENSITIVE:SYNONYMOUS_NO_PROTEIN_CHANGE;NEGATIVE:COMPLETED:SENSITIVE:SYNONYMOUS_NO_PROTEIN_CHANGE
864,Bedaquiline,pepQ,c.558C>T,synonymous_variant,G4,S,4) Not assoc w R - Interim,snv,true,primary,S,matched_final,true,,2,COMPLETED,SYNONYMOUS_NO_PROTEIN_CHANGE,NEGATIVE:COMPLETED:SENSITIVE:SYNONYMOUS_NO_PROTEIN_CHANGE;NEGATIVE:COMPLETED:SENSITIVE:SYNONYMOUS_NO_PROTEIN_CHANGE
865,Bedaquiline,pepQ,c.585T>C,synonymous_variant,G4,S,4) Not assoc w R - Interim,snv,true,primary,S,matched_final,true,,2,COMPLETED,SYNONYMOUS_NO_PROTEIN_CHANGE,NEGATIVE:COMPLETED:SENSITIVE:SYNONYMOUS_NO_PROTEIN_CHANGE;NEGATIVE:COMPLETED:SENSITIVE:SYNONYMOUS_NO_PROTEIN_CHANGE
866,Bedaquiline,pepQ,c.-5G>A,upstream_gene_variant,G3,,3) Uncertain significance,regulatory,,primary,S,excluded,,excluded_uncertain_g3_or_unmapped_grade,4,COMPLETED|PENDING,REGULATORY_SCENARIO_UNSUPPORTED,NEGATIVE:COMPLETED:UNKNOWN:REGULATORY_SCENARIO_UNSUPPORTED;NEGATIVE:PENDING::;NEGATIVE:COMPLETED:UNKNOWN:REGULATORY_SCENARIO_UNSUPPORTED;+1_more
867,Bedaquiline,pepQ,c.693C>T,synonymous_variant,G4,S,4) Not assoc w R - Interim,snv,true,primary,S,matched_final,true,,2,COMPLETED,SYNONYMOUS_NO_PROTEIN_CHANGE,NEGATIVE:COMPLETED:SENSITIVE:SYNONYMOUS_NO_PROTEIN_CHANGE;NEGATIVE:COMPLETED:SENSITIVE:SYNONYMOUS_NO_PROTEIN_CHANGE
868,Bedaquiline,pepQ,c.72C>T,synonymous_variant,G4,S,4) Not assoc w R - Interim,snv,true,primary,S,matched_final,true,,2,COMPLETED,SYNONYMOUS_NO_PROTEIN_CHANGE,NEGATIVE:COMPLETED:SENSITIVE:SYNONYMOUS_NO_PROTEIN_CHANGE;NEGATIVE:COMPLETED:SENSITIVE:SYNONYMOUS_NO_PROTEIN_CHANGE
869,Bedaquiline,pepQ,c.756G>T,synonymous_variant,G4,S,4) Not assoc w R - Interim,snv,true,primary,S,matched_final,true,,2,COMPLETED,SYNONYMOUS_NO_PROTEIN_CHANGE,NEGATIVE:COMPLETED:SENSITIVE:SYNONYMOUS_NO_PROTEIN_CHANGE;NEGATIVE:COMPLETED:SENSITIVE:SYNONYMOUS_NO_PROTEIN_CHANGE
870,Bedaquiline,pepQ,c.768G>A,synonymous_variant,G4,S,4) Not assoc w R - Interim,snv,true,primary,S,matched_final,true,,2,COMPLETED,SYNONYMOUS_NO_PROTEIN_CHANGE,NEGATIVE:COMPLETED:SENSITIVE:SYNONYMOUS_NO_PROTEIN_CHANGE;NEGATIVE:COMPLETED:SENSITIVE:SYNONYMOUS_NO_PROTEIN_CHANGE
871,Bedaquiline,pepQ,c.774G>A,synonymous_variant,G4,S,4) Not assoc w R - Interim,snv,true,primary,S,matched_final,true,,2,COMPLETED,SYNONYMOUS_NO_PROTEIN_CHANGE,NEGATIVE:COMPLETED:SENSITIVE:SYNONYMOUS_NO_PROTEIN_CHANGE;NEGATIVE:COMPLETED:SENSITIVE:SYNONYMOUS_NO_PROTEIN_CHANGE
872,Bedaquiline,pepQ,c.795G>A,synonymous_variant,G4,S,4) Not assoc w R - Interim,snv,true,primary,S,matched_final,true,,2,COMPLETED,SYNONYMOUS_NO_PROTEIN_CHANGE,NEGATIVE:COMPLETED:SENSITIVE:SYNONYMOUS_NO_PROTEIN_CHANGE;NEGATIVE:COMPLETED:SENSITIVE:SYNONYMOUS_NO_PROTEIN_CHANGE
873,Bedaquiline,pepQ,c.804C>G,synonymous_variant,G4,S,4) Not assoc w R - Interim,snv,true,primary,S,matched_final,true,,2,COMPLETED,SYNONYMOUS_NO_PROTEIN_CHANGE,NEGATIVE:COMPLETED:SENSITIVE:SYNONYMOUS_NO_PROTEIN_CHANGE;NEGATIVE:COMPLETED:SENSITIVE:SYNONYMOUS_NO_PROTEIN_CHANGE
874,Bedaquiline,pepQ,c.873T>G,synonymous_variant,G4,S,4) Not assoc w R - Interim,snv,true,primary,S,matched_final,true,,2,COMPLETED,SYNONYMOUS_NO_PROTEIN_CHANGE,NEGATIVE:COMPLETED:SENSITIVE:SYNONYMOUS_NO_PROTEIN_CHANGE;NEGATIVE:COMPLETED:SENSITIVE:SYNONYMOUS_NO_PROTEIN_CHANGE
875,Bedaquiline,pepQ,c.876C>T,synonymous_variant,G4,S,4) Not assoc w R - Interim,snv,true,primary,S,matched_final,true,,2,COMPLETED,SYNONYMOUS_NO_PROTEIN_CHANGE,NEGATIVE:COMPLETED:SENSITIVE:SYNONYMOUS_NO_PROTEIN_CHANGE;NEGATIVE:COMPLETED:SENSITIVE:SYNONYMOUS_NO_PROTEIN_CHANGE
876,Bedaquiline,pepQ,c.879A>G,synonymous_variant,G4,S,4) Not assoc w R - Interim,snv,true,primary,S,matched_final,true,,2,COMPLETED,SYNONYMOUS_NO_PROTEIN_CHANGE,NEGATIVE:COMPLETED:SENSITIVE:SYNONYMOUS_NO_PROTEIN_CHANGE;NEGATIVE:COMPLETED:SENSITIVE:SYNONYMOUS_NO_PROTEIN_CHANGE
877,Bedaquiline,pepQ,c.99A>G,synonymous_variant,G4,S,4) Not assoc w R - Interim,snv,true,primary,S,matched_final,true,,2,COMPLETED,SYNONYMOUS_NO_PROTEIN_CHANGE,NEGATIVE:COMPLETED:SENSITIVE:SYNONYMOUS_NO_PROTEIN_CHANGE;NEGATIVE:COMPLETED:SENSITIVE:SYNONYMOUS_NO_PROTEIN_CHANGE
878,Bedaquiline,pepQ,LoF,LoF,G2,R,2) Assoc w R - Interim,generic_lof,false,primary,,unmatched,false,generic_lof_category,0,,,
879,Bedaquiline,pepQ,p.Ala124Val,missense_variant,G3,,3) Uncertain significance,protein_substitution,,primary,,excluded,,excluded_uncertain_g3_or_unmapped_grade,2,FAILED|PENDING,,NEGATIVE:FAILED::;NEGATIVE:PENDING::
880,Bedaquiline,pepQ,p.Ala137Ser,missense_variant,G3,,3) Uncertain significance,protein_substitution,,primary,,excluded,,excluded_uncertain_g3_or_unmapped_grade,2,FAILED|PENDING,,NEGATIVE:FAILED::;NEGATIVE:PENDING::
881,Bedaquiline,pepQ,p.Ala141Glu,missense_variant,G3,,3) Uncertain significance,protein_substitution,,primary,,excluded,,excluded_uncertain_g3_or_unmapped_grade,2,FAILED|PENDING,,NEGATIVE:FAILED::;NEGATIVE:PENDING::
882,Bedaquiline,pepQ,p.Ala153Gly,missense_variant,G3,,3) Uncertain significance,protein_substitution,,primary,R,excluded,,excluded_uncertain_g3_or_unmapped_grade,2,LOSS_OF_FUNCTION|PENDING,NEGATIVE_LOF_REVIEWED,NEGATIVE:LOSS_OF_FUNCTION:RESISTANT:NEGATIVE_LOF_REVIEWED;NEGATIVE:PENDING::
883,Bedaquiline,pepQ,p.Ala16Gly,missense_variant,G3,,3) Uncertain significance,protein_substitution,,primary,,excluded,,excluded_uncertain_g3_or_unmapped_grade,2,FAILED|PENDING,,NEGATIVE:FAILED::;NEGATIVE:PENDING::
884,Bedaquiline,pepQ,p.Ala187Glu,missense_variant,G3,,3) Uncertain significance,protein_substitution,,primary,,excluded,,excluded_uncertain_g3_or_unmapped_grade,2,FAILED|PENDING,,NEGATIVE:FAILED::;NEGATIVE:PENDING::
885,Bedaquiline,pepQ,p.Ala227Asp,missense_variant,G3,,3) Uncertain significance,protein_substitution,,primary,,excluded,,excluded_uncertain_g3_or_unmapped_grade,2,FAILED|PENDING,,NEGATIVE:FAILED::;NEGATIVE:PENDING::
886,Bedaquiline,pepQ,p.Ala242Thr,missense_variant,G3,,3) Uncertain significance,protein_substitution,,primary,,excluded,,excluded_uncertain_g3_or_unmapped_grade,2,FAILED|PENDING,ANALYSIS_FAILED,NEGATIVE:FAILED:UNKNOWN:ANALYSIS_FAILED;NEGATIVE:PENDING::
887,Bedaquiline,pepQ,p.Ala263Val,missense_variant,G3,,3) Uncertain significance,protein_substitution,,primary,,excluded,,excluded_uncertain_g3_or_unmapped_grade,2,FAILED|PENDING,ANALYSIS_FAILED,NEGATIVE:FAILED:UNKNOWN:ANALYSIS_FAILED;NEGATIVE:PENDING::
888,Bedaquiline,pepQ,p.Ala275Ser,missense_variant,G3,,3) Uncertain significance,protein_substitution,,primary,,excluded,,excluded_uncertain_g3_or_unmapped_grade,2,FAILED|PENDING,,NEGATIVE:FAILED::;NEGATIVE:PENDING::
889,Bedaquiline,pepQ,p.Ala305Val,missense_variant,G3,,3) Uncertain significance,protein_substitution,,primary,,excluded,,excluded_uncertain_g3_or_unmapped_grade,2,FAILED|PENDING,ANALYSIS_FAILED,NEGATIVE:FAILED:UNKNOWN:ANALYSIS_FAILED;NEGATIVE:PENDING::
890,Bedaquiline,pepQ,p.Ala370Val,missense_variant,G3,,3) Uncertain significance,protein_substitution,,primary,,excluded,,excluded_uncertain_g3_or_unmapped_grade,2,FAILED|PENDING,,NEGATIVE:FAILED::;NEGATIVE:PENDING::
891,Bedaquiline,pepQ,p.Arg170Trp,missense_variant,G3,,3) Uncertain significance,protein_substitution,,primary,R,excluded,,excluded_uncertain_g3_or_unmapped_grade,2,LOSS_OF_FUNCTION|PENDING,NEGATIVE_LOF_REVIEWED,NEGATIVE:LOSS_OF_FUNCTION:RESISTANT:NEGATIVE_LOF_REVIEWED;NEGATIVE:PENDING::
892,Bedaquiline,pepQ,p.Arg278Gly,missense_variant,G3,,3) Uncertain significance,protein_substitution,,primary,R,excluded,,excluded_uncertain_g3_or_unmapped_grade,2,LOSS_OF_FUNCTION|PENDING,NEGATIVE_LOF_REVIEWED,NEGATIVE:LOSS_OF_FUNCTION:RESISTANT:NEGATIVE_LOF_REVIEWED;NEGATIVE:PENDING::
893,Bedaquiline,pepQ,p.Arg61Cys,missense_variant,G3,,3) Uncertain significance,protein_substitution,,primary,,excluded,,excluded_uncertain_g3_or_unmapped_grade,2,FAILED|PENDING,ANALYSIS_FAILED,NEGATIVE:FAILED:UNKNOWN:ANALYSIS_FAILED;NEGATIVE:PENDING::
894,Bedaquiline,pepQ,p.Arg7Gln,missense_variant,G3,,3) Uncertain significance,protein_substitution,,primary,,excluded,,excluded_uncertain_g3_or_unmapped_grade,2,FAILED|PENDING,,NEGATIVE:FAILED::;NEGATIVE:PENDING::
895,Bedaquiline,pepQ,p.Asn118Asp,missense_variant,G3,,3) Uncertain significance,protein_substitution,,primary,,excluded,,excluded_uncertain_g3_or_unmapped_grade,2,FAILED|PENDING,,NEGATIVE:FAILED::;NEGATIVE:PENDING::
896,Bedaquiline,pepQ,p.Asp108Asn,missense_variant,G3,,3) Uncertain significance,protein_substitution,,primary,,excluded,,excluded_uncertain_g3_or_unmapped_grade,2,FAILED|PENDING,,NEGATIVE:FAILED::;NEGATIVE:PENDING::
897,Bedaquiline,pepQ,p.Asp209Glu,missense_variant,G3,,3) Uncertain significance,protein_substitution,,primary,,excluded,,excluded_uncertain_g3_or_unmapped_grade,4,FAILED|PENDING,ANALYSIS_FAILED,NEGATIVE:FAILED:UNKNOWN:ANALYSIS_FAILED;NEGATIVE:FAILED::;NEGATIVE:PENDING::;+1_more
898,Bedaquiline,pepQ,p.Asp20Gly,missense_variant,G3,,3) Uncertain significance,protein_substitution,,primary,,excluded,,excluded_uncertain_g3_or_unmapped_grade,2,FAILED|PENDING,ANALYSIS_FAILED,NEGATIVE:FAILED:UNKNOWN:ANALYSIS_FAILED;NEGATIVE:PENDING::
899,Bedaquiline,pepQ,p.Asp232fs,frameshift,G2,R,2) Assoc w R - Interim,frameshift,true,primary,,unmatched,false,unsupported_non_snp_variant,0,,,
900,Bedaquiline,pepQ,p.Asp26Ala,missense_variant,G3,,3) Uncertain significance,protein_substitution,,primary,,excluded,,excluded_uncertain_g3_or_unmapped_grade,2,FAILED|PENDING,ANALYSIS_FAILED,NEGATIVE:FAILED:UNKNOWN:ANALYSIS_FAILED;NEGATIVE:PENDING::
901,Bedaquiline,pepQ,p.Asp26Gly,missense_variant,G3,,3) Uncertain significance,protein_substitution,,primary,,excluded,,excluded_uncertain_g3_or_unmapped_grade,2,FAILED|PENDING,,NEGATIVE:FAILED::;NEGATIVE:PENDING::
902,Bedaquiline,pepQ,p.Asp51fs,frameshift,G2,R,2) Assoc w R - Interim,frameshift,true,primary,,unmatched,false,unsupported_non_snp_variant,0,,,
903,Bedaquiline,pepQ,p.Gln262Arg,missense_variant,G3,,3) Uncertain significance,protein_substitution,,primary,,excluded,,excluded_uncertain_g3_or_unmapped_grade,2,FAILED|PENDING,,NEGATIVE:FAILED::;NEGATIVE:PENDING::
904,Bedaquiline,pepQ,p.Gln5Arg,missense_variant,G3,,3) Uncertain significance,protein_substitution,,primary,,excluded,,excluded_uncertain_g3_or_unmapped_grade,2,FAILED|PENDING,,NEGATIVE:FAILED::;NEGATIVE:PENDING::
905,Bedaquiline,pepQ,p.Gln5*,stop_gained,G2,R,2) Assoc w R - Interim,nonsense,true,primary,R,matched_final,true,,2,LOSS_OF_FUNCTION|PENDING,NEGATIVE_LOF_SIGNATURE,NEGATIVE:LOSS_OF_FUNCTION:RESISTANT:NEGATIVE_LOF_SIGNATURE;NEGATIVE:PENDING::
906,Bedaquiline,pepQ,p.Gln63Arg,missense_variant,G3,,3) Uncertain significance,protein_substitution,,primary,R,excluded,,excluded_uncertain_g3_or_unmapped_grade,2,LOSS_OF_FUNCTION|PENDING,NEGATIVE_LOF_REVIEWED,NEGATIVE:LOSS_OF_FUNCTION:RESISTANT:NEGATIVE_LOF_REVIEWED;NEGATIVE:PENDING::
907,Bedaquiline,pepQ,p.Glu177Asp,missense_variant,G3,,3) Uncertain significance,protein_substitution,,primary,,excluded,,excluded_uncertain_g3_or_unmapped_grade,4,FAILED|PENDING,ANALYSIS_FAILED,NEGATIVE:FAILED::;NEGATIVE:FAILED:UNKNOWN:ANALYSIS_FAILED;NEGATIVE:PENDING::;+1_more
908,Bedaquiline,pepQ,p.Glu191Val,missense_variant,G3,,3) Uncertain significance,protein_substitution,,primary,R,excluded,,excluded_uncertain_g3_or_unmapped_grade,2,LOSS_OF_FUNCTION|PENDING,NEGATIVE_LOF_REVIEWED,NEGATIVE:LOSS_OF_FUNCTION:RESISTANT:NEGATIVE_LOF_REVIEWED;NEGATIVE:PENDING::
909,Bedaquiline,pepQ,p.Glu339del,inframe_deletion,G3,,3) Uncertain significance,indel,,primary,,excluded,,excluded_uncertain_g3_or_unmapped_grade,0,,,
910,Bedaquiline,pepQ,p.Glu360Asp,missense_variant,G3,,3) Uncertain significance,protein_substitution,,primary,,excluded,,excluded_uncertain_g3_or_unmapped_grade,4,FAILED|PENDING,,NEGATIVE:FAILED::;NEGATIVE:FAILED::;NEGATIVE:PENDING::;+1_more
911,Bedaquiline,pepQ,p.Glu89Asp,missense_variant,G3,,3) Uncertain significance,protein_substitution,,primary,,excluded,,excluded_uncertain_g3_or_unmapped_grade,4,FAILED|PENDING,,NEGATIVE:FAILED::;NEGATIVE:FAILED::;NEGATIVE:PENDING::;+1_more
912,Bedaquiline,pepQ,p.Gly112Asp,missense_variant,G3,,3) Uncertain significance,protein_substitution,,primary,,excluded,,excluded_uncertain_g3_or_unmapped_grade,2,FAILED|PENDING,,NEGATIVE:FAILED::;NEGATIVE:PENDING::
913,Bedaquiline,pepQ,p.Gly197Arg,missense_variant,G3,,3) Uncertain significance,protein_substitution,,primary,R,excluded,,excluded_uncertain_g3_or_unmapped_grade,4,LOSS_OF_FUNCTION|PENDING,NEGATIVE_LOF_REVIEWED,NEGATIVE:LOSS_OF_FUNCTION:RESISTANT:NEGATIVE_LOF_REVIEWED;NEGATIVE:LOSS_OF_FUNCTION:RESISTANT:NEGATIVE_LOF_REVIEWED;NEGATIVE:PENDING::;+1_more
914,Bedaquiline,pepQ,p.Gly41Asp,missense_variant,G3,,3) Uncertain significance,protein_substitution,,primary,R,excluded,,excluded_uncertain_g3_or_unmapped_grade,2,LOSS_OF_FUNCTION|PENDING,NEGATIVE_LOF_REVIEWED,NEGATIVE:LOSS_OF_FUNCTION:RESISTANT:NEGATIVE_LOF_REVIEWED;NEGATIVE:PENDING::
915,Bedaquiline,pepQ,p.Gly80Arg,missense_variant,G3,,3) Uncertain significance,protein_substitution,,primary,R,excluded,,excluded_uncertain_g3_or_unmapped_grade,4,LOSS_OF_FUNCTION|PENDING,NEGATIVE_LOF_REVIEWED,NEGATIVE:LOSS_OF_FUNCTION:RESISTANT:NEGATIVE_LOF_REVIEWED;NEGATIVE:LOSS_OF_FUNCTION:RESISTANT:NEGATIVE_LOF_REVIEWED;NEGATIVE:PENDING::;+1_more
916,Bedaquiline,pepQ,p.Gly85Cys,missense_variant,G3,,3) Uncertain significance,protein_substitution,,primary,,excluded,,excluded_uncertain_g3_or_unmapped_grade,2,FAILED|PENDING,ANALYSIS_FAILED,NEGATIVE:FAILED:UNKNOWN:ANALYSIS_FAILED;NEGATIVE:PENDING::
917,Bedaquiline,pepQ,p.His100fs,frameshift,G2,R,2) Assoc w R - Interim,frameshift,true,primary,,unmatched,false,unsupported_non_snp_variant,0,,,
918,Bedaquiline,pepQ,p.Ile193Thr,missense_variant,G3,,3) Uncertain significance,protein_substitution,,primary,R,excluded,,excluded_uncertain_g3_or_unmapped_grade,2,LOSS_OF_FUNCTION|PENDING,NEGATIVE_LOF_REVIEWED,NEGATIVE:LOSS_OF_FUNCTION:RESISTANT:NEGATIVE_LOF_REVIEWED;NEGATIVE:PENDING::
919,Bedaquiline,pepQ,p.Ile193Val,missense_variant,G3,,3) Uncertain significance,protein_substitution,,primary,,excluded,,excluded_uncertain_g3_or_unmapped_grade,2,FAILED|PENDING,ANALYSIS_FAILED,NEGATIVE:FAILED:UNKNOWN:ANALYSIS_FAILED;NEGATIVE:PENDING::
920,Bedaquiline,pepQ,p.Ile24Thr,missense_variant,G3,,3) Uncertain significance,protein_substitution,,primary,R,excluded,,excluded_uncertain_g3_or_unmapped_grade,2,LOSS_OF_FUNCTION|PENDING,NEGATIVE_LOF_REVIEWED,NEGATIVE:LOSS_OF_FUNCTION:RESISTANT:NEGATIVE_LOF_REVIEWED;NEGATIVE:PENDING::
921,Bedaquiline,pepQ,p.Ile28Arg,missense_variant,G3,,3) Uncertain significance,protein_substitution,,primary,,excluded,,excluded_uncertain_g3_or_unmapped_grade,2,FAILED|PENDING,,NEGATIVE:FAILED::;NEGATIVE:PENDING::
922,Bedaquiline,pepQ,p.Ile302Val,missense_variant,G3,,3) Uncertain significance,protein_substitution,,primary,,excluded,,excluded_uncertain_g3_or_unmapped_grade,2,FAILED|PENDING,,NEGATIVE:FAILED::;NEGATIVE:PENDING::
923,Bedaquiline,pepQ,p.Leu107Arg,missense_variant,G3,,3) Uncertain significance,protein_substitution,,primary,R,excluded,,excluded_uncertain_g3_or_unmapped_grade,2,LOSS_OF_FUNCTION|PENDING,NEGATIVE_LOF_REVIEWED,NEGATIVE:LOSS_OF_FUNCTION:RESISTANT:NEGATIVE_LOF_REVIEWED;NEGATIVE:PENDING::
924,Bedaquiline,pepQ,p.Leu179Pro,missense_variant,G3,,3) Uncertain significance,protein_substitution,,primary,R,excluded,,excluded_uncertain_g3_or_unmapped_grade,2,LOSS_OF_FUNCTION|PENDING,NEGATIVE_LOF_REVIEWED,NEGATIVE:LOSS_OF_FUNCTION:RESISTANT:NEGATIVE_LOF_REVIEWED;NEGATIVE:PENDING::
925,Bedaquiline,pepQ,p.Leu317fs,frameshift,G2,R,2) Assoc w R - Interim,frameshift,true,primary,,unmatched,false,unsupported_non_snp_variant,0,,,
926,Bedaquiline,pepQ,p.Lys367Asn,missense_variant,G3,,3) Uncertain significance,protein_substitution,,primary,,excluded,,excluded_uncertain_g3_or_unmapped_grade,4,FAILED|PENDING,ANALYSIS_FAILED,NEGATIVE:FAILED:UNKNOWN:ANALYSIS_FAILED;NEGATIVE:FAILED:UNKNOWN:ANALYSIS_FAILED;NEGATIVE:PENDING::;+1_more
927,Bedaquiline,pepQ,p.Lys94Asn,missense_variant,G3,,3) Uncertain significance,protein_substitution,,primary,,excluded,,excluded_uncertain_g3_or_unmapped_grade,4,FAILED|PENDING,ANALYSIS_FAILED,NEGATIVE:FAILED:UNKNOWN:ANALYSIS_FAILED;NEGATIVE:FAILED:UNKNOWN:ANALYSIS_FAILED;NEGATIVE:PENDING::;+1_more
928,Bedaquiline,pepQ,p.Met180Thr,missense_variant,G3,,3) Uncertain significance,start_lost,,primary,R,excluded,,excluded_uncertain_g3_or_unmapped_grade,2,LOSS_OF_FUNCTION|PENDING,NEGATIVE_LOF_REVIEWED,NEGATIVE:LOSS_OF_FUNCTION:RESISTANT:NEGATIVE_LOF_REVIEWED;NEGATIVE:PENDING::
929,Bedaquiline,pepQ,p.Met180Val,missense_variant,G3,,3) Uncertain significance,start_lost,,primary,,excluded,,excluded_uncertain_g3_or_unmapped_grade,2,FAILED|PENDING,ANALYSIS_FAILED,NEGATIVE:FAILED:UNKNOWN:ANALYSIS_FAILED;NEGATIVE:PENDING::
930,Bedaquiline,pepQ,p.Phe46Leu,missense_variant,G3,,3) Uncertain significance,protein_substitution,,primary,,excluded,,excluded_uncertain_g3_or_unmapped_grade,6,FAILED|PENDING,ANALYSIS_FAILED,NEGATIVE:FAILED::;NEGATIVE:FAILED:UNKNOWN:ANALYSIS_FAILED;NEGATIVE:FAILED::;+3_more
931,Bedaquiline,pepQ,p.Pro165Gln,missense_variant,G3,,3) Uncertain significance,protein_substitution,,primary,,excluded,,excluded_uncertain_g3_or_unmapped_grade,2,FAILED|PENDING,ANALYSIS_FAILED,NEGATIVE:FAILED:UNKNOWN:ANALYSIS_FAILED;NEGATIVE:PENDING::
932,Bedaquiline,pepQ,p.Pro266Ser,missense_variant,G3,,3) Uncertain significance,protein_substitution,,primary,,excluded,,excluded_uncertain_g3_or_unmapped_grade,2,FAILED|PENDING,ANALYSIS_FAILED,NEGATIVE:FAILED:UNKNOWN:ANALYSIS_FAILED;NEGATIVE:PENDING::
933,Bedaquiline,pepQ,p.Pro69Leu,missense_variant,G3,,3) Uncertain significance,protein_substitution,,primary,R,excluded,,excluded_uncertain_g3_or_unmapped_grade,2,LOSS_OF_FUNCTION|PENDING,NEGATIVE_LOF_REVIEWED,NEGATIVE:LOSS_OF_FUNCTION:RESISTANT:NEGATIVE_LOF_REVIEWED;NEGATIVE:PENDING::
934,Bedaquiline,pepQ,p.Ser130Leu,missense_variant,G3,,3) Uncertain significance,protein_substitution,,primary,,excluded,,excluded_uncertain_g3_or_unmapped_grade,2,FAILED|PENDING,ANALYSIS_FAILED,NEGATIVE:FAILED:UNKNOWN:ANALYSIS_FAILED;NEGATIVE:PENDING::
935,Bedaquiline,pepQ,p.Ser200Leu,missense_variant,G3,,3) Uncertain significance,protein_substitution,,primary,S,excluded,,excluded_uncertain_g3_or_unmapped_grade,2,COMPLETED|PENDING,NEGATIVE_FUNCTION_RETAINED,NEGATIVE:COMPLETED:SENSITIVE:NEGATIVE_FUNCTION_RETAINED;NEGATIVE:PENDING::
936,Bedaquiline,pepQ,p.Ser66Leu,missense_variant,G3,,3) Uncertain significance,protein_substitution,,primary,,excluded,,excluded_uncertain_g3_or_unmapped_grade,2,FAILED|PENDING,,NEGATIVE:FAILED::;NEGATIVE:PENDING::
937,Bedaquiline,pepQ,p.Ser66Pro,missense_variant,G3,,3) Uncertain significance,protein_substitution,,primary,,excluded,,excluded_uncertain_g3_or_unmapped_grade,2,FAILED|PENDING,,NEGATIVE:FAILED::;NEGATIVE:PENDING::
938,Bedaquiline,pepQ,p.Ser99Arg,missense_variant,G3,,3) Uncertain significance,protein_substitution,,primary,R,excluded,,excluded_uncertain_g3_or_unmapped_grade,6,LOSS_OF_FUNCTION|PENDING,NEGATIVE_LOF_REVIEWED,NEGATIVE:LOSS_OF_FUNCTION:RESISTANT:NEGATIVE_LOF_REVIEWED;NEGATIVE:LOSS_OF_FUNCTION:RESISTANT:NEGATIVE_LOF_REVIEWED;NEGATIVE:LOSS_OF_FUNCTION:RESISTANT:NEGATIVE_LOF_REVIEWED;+3_more
939,Bedaquiline,pepQ,p.Thr341Ala,missense_variant,G3,,3) Uncertain significance,protein_substitution,,primary,R,excluded,,excluded_uncertain_g3_or_unmapped_grade,2,LOSS_OF_FUNCTION|PENDING,NEGATIVE_LOF_REVIEWED,NEGATIVE:LOSS_OF_FUNCTION:RESISTANT:NEGATIVE_LOF_REVIEWED;NEGATIVE:PENDING::
940,Bedaquiline,pepQ,p.Thr341fs,frameshift,G2,R,2) Assoc w R - Interim,frameshift,true,primary,,unmatched,false,unsupported_non_snp_variant,0,,,
941,Bedaquiline,pepQ,p.Thr354Ala,missense_variant,G3,,3) Uncertain significance,protein_substitution,,primary,,excluded,,excluded_uncertain_g3_or_unmapped_grade,2,FAILED|PENDING,,NEGATIVE:FAILED::;NEGATIVE:PENDING::
942,Bedaquiline,pepQ,p.Val101Leu,missense_variant,G3,,3) Uncertain significance,protein_substitution,,primary,,excluded,,excluded_uncertain_g3_or_unmapped_grade,4,FAILED|PENDING,ANALYSIS_FAILED,NEGATIVE:FAILED:UNKNOWN:ANALYSIS_FAILED;NEGATIVE:FAILED:UNKNOWN:ANALYSIS_FAILED;NEGATIVE:PENDING::;+1_more
943,Bedaquiline,pepQ,p.Val104Leu,missense_variant,G3,,3) Uncertain significance,protein_substitution,,primary,,excluded,,excluded_uncertain_g3_or_unmapped_grade,4,FAILED|PENDING,ANALYSIS_FAILED,NEGATIVE:FAILED::;NEGATIVE:FAILED:UNKNOWN:ANALYSIS_FAILED;NEGATIVE:PENDING::;+1_more
944,Bedaquiline,pepQ,p.Val158Met,missense_variant,G3,,3) Uncertain significance,protein_substitution,,primary,,excluded,,excluded_uncertain_g3_or_unmapped_grade,2,FAILED|PENDING,,NEGATIVE:FAILED::;NEGATIVE:PENDING::
945,Bedaquiline,pepQ,p.Val273fs,frameshift,G2,R,2) Assoc w R - Interim,frameshift,true,primary,,unmatched,false,unsupported_non_snp_variant,0,,,
946,Bedaquiline,pepQ,p.Val298Ile,missense_variant,G3,,3) Uncertain significance,protein_substitution,,primary,,excluded,,excluded_uncertain_g3_or_unmapped_grade,2,FAILED|PENDING,,NEGATIVE:FAILED::;NEGATIVE:PENDING::
947,Bedaquiline,pepQ,p.Val324Met,missense_variant,G3,,3) Uncertain significance,protein_substitution,,primary,,excluded,,excluded_uncertain_g3_or_unmapped_grade,2,FAILED|PENDING,ANALYSIS_FAILED,NEGATIVE:FAILED:UNKNOWN:ANALYSIS_FAILED;NEGATIVE:PENDING::
948,Bedaquiline,pepQ,p.Val328Phe,missense_variant,G3,,3) Uncertain significance,protein_substitution,,primary,R,excluded,,excluded_uncertain_g3_or_unmapped_grade,2,LOSS_OF_FUNCTION|PENDING,NEGATIVE_LOF_REVIEWED,NEGATIVE:LOSS_OF_FUNCTION:RESISTANT:NEGATIVE_LOF_REVIEWED;NEGATIVE:PENDING::
949,Bedaquiline,pepQ,p.Val343Ala,missense_variant,G3,,3) Uncertain significance,protein_substitution,,primary,,excluded,,excluded_uncertain_g3_or_unmapped_grade,2,FAILED|PENDING,,NEGATIVE:FAILED::;NEGATIVE:PENDING::
950,Bedaquiline,pepQ,p.Val45Leu,missense_variant,G3,,3) Uncertain significance,protein_substitution,,primary,,excluded,,excluded_uncertain_g3_or_unmapped_grade,4,FAILED|PENDING,,NEGATIVE:FAILED::;NEGATIVE:FAILED::;NEGATIVE:PENDING::;+1_more
951,Bedaquiline,Rv0678,c.108G>T,synonymous_variant,G4,S,4) Not assoc w R - Interim,snv,true,primary,S,matched_final,true,,2,COMPLETED,SYNONYMOUS_NO_PROTEIN_CHANGE,NEGATIVE:COMPLETED:SENSITIVE:SYNONYMOUS_NO_PROTEIN_CHANGE;NEGATIVE:COMPLETED:SENSITIVE:SYNONYMOUS_NO_PROTEIN_CHANGE
952,Bedaquiline,Rv0678,c.111T>C,synonymous_variant,G4,S,4) Not assoc w R - Interim,snv,true,primary,S,matched_final,true,,2,COMPLETED,SYNONYMOUS_NO_PROTEIN_CHANGE,NEGATIVE:COMPLETED:SENSITIVE:SYNONYMOUS_NO_PROTEIN_CHANGE;NEGATIVE:COMPLETED:SENSITIVE:SYNONYMOUS_NO_PROTEIN_CHANGE
953,Bedaquiline,Rv0678,c.127C>T,synonymous_variant,G4,S,4) Not assoc w R - Interim,snv,true,primary,S,matched_final,true,,2,COMPLETED,SYNONYMOUS_NO_PROTEIN_CHANGE,NEGATIVE:COMPLETED:SENSITIVE:SYNONYMOUS_NO_PROTEIN_CHANGE;NEGATIVE:COMPLETED:SENSITIVE:SYNONYMOUS_NO_PROTEIN_CHANGE
954,Bedaquiline,Rv0678,c.138T>C,synonymous_variant,G4,S,4) Not assoc w R - Interim,snv,true,primary,S,matched_final,true,,2,COMPLETED,SYNONYMOUS_NO_PROTEIN_CHANGE,NEGATIVE:COMPLETED:SENSITIVE:SYNONYMOUS_NO_PROTEIN_CHANGE;NEGATIVE:COMPLETED:SENSITIVE:SYNONYMOUS_NO_PROTEIN_CHANGE
955,Bedaquiline,Rv0678,c.168G>A,synonymous_variant,G4,S,4) Not assoc w R - Interim,snv,true,primary,S,matched_final,true,,2,COMPLETED,SYNONYMOUS_NO_PROTEIN_CHANGE,NEGATIVE:COMPLETED:SENSITIVE:SYNONYMOUS_NO_PROTEIN_CHANGE;NEGATIVE:COMPLETED:SENSITIVE:SYNONYMOUS_NO_PROTEIN_CHANGE
956,Bedaquiline,Rv0678,c.195G>A,synonymous_variant,G4,S,4) Not assoc w R - Interim,snv,true,primary,S,matched_final,true,,2,COMPLETED,SYNONYMOUS_NO_PROTEIN_CHANGE,NEGATIVE:COMPLETED:SENSITIVE:SYNONYMOUS_NO_PROTEIN_CHANGE;NEGATIVE:COMPLETED:SENSITIVE:SYNONYMOUS_NO_PROTEIN_CHANGE
957,Bedaquiline,Rv0678,c.297T>G,synonymous_variant,G4,S,4) Not assoc w R - Interim,snv,true,primary,S,matched_final,true,,2,COMPLETED,SYNONYMOUS_NO_PROTEIN_CHANGE,NEGATIVE:COMPLETED:SENSITIVE:SYNONYMOUS_NO_PROTEIN_CHANGE;NEGATIVE:COMPLETED:SENSITIVE:SYNONYMOUS_NO_PROTEIN_CHANGE
958,Bedaquiline,Rv0678,c.309C>T,synonymous_variant,G4,S,4) Not assoc w R - Interim,snv,true,primary,S,matched_final,true,,2,COMPLETED,SYNONYMOUS_NO_PROTEIN_CHANGE,NEGATIVE:COMPLETED:SENSITIVE:SYNONYMOUS_NO_PROTEIN_CHANGE;NEGATIVE:COMPLETED:SENSITIVE:SYNONYMOUS_NO_PROTEIN_CHANGE
959,Bedaquiline,Rv0678,c.318A>G,synonymous_variant,G4,S,4) Not assoc w R - Interim,snv,true,primary,S,matched_final,true,,2,COMPLETED,SYNONYMOUS_NO_PROTEIN_CHANGE,NEGATIVE:COMPLETED:SENSITIVE:SYNONYMOUS_NO_PROTEIN_CHANGE;NEGATIVE:COMPLETED:SENSITIVE:SYNONYMOUS_NO_PROTEIN_CHANGE
960,Bedaquiline,Rv0678,c.363G>A,synonymous_variant,G4,S,4) Not assoc w R - Interim,snv,true,primary,S,matched_final,true,,2,COMPLETED,SYNONYMOUS_NO_PROTEIN_CHANGE,NEGATIVE:COMPLETED:SENSITIVE:SYNONYMOUS_NO_PROTEIN_CHANGE;NEGATIVE:COMPLETED:SENSITIVE:SYNONYMOUS_NO_PROTEIN_CHANGE
961,Bedaquiline,Rv0678,c.36C>T,synonymous_variant,G4,S,4) Not assoc w R - Interim,snv,true,primary,S,matched_final,true,,2,COMPLETED,SYNONYMOUS_NO_PROTEIN_CHANGE,NEGATIVE:COMPLETED:SENSITIVE:SYNONYMOUS_NO_PROTEIN_CHANGE;NEGATIVE:COMPLETED:SENSITIVE:SYNONYMOUS_NO_PROTEIN_CHANGE
962,Bedaquiline,Rv0678,c.384C>A,synonymous_variant,G4,S,4) Not assoc w R - Interim,snv,true,primary,S,matched_final,true,,2,COMPLETED,SYNONYMOUS_NO_PROTEIN_CHANGE,NEGATIVE:COMPLETED:SENSITIVE:SYNONYMOUS_NO_PROTEIN_CHANGE;NEGATIVE:COMPLETED:SENSITIVE:SYNONYMOUS_NO_PROTEIN_CHANGE
963,Bedaquiline,Rv0678,c.390G>C,synonymous_variant,G4,S,4) Not assoc w R - Interim,snv,true,primary,S,matched_final,true,,2,COMPLETED,SYNONYMOUS_NO_PROTEIN_CHANGE,NEGATIVE:COMPLETED:SENSITIVE:SYNONYMOUS_NO_PROTEIN_CHANGE;NEGATIVE:COMPLETED:SENSITIVE:SYNONYMOUS_NO_PROTEIN_CHANGE
964,Bedaquiline,Rv0678,c.408G>A,synonymous_variant,G4,S,4) Not assoc w R - Interim,snv,true,primary,S,matched_final,true,,2,COMPLETED,SYNONYMOUS_NO_PROTEIN_CHANGE,NEGATIVE:COMPLETED:SENSITIVE:SYNONYMOUS_NO_PROTEIN_CHANGE;NEGATIVE:COMPLETED:SENSITIVE:SYNONYMOUS_NO_PROTEIN_CHANGE
965,Bedaquiline,Rv0678,c.435T>C,synonymous_variant,G4,S,4) Not assoc w R - Interim,snv,true,primary,S,matched_final,true,,2,COMPLETED,SYNONYMOUS_NO_PROTEIN_CHANGE,NEGATIVE:COMPLETED:SENSITIVE:SYNONYMOUS_NO_PROTEIN_CHANGE;NEGATIVE:COMPLETED:SENSITIVE:SYNONYMOUS_NO_PROTEIN_CHANGE
966,Bedaquiline,Rv0678,c.441G>A,synonymous_variant,G4,S,4) Not assoc w R - Interim,snv,true,primary,S,matched_final,true,,2,COMPLETED,SYNONYMOUS_NO_PROTEIN_CHANGE,NEGATIVE:COMPLETED:SENSITIVE:SYNONYMOUS_NO_PROTEIN_CHANGE;NEGATIVE:COMPLETED:SENSITIVE:SYNONYMOUS_NO_PROTEIN_CHANGE
967,Bedaquiline,Rv0678,c.447C>T,synonymous_variant,G4,S,4) Not assoc w R - Interim,snv,true,primary,S,matched_final,true,,2,COMPLETED,SYNONYMOUS_NO_PROTEIN_CHANGE,NEGATIVE:COMPLETED:SENSITIVE:SYNONYMOUS_NO_PROTEIN_CHANGE;NEGATIVE:COMPLETED:SENSITIVE:SYNONYMOUS_NO_PROTEIN_CHANGE
968,Bedaquiline,Rv0678,c.460C>T,synonymous_variant,G4,S,4) Not assoc w R - Interim,snv,true,primary,S,matched_final,true,,2,COMPLETED,SYNONYMOUS_NO_PROTEIN_CHANGE,NEGATIVE:COMPLETED:SENSITIVE:SYNONYMOUS_NO_PROTEIN_CHANGE;NEGATIVE:COMPLETED:SENSITIVE:SYNONYMOUS_NO_PROTEIN_CHANGE
969,Bedaquiline,Rv0678,c.87C>T,synonymous_variant,G4,S,4) Not assoc w R - Interim,snv,true,primary,S,matched_final,true,,2,COMPLETED,SYNONYMOUS_NO_PROTEIN_CHANGE,NEGATIVE:COMPLETED:SENSITIVE:SYNONYMOUS_NO_PROTEIN_CHANGE;NEGATIVE:COMPLETED:SENSITIVE:SYNONYMOUS_NO_PROTEIN_CHANGE
970,Bedaquiline,Rv0678,LoF,LoF,G1,R,1) Assoc w R,generic_lof,false,primary,,unmatched,false,generic_lof_category,0,,,
971,Bedaquiline,Rv0678,p.Ala101Glu,missense_variant,G3,,3) Uncertain significance,protein_substitution,,primary,,excluded,,excluded_uncertain_g3_or_unmapped_grade,2,FAILED|PENDING,,NEGATIVE:FAILED::;NEGATIVE:PENDING::
972,Bedaquiline,Rv0678,p.Ala102Asp,missense_variant,G3,,3) Uncertain significance,protein_substitution,,primary,,excluded,,excluded_uncertain_g3_or_unmapped_grade,2,FAILED|PENDING,,NEGATIVE:FAILED::;NEGATIVE:PENDING::
973,Bedaquiline,Rv0678,p.Ala102Thr,missense_variant,G3,,3) Uncertain significance,protein_substitution,,primary,,excluded,,excluded_uncertain_g3_or_unmapped_grade,2,FAILED|PENDING,,NEGATIVE:FAILED::;NEGATIVE:PENDING::
974,Bedaquiline,Rv0678,p.Ala110fs,frameshift,G2,R,2) Assoc w R - Interim,frameshift,true,primary,,unmatched,false,unsupported_non_snp_variant,0,,,
975,Bedaquiline,Rv0678,p.Ala110Val,missense_variant,G3,,3) Uncertain significance,protein_substitution,,primary,,excluded,,excluded_uncertain_g3_or_unmapped_grade,2,FAILED|PENDING,,NEGATIVE:FAILED::;NEGATIVE:PENDING::
976,Bedaquiline,Rv0678,p.Ala112Pro,missense_variant,G3,,3) Uncertain significance,protein_substitution,,primary,,excluded,,excluded_uncertain_g3_or_unmapped_grade,2,FAILED|PENDING,,NEGATIVE:FAILED::;NEGATIVE:PENDING::
977,Bedaquiline,Rv0678,p.Ala112Ser,missense_variant,G3,,3) Uncertain significance,protein_substitution,,primary,,excluded,,excluded_uncertain_g3_or_unmapped_grade,2,FAILED|PENDING,,NEGATIVE:FAILED::;NEGATIVE:PENDING::
978,Bedaquiline,Rv0678,p.Ala144fs,frameshift,G2,R,2) Assoc w R - Interim,frameshift,true,primary,,unmatched,false,unsupported_non_snp_variant,0,,,
979,Bedaquiline,Rv0678,p.Ala36Val,missense_variant,G2,R,2) Assoc w R - Interim,protein_substitution,true,primary,R,matched_final,true,,2,LOSS_OF_FUNCTION|PENDING,NEGATIVE_LOF_REVIEWED,NEGATIVE:LOSS_OF_FUNCTION:RESISTANT:NEGATIVE_LOF_REVIEWED;NEGATIVE:PENDING::
980,Bedaquiline,Rv0678,p.Ala59Val,missense_variant,G3,,3) Uncertain significance,protein_substitution,,primary,R,excluded,,excluded_uncertain_g3_or_unmapped_grade,2,LOSS_OF_FUNCTION|PENDING,NEGATIVE_LOF_REVIEWED,NEGATIVE:LOSS_OF_FUNCTION:RESISTANT:NEGATIVE_LOF_REVIEWED;NEGATIVE:PENDING::
981,Bedaquiline,Rv0678,p.Ala62fs,frameshift,G2,R,2) Assoc w R - Interim,frameshift,true,primary,,unmatched,false,unsupported_non_snp_variant,0,,,
982,Bedaquiline,Rv0678,p.Ala62Thr,missense_variant,G3,,3) Uncertain significance,protein_substitution,,primary,,excluded,,excluded_uncertain_g3_or_unmapped_grade,2,FAILED|PENDING,,NEGATIVE:FAILED::;NEGATIVE:PENDING::
983,Bedaquiline,Rv0678,p.Ala84Val,missense_variant,G3,,3) Uncertain significance,protein_substitution,,primary,,excluded,,excluded_uncertain_g3_or_unmapped_grade,2,FAILED|PENDING,,NEGATIVE:FAILED::;NEGATIVE:PENDING::
984,Bedaquiline,Rv0678,p.Ala86Val,missense_variant,G3,,3) Uncertain significance,protein_substitution,,primary,,excluded,,excluded_uncertain_g3_or_unmapped_grade,2,FAILED|PENDING,ANALYSIS_FAILED,NEGATIVE:FAILED:UNKNOWN:ANALYSIS_FAILED;NEGATIVE:PENDING::
985,Bedaquiline,Rv0678,p.Ala99Pro,missense_variant,G3,,3) Uncertain significance,protein_substitution,,primary,,excluded,,excluded_uncertain_g3_or_unmapped_grade,2,FAILED|PENDING,,NEGATIVE:FAILED::;NEGATIVE:PENDING::
986,Bedaquiline,Rv0678,p.Arg105Ser,missense_variant,G3,,3) Uncertain significance,protein_substitution,,primary,,excluded,,excluded_uncertain_g3_or_unmapped_grade,2,FAILED|PENDING,,NEGATIVE:FAILED::;NEGATIVE:PENDING::
987,Bedaquiline,Rv0678,p.Arg107Cys,missense_variant,G3,,3) Uncertain significance,protein_substitution,,primary,,excluded,,excluded_uncertain_g3_or_unmapped_grade,2,FAILED|PENDING,ANALYSIS_FAILED,NEGATIVE:FAILED:UNKNOWN:ANALYSIS_FAILED;NEGATIVE:PENDING::
988,Bedaquiline,Rv0678,p.Arg107Leu,missense_variant,G3,,3) Uncertain significance,protein_substitution,,primary,,excluded,,excluded_uncertain_g3_or_unmapped_grade,2,FAILED|PENDING,ANALYSIS_FAILED,NEGATIVE:FAILED:UNKNOWN:ANALYSIS_FAILED;NEGATIVE:PENDING::
989,Bedaquiline,Rv0678,p.Arg109fs,frameshift,G2,R,2) Assoc w R - Interim,frameshift,true,primary,,unmatched,false,unsupported_non_snp_variant,0,,,
990,Bedaquiline,Rv0678,p.Arg109Leu,missense_variant,G3,,3) Uncertain significance,protein_substitution,,primary,,excluded,,excluded_uncertain_g3_or_unmapped_grade,2,FAILED|PENDING,,NEGATIVE:FAILED::;NEGATIVE:PENDING::
991,Bedaquiline,Rv0678,p.Arg109Pro,missense_variant,G3,,3) Uncertain significance,protein_substitution,,primary,,excluded,,excluded_uncertain_g3_or_unmapped_grade,2,FAILED|PENDING,ANALYSIS_FAILED,NEGATIVE:FAILED:UNKNOWN:ANALYSIS_FAILED;NEGATIVE:PENDING::
992,Bedaquiline,Rv0678,p.Arg109Trp,missense_variant,G3,,3) Uncertain significance,protein_substitution,,primary,,excluded,,excluded_uncertain_g3_or_unmapped_grade,2,FAILED|PENDING,ANALYSIS_FAILED,NEGATIVE:FAILED:UNKNOWN:ANALYSIS_FAILED;NEGATIVE:PENDING::
993,Bedaquiline,Rv0678,p.Arg123fs,frameshift,G2,R,2) Assoc w R - Interim,frameshift,true,primary,,unmatched,false,unsupported_non_snp_variant,0,,,
994,Bedaquiline,Rv0678,p.Arg132fs,frameshift,G2,R,2) Assoc w R - Interim,frameshift,true,primary,,unmatched,false,unsupported_non_snp_variant,0,,,
995,Bedaquiline,Rv0678,p.Arg132*,stop_gained,G2,R,2) Assoc w R - Interim,nonsense,true,primary,R,matched_final,true,,2,LOSS_OF_FUNCTION|PENDING,NEGATIVE_LOF_SIGNATURE,NEGATIVE:LOSS_OF_FUNCTION:RESISTANT:NEGATIVE_LOF_SIGNATURE;NEGATIVE:PENDING::
996,Bedaquiline,Rv0678,p.Arg134Gly,missense_variant,G3,,3) Uncertain significance,protein_substitution,,primary,,excluded,,excluded_uncertain_g3_or_unmapped_grade,2,FAILED|PENDING,ANALYSIS_FAILED,NEGATIVE:FAILED:UNKNOWN:ANALYSIS_FAILED;NEGATIVE:PENDING::
997,Bedaquiline,Rv0678,p.Arg134*,stop_gained,G2,R,2) Assoc w R - Interim,nonsense,true,primary,R,matched_final,true,,2,LOSS_OF_FUNCTION|PENDING,NEGATIVE_LOF_SIGNATURE,NEGATIVE:LOSS_OF_FUNCTION:RESISTANT:NEGATIVE_LOF_SIGNATURE;NEGATIVE:PENDING::
998,Bedaquiline,Rv0678,p.Arg135Trp,missense_variant,G3,,3) Uncertain significance,protein_substitution,,primary,,excluded,,excluded_uncertain_g3_or_unmapped_grade,2,FAILED|PENDING,ANALYSIS_FAILED,NEGATIVE:FAILED:UNKNOWN:ANALYSIS_FAILED;NEGATIVE:PENDING::
999,Bedaquiline,Rv0678,p.Arg156fs,frameshift,G2,R,2) Assoc w R - Interim,frameshift,true,primary,,unmatched,false,unsupported_non_snp_variant,0,,,
1000,Bedaquiline,Rv0678,p.Arg156Gln,missense_variant,G3,,3) Uncertain significance,protein_substitution,,primary,,excluded,,excluded_uncertain_g3_or_unmapped_grade,2,FAILED|PENDING,,NEGATIVE:FAILED::;NEGATIVE:PENDING::
1001,Bedaquiline,Rv0678,p.Arg156*,stop_gained,G2,R,2) Assoc w R - Interim,nonsense,true,primary,R,matched_final,true,,2,LOSS_OF_FUNCTION|PENDING,NEGATIVE_LOF_SIGNATURE,NEGATIVE:LOSS_OF_FUNCTION:RESISTANT:NEGATIVE_LOF_SIGNATURE;NEGATIVE:PENDING::
1002,Bedaquiline,Rv0678,p.Arg30fs,frameshift,G2,R,2) Assoc w R - Interim,frameshift,true,primary,,unmatched,false,unsupported_non_snp_variant,0,,,
1003,Bedaquiline,Rv0678,p.Arg30Trp,missense_variant,G3,,3) Uncertain significance,protein_substitution,,primary,R,excluded,,excluded_uncertain_g3_or_unmapped_grade,2,LOSS_OF_FUNCTION|PENDING,NEGATIVE_LOF_REVIEWED,NEGATIVE:LOSS_OF_FUNCTION:RESISTANT:NEGATIVE_LOF_REVIEWED;NEGATIVE:PENDING::
1004,Bedaquiline,Rv0678,p.Arg34Gln,missense_variant,G3,,3) Uncertain significance,protein_substitution,,primary,R,excluded,,excluded_uncertain_g3_or_unmapped_grade,2,LOSS_OF_FUNCTION|PENDING,NEGATIVE_LOF_REVIEWED,NEGATIVE:LOSS_OF_FUNCTION:RESISTANT:NEGATIVE_LOF_REVIEWED;NEGATIVE:PENDING::
1005,Bedaquiline,Rv0678,p.Arg34Trp,missense_variant,G3,,3) Uncertain significance,protein_substitution,,primary,R,excluded,,excluded_uncertain_g3_or_unmapped_grade,2,LOSS_OF_FUNCTION|PENDING,NEGATIVE_LOF_REVIEWED,NEGATIVE:LOSS_OF_FUNCTION:RESISTANT:NEGATIVE_LOF_REVIEWED;NEGATIVE:PENDING::
1006,Bedaquiline,Rv0678,p.Arg38Leu,missense_variant,G3,,3) Uncertain significance,protein_substitution,,primary,R,excluded,,excluded_uncertain_g3_or_unmapped_grade,2,LOSS_OF_FUNCTION|PENDING,NEGATIVE_LOF_REVIEWED,NEGATIVE:LOSS_OF_FUNCTION:RESISTANT:NEGATIVE_LOF_REVIEWED;NEGATIVE:PENDING::
1007,Bedaquiline,Rv0678,p.Arg38*,stop_gained,G2,R,2) Assoc w R - Interim,nonsense,true,primary,R,matched_final,true,,2,LOSS_OF_FUNCTION|PENDING,NEGATIVE_LOF_SIGNATURE,NEGATIVE:LOSS_OF_FUNCTION:RESISTANT:NEGATIVE_LOF_SIGNATURE;NEGATIVE:PENDING::
1008,Bedaquiline,Rv0678,p.Arg50dup,inframe_insertion,G3,,3) Uncertain significance,indel,,primary,,excluded,,excluded_uncertain_g3_or_unmapped_grade,0,,,
1009,Bedaquiline,Rv0678,p.Arg50Gln,missense_variant,G3,,3) Uncertain significance,protein_substitution,,primary,,excluded,,excluded_uncertain_g3_or_unmapped_grade,2,FAILED|PENDING,,NEGATIVE:FAILED::;NEGATIVE:PENDING::
1010,Bedaquiline,Rv0678,p.Arg50Pro,missense_variant,G3,,3) Uncertain significance,protein_substitution,,primary,,excluded,,excluded_uncertain_g3_or_unmapped_grade,2,FAILED|PENDING,,NEGATIVE:FAILED::;NEGATIVE:PENDING::
1011,Bedaquiline,Rv0678,p.Arg50Trp,missense_variant,G3,,3) Uncertain significance,protein_substitution,,primary,R,excluded,,excluded_uncertain_g3_or_unmapped_grade,2,LOSS_OF_FUNCTION|PENDING,NEGATIVE_LOF_REVIEWED,NEGATIVE:LOSS_OF_FUNCTION:RESISTANT:NEGATIVE_LOF_REVIEWED;NEGATIVE:PENDING::
1012,Bedaquiline,Rv0678,p.Arg72fs,frameshift,G2,R,2) Assoc w R - Interim,frameshift,true,primary,,unmatched,false,unsupported_non_snp_variant,0,,,
1013,Bedaquiline,Rv0678,p.Arg72Trp,missense_variant,G3,,3) Uncertain significance,protein_substitution,,primary,R,excluded,,excluded_uncertain_g3_or_unmapped_grade,2,LOSS_OF_FUNCTION|PENDING,NEGATIVE_LOF_REVIEWED,NEGATIVE:LOSS_OF_FUNCTION:RESISTANT:NEGATIVE_LOF_REVIEWED;NEGATIVE:PENDING::
1014,Bedaquiline,Rv0678,p.Arg89fs,frameshift,G2,R,2) Assoc w R - Interim,frameshift,true,primary,,unmatched,false,unsupported_non_snp_variant,0,,,
1015,Bedaquiline,Rv0678,p.Arg89Gln,missense_variant,G3,,3) Uncertain significance,protein_substitution,,primary,,excluded,,excluded_uncertain_g3_or_unmapped_grade,2,FAILED|PENDING,ANALYSIS_FAILED,NEGATIVE:FAILED:UNKNOWN:ANALYSIS_FAILED;NEGATIVE:PENDING::
1016,Bedaquiline,Rv0678,p.Arg89Leu,missense_variant,G3,,3) Uncertain significance,protein_substitution,,primary,R,excluded,,excluded_uncertain_g3_or_unmapped_grade,2,LOSS_OF_FUNCTION|PENDING,NEGATIVE_LOF_REVIEWED,NEGATIVE:LOSS_OF_FUNCTION:RESISTANT:NEGATIVE_LOF_REVIEWED;NEGATIVE:PENDING::
1017,Bedaquiline,Rv0678,p.Arg89Trp,missense_variant,G3,,3) Uncertain significance,protein_substitution,,primary,R,excluded,,excluded_uncertain_g3_or_unmapped_grade,2,LOSS_OF_FUNCTION|PENDING,NEGATIVE_LOF_REVIEWED,NEGATIVE:LOSS_OF_FUNCTION:RESISTANT:NEGATIVE_LOF_REVIEWED;NEGATIVE:PENDING::
1018,Bedaquiline,Rv0678,p.Arg90Cys,missense_variant,G3,,3) Uncertain significance,protein_substitution,,primary,,excluded,,excluded_uncertain_g3_or_unmapped_grade,2,FAILED|PENDING,ANALYSIS_FAILED,NEGATIVE:FAILED:UNKNOWN:ANALYSIS_FAILED;NEGATIVE:PENDING::
1019,Bedaquiline,Rv0678,p.Arg94Gln,missense_variant,G3,,3) Uncertain significance,protein_substitution,,primary,,excluded,,excluded_uncertain_g3_or_unmapped_grade,2,FAILED|PENDING,ANALYSIS_FAILED,NEGATIVE:FAILED:UNKNOWN:ANALYSIS_FAILED;NEGATIVE:PENDING::
1020,Bedaquiline,Rv0678,p.Arg94Trp,missense_variant,G3,,3) Uncertain significance,protein_substitution,,primary,S,excluded,,excluded_uncertain_g3_or_unmapped_grade,2,COMPLETED|PENDING,NEGATIVE_FUNCTION_RETAINED,NEGATIVE:COMPLETED:SENSITIVE:NEGATIVE_FUNCTION_RETAINED;NEGATIVE:PENDING::
1021,Bedaquiline,Rv0678,p.Arg96Gly,missense_variant,G3,,3) Uncertain significance,protein_substitution,,primary,,excluded,,excluded_uncertain_g3_or_unmapped_grade,2,FAILED|PENDING,,NEGATIVE:FAILED::;NEGATIVE:PENDING::
1022,Bedaquiline,Rv0678,p.Arg96Leu,missense_variant,G3,,3) Uncertain significance,protein_substitution,,primary,,excluded,,excluded_uncertain_g3_or_unmapped_grade,2,FAILED|PENDING,ANALYSIS_FAILED,NEGATIVE:FAILED:UNKNOWN:ANALYSIS_FAILED;NEGATIVE:PENDING::
1023,Bedaquiline,Rv0678,p.Arg96Trp,missense_variant,G3,,3) Uncertain significance,protein_substitution,,primary,,excluded,,excluded_uncertain_g3_or_unmapped_grade,2,FAILED|PENDING,ANALYSIS_FAILED,NEGATIVE:FAILED:UNKNOWN:ANALYSIS_FAILED;NEGATIVE:PENDING::
1024,Bedaquiline,Rv0678,p.Asn148fs,frameshift,G2,R,2) Assoc w R - Interim,frameshift,true,primary,,unmatched,false,unsupported_non_snp_variant,0,,,
1025,Bedaquiline,Rv0678,p.Asn4Thr,missense_variant,G3,,3) Uncertain significance,protein_substitution,,primary,,excluded,,excluded_uncertain_g3_or_unmapped_grade,2,FAILED|PENDING,,NEGATIVE:FAILED::;NEGATIVE:PENDING::
1026,Bedaquiline,Rv0678,p.Asn70Asp,missense_variant,G2,R,2) Assoc w R - Interim,protein_substitution,true,primary,R,matched_final,true,,2,LOSS_OF_FUNCTION|PENDING,NEGATIVE_LOF_REVIEWED,NEGATIVE:LOSS_OF_FUNCTION:RESISTANT:NEGATIVE_LOF_REVIEWED;NEGATIVE:PENDING::
1027,Bedaquiline,Rv0678,p.Asn70fs,frameshift,G2,R,2) Assoc w R - Interim,frameshift,true,primary,,unmatched,false,unsupported_non_snp_variant,0,,,
1028,Bedaquiline,Rv0678,p.Asn70Ile,missense_variant,G3,,3) Uncertain significance,protein_substitution,,primary,R,excluded,,excluded_uncertain_g3_or_unmapped_grade,2,LOSS_OF_FUNCTION|PENDING,NEGATIVE_LOF_REVIEWED,NEGATIVE:LOSS_OF_FUNCTION:RESISTANT:NEGATIVE_LOF_REVIEWED;NEGATIVE:PENDING::
1029,Bedaquiline,Rv0678,p.Asn70Lys,missense_variant,G3,,3) Uncertain significance,protein_substitution,,primary,R,excluded,,excluded_uncertain_g3_or_unmapped_grade,4,LOSS_OF_FUNCTION|PENDING,NEGATIVE_LOF_REVIEWED,NEGATIVE:LOSS_OF_FUNCTION:RESISTANT:NEGATIVE_LOF_REVIEWED;NEGATIVE:LOSS_OF_FUNCTION:RESISTANT:NEGATIVE_LOF_REVIEWED;NEGATIVE:PENDING::;+1_more
1030,Bedaquiline,Rv0678,p.Asn98Asp,missense_variant,G3,,3) Uncertain significance,protein_substitution,,primary,,excluded,,excluded_uncertain_g3_or_unmapped_grade,2,FAILED|PENDING,,NEGATIVE:FAILED::;NEGATIVE:PENDING::
1031,Bedaquiline,Rv0678,p.Asn98fs,frameshift,G2,R,2) Assoc w R - Interim,frameshift,true,primary,,unmatched,false,unsupported_non_snp_variant,0,,,
1032,Bedaquiline,Rv0678,p.Asp116fs,frameshift,G2,R,2) Assoc w R - Interim,frameshift,true,primary,,unmatched,false,unsupported_non_snp_variant,0,,,
1033,Bedaquiline,Rv0678,p.Asp141fs,frameshift,G2,R,2) Assoc w R - Interim,frameshift,true,primary,,unmatched,false,unsupported_non_snp_variant,0,,,
1034,Bedaquiline,Rv0678,p.Asp141Tyr,missense_variant,G3,,3) Uncertain significance,protein_substitution,,primary,,excluded,,excluded_uncertain_g3_or_unmapped_grade,2,FAILED|PENDING,ANALYSIS_FAILED,NEGATIVE:FAILED:UNKNOWN:ANALYSIS_FAILED;NEGATIVE:PENDING::
1035,Bedaquiline,Rv0678,p.Asp165fs,frameshift,G2,R,2) Assoc w R - Interim,frameshift,true,primary,,unmatched,false,unsupported_non_snp_variant,0,,,
1036,Bedaquiline,Rv0678,p.Asp47dup,inframe_insertion,G3,,3) Uncertain significance,indel,,primary,,excluded,,excluded_uncertain_g3_or_unmapped_grade,0,,,
1037,Bedaquiline,Rv0678,p.Asp47fs,frameshift,G1,R,1) Assoc w R,frameshift,true,primary,,unmatched,false,unsupported_non_snp_variant,0,,,
1038,Bedaquiline,Rv0678,p.Asp47Glu,missense_variant,G3,,3) Uncertain significance,protein_substitution,,primary,,excluded,,excluded_uncertain_g3_or_unmapped_grade,4,FAILED|PENDING,,NEGATIVE:FAILED::;NEGATIVE:FAILED::;NEGATIVE:PENDING::;+1_more
1039,Bedaquiline,Rv0678,p.Asp47Gly,missense_variant,G3,,3) Uncertain significance,protein_substitution,,primary,,excluded,,excluded_uncertain_g3_or_unmapped_grade,2,FAILED|PENDING,ANALYSIS_FAILED,NEGATIVE:FAILED:UNKNOWN:ANALYSIS_FAILED;NEGATIVE:PENDING::
1040,Bedaquiline,Rv0678,p.Asp5Asn,missense_variant,G3,,3) Uncertain significance,protein_substitution,,primary,,excluded,,excluded_uncertain_g3_or_unmapped_grade,2,FAILED|PENDING,ANALYSIS_FAILED,NEGATIVE:FAILED:UNKNOWN:ANALYSIS_FAILED;NEGATIVE:PENDING::
1041,Bedaquiline,Rv0678,p.Asp5Gly,missense_variant,G3,,3) Uncertain significance,protein_substitution,,primary,,excluded,,excluded_uncertain_g3_or_unmapped_grade,2,FAILED|PENDING,,NEGATIVE:FAILED::;NEGATIVE:PENDING::
1042,Bedaquiline,Rv0678,p.Asp8fs,frameshift,G2,R,2) Assoc w R - Interim,frameshift,true,primary,,unmatched,false,unsupported_non_snp_variant,0,,,
1043,Bedaquiline,Rv0678,p.Asp8Gly,missense_variant,G3,,3) Uncertain significance,protein_substitution,,primary,,excluded,,excluded_uncertain_g3_or_unmapped_grade,2,FAILED|PENDING,,NEGATIVE:FAILED::;NEGATIVE:PENDING::
1044,Bedaquiline,Rv0678,p.Cys46_Asp47insGly,inframe_insertion,G3,,3) Uncertain significance,indel,,primary,,excluded,,excluded_uncertain_g3_or_unmapped_grade,0,,,
1045,Bedaquiline,Rv0678,p.Cys46Arg,missense_variant,G2,R,2) Assoc w R - Interim,protein_substitution,true,primary,R,matched_final,true,,2,LOSS_OF_FUNCTION|PENDING,NEGATIVE_LOF_REVIEWED,NEGATIVE:LOSS_OF_FUNCTION:RESISTANT:NEGATIVE_LOF_REVIEWED;NEGATIVE:PENDING::
1046,Bedaquiline,Rv0678,p.Cys46fs,frameshift,G2,R,2) Assoc w R - Interim,frameshift,true,primary,,unmatched,false,unsupported_non_snp_variant,0,,,
1047,Bedaquiline,Rv0678,p.Cys46Gly,missense_variant,G3,,3) Uncertain significance,protein_substitution,,primary,R,excluded,,excluded_uncertain_g3_or_unmapped_grade,2,LOSS_OF_FUNCTION|PENDING,NEGATIVE_LOF_REVIEWED,NEGATIVE:LOSS_OF_FUNCTION:RESISTANT:NEGATIVE_LOF_REVIEWED;NEGATIVE:PENDING::
1048,Bedaquiline,Rv0678,p.Cys46Trp,missense_variant,G3,,3) Uncertain significance,protein_substitution,,primary,S,excluded,,excluded_uncertain_g3_or_unmapped_grade,2,COMPLETED|PENDING,NEGATIVE_FUNCTION_RETAINED,NEGATIVE:COMPLETED:SENSITIVE:NEGATIVE_FUNCTION_RETAINED;NEGATIVE:PENDING::
1049,Bedaquiline,Rv0678,p.Cys46Tyr,missense_variant,G3,,3) Uncertain significance,protein_substitution,,primary,R,excluded,,excluded_uncertain_g3_or_unmapped_grade,2,LOSS_OF_FUNCTION|PENDING,NEGATIVE_LOF_REVIEWED,NEGATIVE:LOSS_OF_FUNCTION:RESISTANT:NEGATIVE_LOF_REVIEWED;NEGATIVE:PENDING::
1050,Bedaquiline,Rv0678,p.Gln115Pro,missense_variant,G3,,3) Uncertain significance,protein_substitution,,primary,,excluded,,excluded_uncertain_g3_or_unmapped_grade,2,FAILED|PENDING,ANALYSIS_FAILED,NEGATIVE:FAILED:UNKNOWN:ANALYSIS_FAILED;NEGATIVE:PENDING::
1051,Bedaquiline,Rv0678,p.Gln115*,stop_gained,G2,R,2) Assoc w R - Interim,nonsense,true,primary,R,matched_final,true,,2,LOSS_OF_FUNCTION|PENDING,NEGATIVE_LOF_SIGNATURE,NEGATIVE:LOSS_OF_FUNCTION:RESISTANT:NEGATIVE_LOF_SIGNATURE;NEGATIVE:PENDING::
1052,Bedaquiline,Rv0678,p.Gln159fs,frameshift,G2,R,2) Assoc w R - Interim,frameshift,true,primary,,unmatched,false,unsupported_non_snp_variant,0,,,
1053,Bedaquiline,Rv0678,p.Gln22Arg,missense_variant,G3,,3) Uncertain significance,protein_substitution,,primary,,excluded,,excluded_uncertain_g3_or_unmapped_grade,2,FAILED|PENDING,,NEGATIVE:FAILED::;NEGATIVE:PENDING::
1054,Bedaquiline,Rv0678,p.Gln22Pro,missense_variant,G3,,3) Uncertain significance,protein_substitution,,primary,R,excluded,,excluded_uncertain_g3_or_unmapped_grade,2,LOSS_OF_FUNCTION|PENDING,NEGATIVE_LOF_REVIEWED,NEGATIVE:LOSS_OF_FUNCTION:RESISTANT:NEGATIVE_LOF_REVIEWED;NEGATIVE:PENDING::
1055,Bedaquiline,Rv0678,p.Gln22*,stop_gained,G2,R,2) Assoc w R - Interim,nonsense,true,primary,R,matched_final,true,,2,LOSS_OF_FUNCTION|PENDING,NEGATIVE_LOF_SIGNATURE,NEGATIVE:LOSS_OF_FUNCTION:RESISTANT:NEGATIVE_LOF_SIGNATURE;NEGATIVE:PENDING::
1056,Bedaquiline,Rv0678,p.Gln51Arg,missense_variant,G3,,3) Uncertain significance,protein_substitution,,primary,R,excluded,,excluded_uncertain_g3_or_unmapped_grade,2,LOSS_OF_FUNCTION|PENDING,NEGATIVE_LOF_REVIEWED,NEGATIVE:LOSS_OF_FUNCTION:RESISTANT:NEGATIVE_LOF_REVIEWED;NEGATIVE:PENDING::
1057,Bedaquiline,Rv0678,p.Gln51fs,frameshift,G2,R,2) Assoc w R - Interim,frameshift,true,primary,,unmatched,false,unsupported_non_snp_variant,0,,,
1058,Bedaquiline,Rv0678,p.Gln51Lys,missense_variant,G3,,3) Uncertain significance,protein_substitution,,primary,,excluded,,excluded_uncertain_g3_or_unmapped_grade,2,FAILED|PENDING,ANALYSIS_FAILED,NEGATIVE:FAILED:UNKNOWN:ANALYSIS_FAILED;NEGATIVE:PENDING::
1059,Bedaquiline,Rv0678,p.Gln51Pro,missense_variant,G3,,3) Uncertain significance,protein_substitution,,primary,,excluded,,excluded_uncertain_g3_or_unmapped_grade,2,FAILED|PENDING,ANALYSIS_FAILED,NEGATIVE:FAILED:UNKNOWN:ANALYSIS_FAILED;NEGATIVE:PENDING::
1060,Bedaquiline,Rv0678,p.Gln76Arg,missense_variant,G3,,3) Uncertain significance,protein_substitution,,primary,,excluded,,excluded_uncertain_g3_or_unmapped_grade,2,FAILED|PENDING,,NEGATIVE:FAILED::;NEGATIVE:PENDING::
1061,Bedaquiline,Rv0678,p.Gln76Glu,missense_variant,G3,,3) Uncertain significance,protein_substitution,,primary,,excluded,,excluded_uncertain_g3_or_unmapped_grade,2,FAILED|PENDING,,NEGATIVE:FAILED::;NEGATIVE:PENDING::
1062,Bedaquiline,Rv0678,p.Gln76Lys,missense_variant,G3,,3) Uncertain significance,protein_substitution,,primary,,excluded,,excluded_uncertain_g3_or_unmapped_grade,2,FAILED|PENDING,,NEGATIVE:FAILED::;NEGATIVE:PENDING::
1063,Bedaquiline,Rv0678,p.Gln76*,stop_gained,G2,R,2) Assoc w R - Interim,nonsense,true,primary,R,matched_final,true,,2,LOSS_OF_FUNCTION|PENDING,NEGATIVE_LOF_SIGNATURE,NEGATIVE:LOSS_OF_FUNCTION:RESISTANT:NEGATIVE_LOF_SIGNATURE;NEGATIVE:PENDING::
1064,Bedaquiline,Rv0678,p.Glu104Asp,missense_variant,G3,,3) Uncertain significance,protein_substitution,,primary,,excluded,,excluded_uncertain_g3_or_unmapped_grade,4,FAILED|PENDING,,NEGATIVE:FAILED::;NEGATIVE:FAILED::;NEGATIVE:PENDING::;+1_more
1065,Bedaquiline,Rv0678,p.Glu104Gly,missense_variant,G3,,3) Uncertain significance,protein_substitution,,primary,,excluded,,excluded_uncertain_g3_or_unmapped_grade,2,FAILED|PENDING,,NEGATIVE:FAILED::;NEGATIVE:PENDING::
1066,Bedaquiline,Rv0678,p.Glu104Lys,missense_variant,G3,,3) Uncertain significance,protein_substitution,,primary,,excluded,,excluded_uncertain_g3_or_unmapped_grade,2,FAILED|PENDING,,NEGATIVE:FAILED::;NEGATIVE:PENDING::
1067,Bedaquiline,Rv0678,p.Glu113Lys,missense_variant,G3,,3) Uncertain significance,protein_substitution,,primary,,excluded,,excluded_uncertain_g3_or_unmapped_grade,2,FAILED|PENDING,,NEGATIVE:FAILED::;NEGATIVE:PENDING::
1068,Bedaquiline,Rv0678,p.Glu113*,stop_gained,G2,R,2) Assoc w R - Interim,nonsense,true,primary,R,matched_final,true,,2,LOSS_OF_FUNCTION|PENDING,NEGATIVE_LOF_SIGNATURE,NEGATIVE:LOSS_OF_FUNCTION:RESISTANT:NEGATIVE_LOF_SIGNATURE;NEGATIVE:PENDING::
1069,Bedaquiline,Rv0678,p.Glu138*,stop_gained,G2,R,2) Assoc w R - Interim,nonsense,true,primary,R,matched_final,true,,2,LOSS_OF_FUNCTION|PENDING,NEGATIVE_LOF_SIGNATURE,NEGATIVE:LOSS_OF_FUNCTION:RESISTANT:NEGATIVE_LOF_SIGNATURE;NEGATIVE:PENDING::
1070,Bedaquiline,Rv0678,p.Glu147Asp,missense_variant,G3,,3) Uncertain significance,protein_substitution,,primary,,excluded,,excluded_uncertain_g3_or_unmapped_grade,4,FAILED|PENDING,,NEGATIVE:FAILED::;NEGATIVE:FAILED::;NEGATIVE:PENDING::;+1_more
1071,Bedaquiline,Rv0678,p.Glu147*,stop_gained,G2,R,2) Assoc w R - Interim,nonsense,true,primary,R,matched_final,true,,2,LOSS_OF_FUNCTION|PENDING,NEGATIVE_LOF_SIGNATURE,NEGATIVE:LOSS_OF_FUNCTION:RESISTANT:NEGATIVE_LOF_SIGNATURE;NEGATIVE:PENDING::
1072,Bedaquiline,Rv0678,p.Glu21Lys,missense_variant,G3,,3) Uncertain significance,protein_substitution,,primary,,excluded,,excluded_uncertain_g3_or_unmapped_grade,2,FAILED|PENDING,,NEGATIVE:FAILED::;NEGATIVE:PENDING::
1073,Bedaquiline,Rv0678,p.Glu49fs,frameshift,G1,R,1) Assoc w R,frameshift,true,primary,,unmatched,false,unsupported_non_snp_variant,0,,,
1074,Bedaquiline,Rv0678,p.Glu55Asp,missense_variant,G3,,3) Uncertain significance,protein_substitution,,primary,,excluded,,excluded_uncertain_g3_or_unmapped_grade,4,FAILED|PENDING,,NEGATIVE:FAILED::;NEGATIVE:FAILED::;NEGATIVE:PENDING::;+1_more
1075,Bedaquiline,Rv0678,p.Glu55fs,frameshift,G2,R,2) Assoc w R - Interim,frameshift,true,primary,,unmatched,false,unsupported_non_snp_variant,0,,,
1076,Bedaquiline,Rv0678,p.Gly103Arg,missense_variant,G3,,3) Uncertain significance,protein_substitution,,primary,,excluded,,excluded_uncertain_g3_or_unmapped_grade,2,FAILED|PENDING,,NEGATIVE:FAILED::;NEGATIVE:PENDING::
1077,Bedaquiline,Rv0678,p.Gly103Ser,missense_variant,G3,,3) Uncertain significance,protein_substitution,,primary,,excluded,,excluded_uncertain_g3_or_unmapped_grade,2,FAILED|PENDING,,NEGATIVE:FAILED::;NEGATIVE:PENDING::
1078,Bedaquiline,Rv0678,p.Gly11fs,frameshift,G2,R,2) Assoc w R - Interim,frameshift,true,primary,,unmatched,false,unsupported_non_snp_variant,0,,,
1079,Bedaquiline,Rv0678,p.Gly121Arg,missense_variant,G1,R,1) Assoc w R,protein_substitution,true,primary,R,matched_final,true,,4,LOSS_OF_FUNCTION|PENDING,NEGATIVE_LOF_REVIEWED,NEGATIVE:LOSS_OF_FUNCTION:RESISTANT:NEGATIVE_LOF_REVIEWED;NEGATIVE:LOSS_OF_FUNCTION:RESISTANT:NEGATIVE_LOF_REVIEWED;NEGATIVE:PENDING::;+1_more
1080,Bedaquiline,Rv0678,p.Gly162Glu,missense_variant,G3,,3) Uncertain significance,protein_substitution,,primary,,excluded,,excluded_uncertain_g3_or_unmapped_grade,2,FAILED|PENDING,,NEGATIVE:FAILED::;NEGATIVE:PENDING::
1081,Bedaquiline,Rv0678,p.Gly24Arg,missense_variant,G3,,3) Uncertain significance,protein_substitution,,primary,R,excluded,,excluded_uncertain_g3_or_unmapped_grade,2,LOSS_OF_FUNCTION|PENDING,NEGATIVE_LOF_REVIEWED,NEGATIVE:LOSS_OF_FUNCTION:RESISTANT:NEGATIVE_LOF_REVIEWED;NEGATIVE:PENDING::
1082,Bedaquiline,Rv0678,p.Gly24Cys,missense_variant,G3,,3) Uncertain significance,protein_substitution,,primary,,excluded,,excluded_uncertain_g3_or_unmapped_grade,2,FAILED|PENDING,ANALYSIS_FAILED,NEGATIVE:FAILED:UNKNOWN:ANALYSIS_FAILED;NEGATIVE:PENDING::
1083,Bedaquiline,Rv0678,p.Gly25Asp,missense_variant,G3,,3) Uncertain significance,protein_substitution,,primary,,excluded,,excluded_uncertain_g3_or_unmapped_grade,2,FAILED|PENDING,,NEGATIVE:FAILED::;NEGATIVE:PENDING::
1084,Bedaquiline,Rv0678,p.Gly25Cys,missense_variant,G3,,3) Uncertain significance,protein_substitution,,primary,,excluded,,excluded_uncertain_g3_or_unmapped_grade,2,FAILED|PENDING,,NEGATIVE:FAILED::;NEGATIVE:PENDING::
1085,Bedaquiline,Rv0678,p.Gly41Asp,missense_variant,G3,,3) Uncertain significance,protein_substitution,,primary,R,excluded,,excluded_uncertain_g3_or_unmapped_grade,2,LOSS_OF_FUNCTION|PENDING,NEGATIVE_LOF_REVIEWED,NEGATIVE:LOSS_OF_FUNCTION:RESISTANT:NEGATIVE_LOF_REVIEWED;NEGATIVE:PENDING::
1086,Bedaquiline,Rv0678,p.Gly41fs,frameshift,G2,R,2) Assoc w R - Interim,frameshift,true,primary,,unmatched,false,unsupported_non_snp_variant,0,,,
1087,Bedaquiline,Rv0678,p.Gly65Arg,missense_variant,G3,,3) Uncertain significance,protein_substitution,,primary,R,excluded,,excluded_uncertain_g3_or_unmapped_grade,4,LOSS_OF_FUNCTION|PENDING,NEGATIVE_LOF_REVIEWED,NEGATIVE:LOSS_OF_FUNCTION:RESISTANT:NEGATIVE_LOF_REVIEWED;NEGATIVE:LOSS_OF_FUNCTION:RESISTANT:NEGATIVE_LOF_REVIEWED;NEGATIVE:PENDING::;+1_more
1088,Bedaquiline,Rv0678,p.Gly65Glu,missense_variant,G3,,3) Uncertain significance,protein_substitution,,primary,R,excluded,,excluded_uncertain_g3_or_unmapped_grade,2,LOSS_OF_FUNCTION|PENDING,NEGATIVE_LOF_REVIEWED,NEGATIVE:LOSS_OF_FUNCTION:RESISTANT:NEGATIVE_LOF_REVIEWED;NEGATIVE:PENDING::
1089,Bedaquiline,Rv0678,p.Gly78Arg,missense_variant,G3,,3) Uncertain significance,protein_substitution,,primary,R,excluded,,excluded_uncertain_g3_or_unmapped_grade,4,FAILED|LOSS_OF_FUNCTION|PENDING,ANALYSIS_FAILED|NEGATIVE_LOF_REVIEWED,NEGATIVE:LOSS_OF_FUNCTION:RESISTANT:NEGATIVE_LOF_REVIEWED;NEGATIVE:FAILED:UNKNOWN:ANALYSIS_FAILED;NEGATIVE:PENDING::;+1_more
1090,Bedaquiline,Rv0678,p.Gly78Trp,missense_variant,G3,,3) Uncertain significance,protein_substitution,,primary,R,excluded,,excluded_uncertain_g3_or_unmapped_grade,2,LOSS_OF_FUNCTION|PENDING,NEGATIVE_LOF_REVIEWED,NEGATIVE:LOSS_OF_FUNCTION:RESISTANT:NEGATIVE_LOF_REVIEWED;NEGATIVE:PENDING::
1091,Bedaquiline,Rv0678,p.Gly87Arg,missense_variant,G3,,3) Uncertain significance,protein_substitution,,primary,,excluded,,excluded_uncertain_g3_or_unmapped_grade,4,FAILED|PENDING,ANALYSIS_FAILED,NEGATIVE:FAILED:UNKNOWN:ANALYSIS_FAILED;NEGATIVE:FAILED:UNKNOWN:ANALYSIS_FAILED;NEGATIVE:PENDING::;+1_more
1092,Bedaquiline,Rv0678,p.Gly87Trp,missense_variant,G3,,3) Uncertain significance,protein_substitution,,primary,R,excluded,,excluded_uncertain_g3_or_unmapped_grade,2,LOSS_OF_FUNCTION|PENDING,NEGATIVE_LOF_REVIEWED,NEGATIVE:LOSS_OF_FUNCTION:RESISTANT:NEGATIVE_LOF_REVIEWED;NEGATIVE:PENDING::
1093,Bedaquiline,Rv0678,p.Ile108Thr,missense_variant,G3,,3) Uncertain significance,protein_substitution,,primary,,excluded,,excluded_uncertain_g3_or_unmapped_grade,2,FAILED|PENDING,,NEGATIVE:FAILED::;NEGATIVE:PENDING::
1094,Bedaquiline,Rv0678,p.Ile108Val,missense_variant,G3,,3) Uncertain significance,protein_substitution,,primary,,excluded,,excluded_uncertain_g3_or_unmapped_grade,2,FAILED|PENDING,,NEGATIVE:FAILED::;NEGATIVE:PENDING::
1095,Bedaquiline,Rv0678,p.Ile16fs,frameshift,G2,R,2) Assoc w R - Interim,frameshift,true,primary,,unmatched,false,unsupported_non_snp_variant,0,,,
1096,Bedaquiline,Rv0678,p.Ile16Ser,missense_variant,G3,,3) Uncertain significance,protein_substitution,,primary,,excluded,,excluded_uncertain_g3_or_unmapped_grade,2,FAILED|PENDING,ANALYSIS_FAILED,NEGATIVE:FAILED:UNKNOWN:ANALYSIS_FAILED;NEGATIVE:PENDING::
1097,Bedaquiline,Rv0678,p.Ile67fs,frameshift,G1,R,1) Assoc w R,frameshift,true,primary,,unmatched,false,unsupported_non_snp_variant,0,,,
1098,Bedaquiline,Rv0678,p.Ile67Leu,missense_variant,G3,,3) Uncertain significance,protein_substitution,,primary,,excluded,,excluded_uncertain_g3_or_unmapped_grade,2,FAILED|PENDING,ANALYSIS_FAILED,NEGATIVE:FAILED:UNKNOWN:ANALYSIS_FAILED;NEGATIVE:PENDING::
1099,Bedaquiline,Rv0678,p.Ile67Met,missense_variant,G3,,3) Uncertain significance,protein_substitution,,primary,,excluded,,excluded_uncertain_g3_or_unmapped_grade,2,FAILED|PENDING,ANALYSIS_FAILED,NEGATIVE:FAILED:UNKNOWN:ANALYSIS_FAILED;NEGATIVE:PENDING::
1100,Bedaquiline,Rv0678,p.Ile67Ser,missense_variant,G2,R,2) Assoc w R - Interim,protein_substitution,true,primary,R,matched_final,true,,2,LOSS_OF_FUNCTION|PENDING,NEGATIVE_LOF_REVIEWED,NEGATIVE:LOSS_OF_FUNCTION:RESISTANT:NEGATIVE_LOF_REVIEWED;NEGATIVE:PENDING::
1101,Bedaquiline,Rv0678,p.Ile80fs,frameshift,G2,R,2) Assoc w R - Interim,frameshift,true,primary,,unmatched,false,unsupported_non_snp_variant,0,,,
1102,Bedaquiline,Rv0678,p.Ile80Met,missense_variant,G3,,3) Uncertain significance,protein_substitution,,primary,,excluded,,excluded_uncertain_g3_or_unmapped_grade,2,FAILED|PENDING,,NEGATIVE:FAILED::;NEGATIVE:PENDING::
1103,Bedaquiline,Rv0678,p.Ile80Ser,missense_variant,G3,,3) Uncertain significance,protein_substitution,,primary,R,excluded,,excluded_uncertain_g3_or_unmapped_grade,2,LOSS_OF_FUNCTION|PENDING,NEGATIVE_LOF_REVIEWED,NEGATIVE:LOSS_OF_FUNCTION:RESISTANT:NEGATIVE_LOF_REVIEWED;NEGATIVE:PENDING::
1104,Bedaquiline,Rv0678,p.Leu117Arg,missense_variant,G1,R,1) Assoc w R,protein_substitution,true,primary,R,matched_final,true,,2,LOSS_OF_FUNCTION|PENDING,NEGATIVE_LOF_REVIEWED,NEGATIVE:LOSS_OF_FUNCTION:RESISTANT:NEGATIVE_LOF_REVIEWED;NEGATIVE:PENDING::
1105,Bedaquiline,Rv0678,p.Leu117fs,frameshift,G2,R,2) Assoc w R - Interim,frameshift,true,primary,,unmatched,false,unsupported_non_snp_variant,0,,,
1106,Bedaquiline,Rv0678,p.Leu117Pro,missense_variant,G3,,3) Uncertain significance,protein_substitution,,primary,R,excluded,,excluded_uncertain_g3_or_unmapped_grade,2,LOSS_OF_FUNCTION|PENDING,NEGATIVE_LOF_REVIEWED,NEGATIVE:LOSS_OF_FUNCTION:RESISTANT:NEGATIVE_LOF_REVIEWED;NEGATIVE:PENDING::
1107,Bedaquiline,Rv0678,p.Leu122Pro,missense_variant,G3,,3) Uncertain significance,protein_substitution,,primary,R,excluded,,excluded_uncertain_g3_or_unmapped_grade,2,LOSS_OF_FUNCTION|PENDING,NEGATIVE_LOF_REVIEWED,NEGATIVE:LOSS_OF_FUNCTION:RESISTANT:NEGATIVE_LOF_REVIEWED;NEGATIVE:PENDING::
1108,Bedaquiline,Rv0678,p.Leu125fs,frameshift,G2,R,2) Assoc w R - Interim,frameshift,true,primary,,unmatched,false,unsupported_non_snp_variant,0,,,
1109,Bedaquiline,Rv0678,p.Leu136Pro,missense_variant,G3,,3) Uncertain significance,protein_substitution,,primary,R,excluded,,excluded_uncertain_g3_or_unmapped_grade,2,LOSS_OF_FUNCTION|PENDING,NEGATIVE_LOF_REVIEWED,NEGATIVE:LOSS_OF_FUNCTION:RESISTANT:NEGATIVE_LOF_REVIEWED;NEGATIVE:PENDING::
1110,Bedaquiline,Rv0678,p.Leu142Arg,missense_variant,G3,,3) Uncertain significance,protein_substitution,,primary,,excluded,,excluded_uncertain_g3_or_unmapped_grade,2,FAILED|PENDING,ANALYSIS_FAILED,NEGATIVE:FAILED:UNKNOWN:ANALYSIS_FAILED;NEGATIVE:PENDING::
1111,Bedaquiline,Rv0678,p.Leu142fs,frameshift,G2,R,2) Assoc w R - Interim,frameshift,true,primary,,unmatched,false,unsupported_non_snp_variant,0,,,
1112,Bedaquiline,Rv0678,p.Leu142Pro,missense_variant,G3,,3) Uncertain significance,protein_substitution,,primary,,excluded,,excluded_uncertain_g3_or_unmapped_grade,2,FAILED|PENDING,ANALYSIS_FAILED,NEGATIVE:FAILED:UNKNOWN:ANALYSIS_FAILED;NEGATIVE:PENDING::
1113,Bedaquiline,Rv0678,p.Leu143fs,frameshift,G2,R,2) Assoc w R - Interim,frameshift,true,primary,,unmatched,false,unsupported_non_snp_variant,0,,,
1114,Bedaquiline,Rv0678,p.Leu32fs,frameshift,G2,R,2) Assoc w R - Interim,frameshift,true,primary,,unmatched,false,unsupported_non_snp_variant,0,,,
1115,Bedaquiline,Rv0678,p.Leu32Ser,missense_variant,G2,R,2) Assoc w R - Interim,protein_substitution,true,primary,R,matched_final,true,,2,LOSS_OF_FUNCTION|PENDING,NEGATIVE_LOF_REVIEWED,NEGATIVE:LOSS_OF_FUNCTION:RESISTANT:NEGATIVE_LOF_REVIEWED;NEGATIVE:PENDING::
1116,Bedaquiline,Rv0678,p.Leu35Trp,missense_variant,G3,,3) Uncertain significance,protein_substitution,,primary,R,excluded,,excluded_uncertain_g3_or_unmapped_grade,2,LOSS_OF_FUNCTION|PENDING,NEGATIVE_LOF_REVIEWED,NEGATIVE:LOSS_OF_FUNCTION:RESISTANT:NEGATIVE_LOF_REVIEWED;NEGATIVE:PENDING::
1117,Bedaquiline,Rv0678,p.Leu40Met,missense_variant,G3,,3) Uncertain significance,protein_substitution,,primary,,excluded,,excluded_uncertain_g3_or_unmapped_grade,2,FAILED|PENDING,,NEGATIVE:FAILED::;NEGATIVE:PENDING::
1118,Bedaquiline,Rv0678,p.Leu40Phe,missense_variant,G3,,3) Uncertain significance,protein_substitution,,primary,,excluded,,excluded_uncertain_g3_or_unmapped_grade,4,FAILED|PENDING,,NEGATIVE:FAILED::;NEGATIVE:FAILED::;NEGATIVE:PENDING::;+1_more
1119,Bedaquiline,Rv0678,p.Leu40Ser,missense_variant,G3,,3) Uncertain significance,protein_substitution,,primary,R,excluded,,excluded_uncertain_g3_or_unmapped_grade,2,LOSS_OF_FUNCTION|PENDING,NEGATIVE_LOF_REVIEWED,NEGATIVE:LOSS_OF_FUNCTION:RESISTANT:NEGATIVE_LOF_REVIEWED;NEGATIVE:PENDING::
1120,Bedaquiline,Rv0678,p.Leu40Val,missense_variant,G3,,3) Uncertain significance,protein_substitution,,primary,R,excluded,,excluded_uncertain_g3_or_unmapped_grade,2,LOSS_OF_FUNCTION|PENDING,NEGATIVE_LOF_REVIEWED,NEGATIVE:LOSS_OF_FUNCTION:RESISTANT:NEGATIVE_LOF_REVIEWED;NEGATIVE:PENDING::
1121,Bedaquiline,Rv0678,p.Leu43fs,frameshift,G2,R,2) Assoc w R - Interim,frameshift,true,primary,,unmatched,false,unsupported_non_snp_variant,0,,,
1122,Bedaquiline,Rv0678,p.Leu44fs,frameshift,G2,R,2) Assoc w R - Interim,frameshift,true,primary,,unmatched,false,unsupported_non_snp_variant,0,,,
1123,Bedaquiline,Rv0678,p.Leu56fs,frameshift,G2,R,2) Assoc w R - Interim,frameshift,true,primary,,unmatched,false,unsupported_non_snp_variant,0,,,
1124,Bedaquiline,Rv0678,p.Leu56Pro,missense_variant,G3,,3) Uncertain significance,protein_substitution,,primary,R,excluded,,excluded_uncertain_g3_or_unmapped_grade,2,LOSS_OF_FUNCTION|PENDING,NEGATIVE_LOF_REVIEWED,NEGATIVE:LOSS_OF_FUNCTION:RESISTANT:NEGATIVE_LOF_REVIEWED;NEGATIVE:PENDING::
1125,Bedaquiline,Rv0678,p.Leu60Gln,missense_variant,G3,,3) Uncertain significance,protein_substitution,,primary,R,excluded,,excluded_uncertain_g3_or_unmapped_grade,2,LOSS_OF_FUNCTION|PENDING,NEGATIVE_LOF_REVIEWED,NEGATIVE:LOSS_OF_FUNCTION:RESISTANT:NEGATIVE_LOF_REVIEWED;NEGATIVE:PENDING::
1126,Bedaquiline,Rv0678,p.Leu60Pro,missense_variant,G3,,3) Uncertain significance,protein_substitution,,primary,R,excluded,,excluded_uncertain_g3_or_unmapped_grade,2,LOSS_OF_FUNCTION|PENDING,NEGATIVE_LOF_REVIEWED,NEGATIVE:LOSS_OF_FUNCTION:RESISTANT:NEGATIVE_LOF_REVIEWED;NEGATIVE:PENDING::
1127,Bedaquiline,Rv0678,p.Leu74Met,missense_variant,G3,,3) Uncertain significance,protein_substitution,,primary,,excluded,,excluded_uncertain_g3_or_unmapped_grade,2,FAILED|PENDING,ANALYSIS_FAILED,NEGATIVE:FAILED:UNKNOWN:ANALYSIS_FAILED;NEGATIVE:PENDING::
1128,Bedaquiline,Rv0678,p.Leu83fs,frameshift,G2,R,2) Assoc w R - Interim,frameshift,true,primary,,unmatched,false,unsupported_non_snp_variant,0,,,
1129,Bedaquiline,Rv0678,p.Leu83His,missense_variant,G3,,3) Uncertain significance,protein_substitution,,primary,,excluded,,excluded_uncertain_g3_or_unmapped_grade,2,FAILED|PENDING,,NEGATIVE:FAILED::;NEGATIVE:PENDING::
1130,Bedaquiline,Rv0678,p.Leu83Pro,missense_variant,G3,,3) Uncertain significance,protein_substitution,,primary,,excluded,,excluded_uncertain_g3_or_unmapped_grade,2,FAILED|PENDING,ANALYSIS_FAILED,NEGATIVE:FAILED:UNKNOWN:ANALYSIS_FAILED;NEGATIVE:PENDING::
1131,Bedaquiline,Rv0678,p.Leu95Ser,missense_variant,G3,,3) Uncertain significance,protein_substitution,,primary,,excluded,,excluded_uncertain_g3_or_unmapped_grade,2,FAILED|PENDING,ANALYSIS_FAILED,NEGATIVE:FAILED:UNKNOWN:ANALYSIS_FAILED;NEGATIVE:PENDING::
1132,Bedaquiline,Rv0678,p.Met1?,start_lost,G2,R,2) Assoc w R - Interim,start_lost,true,primary,,unmatched,false,unsupported_non_snp_variant,0,,,
1133,Bedaquiline,Rv0678,p.Met10fs,frameshift,G2,R,2) Assoc w R - Interim,frameshift,true,primary,,unmatched,false,unsupported_non_snp_variant,0,,,
1134,Bedaquiline,Rv0678,p.Met10Ile,missense_variant,G3,,3) Uncertain significance,start_lost,,primary,,excluded,,excluded_uncertain_g3_or_unmapped_grade,6,FAILED|PENDING,,NEGATIVE:FAILED::;NEGATIVE:FAILED::;NEGATIVE:FAILED::;+3_more
1135,Bedaquiline,Rv0678,p.Met111fs,frameshift,G2,R,2) Assoc w R - Interim,frameshift,true,primary,,unmatched,false,unsupported_non_snp_variant,0,,,
1136,Bedaquiline,Rv0678,p.Met139Ile,missense_variant,G3,,3) Uncertain significance,start_lost,,primary,,excluded,,excluded_uncertain_g3_or_unmapped_grade,6,FAILED|PENDING,ANALYSIS_FAILED,NEGATIVE:FAILED:UNKNOWN:ANALYSIS_FAILED;NEGATIVE:FAILED::;NEGATIVE:FAILED:UNKNOWN:ANALYSIS_FAILED;+3_more
1137,Bedaquiline,Rv0678,p.Met139Thr,missense_variant,G3,,3) Uncertain significance,start_lost,,primary,,excluded,,excluded_uncertain_g3_or_unmapped_grade,2,FAILED|PENDING,ANALYSIS_FAILED,NEGATIVE:FAILED:UNKNOWN:ANALYSIS_FAILED;NEGATIVE:PENDING::
1138,Bedaquiline,Rv0678,p.Met146fs,frameshift,G2,R,2) Assoc w R - Interim,frameshift,true,primary,,unmatched,false,unsupported_non_snp_variant,0,,,
1139,Bedaquiline,Rv0678,p.Met146Thr,missense_variant,G2,R,2) Assoc w R - Interim,start_lost,true,primary,R,matched_final,true,,2,LOSS_OF_FUNCTION|PENDING,NEGATIVE_LOF_REVIEWED,NEGATIVE:LOSS_OF_FUNCTION:RESISTANT:NEGATIVE_LOF_REVIEWED;NEGATIVE:PENDING::
1140,Bedaquiline,Rv0678,p.Met17Val,missense_variant,G3,,3) Uncertain significance,start_lost,,primary,,excluded,,excluded_uncertain_g3_or_unmapped_grade,2,FAILED|PENDING,,NEGATIVE:FAILED::;NEGATIVE:PENDING::
1141,Bedaquiline,Rv0678,p.Met23Leu,missense_variant,G3,,3) Uncertain significance,protein_substitution,,primary,,excluded,,excluded_uncertain_g3_or_unmapped_grade,4,FAILED|PENDING,,NEGATIVE:FAILED::;NEGATIVE:FAILED::;NEGATIVE:PENDING::;+1_more
1142,Bedaquiline,Rv0678,p.Met23Val,missense_variant,G3,,3) Uncertain significance,protein_substitution,,primary,,excluded,,excluded_uncertain_g3_or_unmapped_grade,2,FAILED|PENDING,,NEGATIVE:FAILED::;NEGATIVE:PENDING::
1143,Bedaquiline,Rv0678,p.Met73Ile,missense_variant,G3,,3) Uncertain significance,protein_substitution,,primary,,excluded,,excluded_uncertain_g3_or_unmapped_grade,6,FAILED|PENDING,,NEGATIVE:FAILED::;NEGATIVE:FAILED::;NEGATIVE:FAILED::;+3_more
1144,Bedaquiline,Rv0678,p.Phe100Ile,missense_variant,G3,,3) Uncertain significance,protein_substitution,,primary,,excluded,,excluded_uncertain_g3_or_unmapped_grade,2,FAILED|PENDING,ANALYSIS_FAILED,NEGATIVE:FAILED:UNKNOWN:ANALYSIS_FAILED;NEGATIVE:PENDING::
1145,Bedaquiline,Rv0678,p.Phe19Leu,missense_variant,G3,,3) Uncertain significance,protein_substitution,,primary,,excluded,,excluded_uncertain_g3_or_unmapped_grade,6,FAILED|PENDING,ANALYSIS_FAILED,NEGATIVE:FAILED::;NEGATIVE:FAILED:UNKNOWN:ANALYSIS_FAILED;NEGATIVE:FAILED::;+3_more
1146,Bedaquiline,Rv0678,p.Phe19Ser,missense_variant,G3,,3) Uncertain significance,protein_substitution,,primary,,excluded,,excluded_uncertain_g3_or_unmapped_grade,2,FAILED|PENDING,ANALYSIS_FAILED,NEGATIVE:FAILED:UNKNOWN:ANALYSIS_FAILED;NEGATIVE:PENDING::
1147,Bedaquiline,Rv0678,p.Phe79Leu,missense_variant,G3,,3) Uncertain significance,protein_substitution,,primary,,excluded,,excluded_uncertain_g3_or_unmapped_grade,6,FAILED|PENDING,,NEGATIVE:FAILED::;NEGATIVE:FAILED::;NEGATIVE:FAILED::;+3_more
1148,Bedaquiline,Rv0678,p.Phe93Leu,missense_variant,G3,,3) Uncertain significance,protein_substitution,,primary,R,excluded,,excluded_uncertain_g3_or_unmapped_grade,6,LOSS_OF_FUNCTION|PENDING,NEGATIVE_LOF_REVIEWED,NEGATIVE:LOSS_OF_FUNCTION:RESISTANT:NEGATIVE_LOF_REVIEWED;NEGATIVE:LOSS_OF_FUNCTION:RESISTANT:NEGATIVE_LOF_REVIEWED;NEGATIVE:LOSS_OF_FUNCTION:RESISTANT:NEGATIVE_LOF_REVIEWED;+3_more
1149,Bedaquiline,Rv0678,p.Phe93Ser,missense_variant,G3,,3) Uncertain significance,protein_substitution,,primary,R,excluded,,excluded_uncertain_g3_or_unmapped_grade,2,LOSS_OF_FUNCTION|PENDING,NEGATIVE_LOF_REVIEWED,NEGATIVE:LOSS_OF_FUNCTION:RESISTANT:NEGATIVE_LOF_REVIEWED;NEGATIVE:PENDING::
1150,Bedaquiline,Rv0678,p.Pro129fs,frameshift,G2,R,2) Assoc w R - Interim,frameshift,true,primary,,unmatched,false,unsupported_non_snp_variant,0,,,
1151,Bedaquiline,Rv0678,p.Pro14Leu,missense_variant,G3,,3) Uncertain significance,protein_substitution,,primary,,excluded,,excluded_uncertain_g3_or_unmapped_grade,2,FAILED|PENDING,ANALYSIS_FAILED,NEGATIVE:FAILED:UNKNOWN:ANALYSIS_FAILED;NEGATIVE:PENDING::
1152,Bedaquiline,Rv0678,p.Pro14Ser,missense_variant,G3,,3) Uncertain significance,protein_substitution,,primary,,excluded,,excluded_uncertain_g3_or_unmapped_grade,2,FAILED|PENDING,,NEGATIVE:FAILED::;NEGATIVE:PENDING::
1153,Bedaquiline,Rv0678,p.Pro48fs,frameshift,G2,R,2) Assoc w R - Interim,frameshift,true,primary,,unmatched,false,unsupported_non_snp_variant,0,,,
1154,Bedaquiline,Rv0678,p.Pro48Leu,missense_variant,G3,,3) Uncertain significance,protein_substitution,,primary,R,excluded,,excluded_uncertain_g3_or_unmapped_grade,2,LOSS_OF_FUNCTION|PENDING,NEGATIVE_LOF_REVIEWED,NEGATIVE:LOSS_OF_FUNCTION:RESISTANT:NEGATIVE_LOF_REVIEWED;NEGATIVE:PENDING::
1155,Bedaquiline,Rv0678,p.Ser151Pro,missense_variant,G3,,3) Uncertain significance,protein_substitution,,primary,,excluded,,excluded_uncertain_g3_or_unmapped_grade,2,FAILED|PENDING,,NEGATIVE:FAILED::;NEGATIVE:PENDING::
1156,Bedaquiline,Rv0678,p.Ser158Arg,missense_variant,G3,,3) Uncertain significance,protein_substitution,,primary,,excluded,,excluded_uncertain_g3_or_unmapped_grade,6,FAILED|PENDING,,NEGATIVE:FAILED::;NEGATIVE:FAILED::;NEGATIVE:FAILED::;+3_more
1157,Bedaquiline,Rv0678,p.Ser2Arg,missense_variant,G3,,3) Uncertain significance,protein_substitution,,primary,,excluded,,excluded_uncertain_g3_or_unmapped_grade,6,FAILED|PENDING,ANALYSIS_FAILED,NEGATIVE:FAILED:UNKNOWN:ANALYSIS_FAILED;NEGATIVE:FAILED::;NEGATIVE:FAILED::;+3_more
1158,Bedaquiline,Rv0678,p.Ser2Ile,missense_variant,G3,,3) Uncertain significance,protein_substitution,,primary,,excluded,,excluded_uncertain_g3_or_unmapped_grade,2,FAILED|PENDING,ANALYSIS_FAILED,NEGATIVE:FAILED:UNKNOWN:ANALYSIS_FAILED;NEGATIVE:PENDING::
1159,Bedaquiline,Rv0678,p.Ser31Gly,missense_variant,G3,,3) Uncertain significance,protein_substitution,,primary,,excluded,,excluded_uncertain_g3_or_unmapped_grade,2,FAILED|PENDING,,NEGATIVE:FAILED::;NEGATIVE:PENDING::
1160,Bedaquiline,Rv0678,p.Ser52Phe,missense_variant,G3,,3) Uncertain significance,protein_substitution,,primary,R,excluded,,excluded_uncertain_g3_or_unmapped_grade,2,LOSS_OF_FUNCTION|PENDING,NEGATIVE_LOF_REVIEWED,NEGATIVE:LOSS_OF_FUNCTION:RESISTANT:NEGATIVE_LOF_REVIEWED;NEGATIVE:PENDING::
1161,Bedaquiline,Rv0678,p.Ser52Pro,missense_variant,G3,,3) Uncertain significance,protein_substitution,,primary,R,excluded,,excluded_uncertain_g3_or_unmapped_grade,2,LOSS_OF_FUNCTION|PENDING,NEGATIVE_LOF_REVIEWED,NEGATIVE:LOSS_OF_FUNCTION:RESISTANT:NEGATIVE_LOF_REVIEWED;NEGATIVE:PENDING::
1162,Bedaquiline,Rv0678,p.Ser52Tyr,missense_variant,G3,,3) Uncertain significance,protein_substitution,,primary,R,excluded,,excluded_uncertain_g3_or_unmapped_grade,2,LOSS_OF_FUNCTION|PENDING,NEGATIVE_LOF_REVIEWED,NEGATIVE:LOSS_OF_FUNCTION:RESISTANT:NEGATIVE_LOF_REVIEWED;NEGATIVE:PENDING::
1163,Bedaquiline,Rv0678,p.Ser53Leu,missense_variant,G3,,3) Uncertain significance,protein_substitution,,primary,,excluded,,excluded_uncertain_g3_or_unmapped_grade,2,FAILED|PENDING,ANALYSIS_FAILED,NEGATIVE:FAILED:UNKNOWN:ANALYSIS_FAILED;NEGATIVE:PENDING::
1164,Bedaquiline,Rv0678,p.Ser53Pro,missense_variant,G3,,3) Uncertain significance,protein_substitution,,primary,,excluded,,excluded_uncertain_g3_or_unmapped_grade,2,FAILED|PENDING,ANALYSIS_FAILED,NEGATIVE:FAILED:UNKNOWN:ANALYSIS_FAILED;NEGATIVE:PENDING::
1165,Bedaquiline,Rv0678,p.Ser53*,stop_gained,G2,R,2) Assoc w R - Interim,nonsense,true,primary,R,matched_final,true,,2,LOSS_OF_FUNCTION|PENDING,NEGATIVE_LOF_SIGNATURE,NEGATIVE:LOSS_OF_FUNCTION:RESISTANT:NEGATIVE_LOF_SIGNATURE;NEGATIVE:PENDING::
1166,Bedaquiline,Rv0678,p.Ser63Arg,missense_variant,G3,,3) Uncertain significance,protein_substitution,,primary,R,excluded,,excluded_uncertain_g3_or_unmapped_grade,6,LOSS_OF_FUNCTION|PENDING,NEGATIVE_LOF_REVIEWED,NEGATIVE:LOSS_OF_FUNCTION:RESISTANT:NEGATIVE_LOF_REVIEWED;NEGATIVE:LOSS_OF_FUNCTION:RESISTANT:NEGATIVE_LOF_REVIEWED;NEGATIVE:LOSS_OF_FUNCTION:RESISTANT:NEGATIVE_LOF_REVIEWED;+3_more
1167,Bedaquiline,Rv0678,p.Ser63Gly,missense_variant,G3,,3) Uncertain significance,protein_substitution,,primary,R,excluded,,excluded_uncertain_g3_or_unmapped_grade,2,LOSS_OF_FUNCTION|PENDING,NEGATIVE_LOF_REVIEWED,NEGATIVE:LOSS_OF_FUNCTION:RESISTANT:NEGATIVE_LOF_REVIEWED;NEGATIVE:PENDING::
1168,Bedaquiline,Rv0678,p.Ser64Ile,missense_variant,G3,,3) Uncertain significance,protein_substitution,,primary,R,excluded,,excluded_uncertain_g3_or_unmapped_grade,2,LOSS_OF_FUNCTION|PENDING,NEGATIVE_LOF_REVIEWED,NEGATIVE:LOSS_OF_FUNCTION:RESISTANT:NEGATIVE_LOF_REVIEWED;NEGATIVE:PENDING::
1169,Bedaquiline,Rv0678,p.Ser68Asn,missense_variant,G3,,3) Uncertain significance,protein_substitution,,primary,R,excluded,,excluded_uncertain_g3_or_unmapped_grade,2,LOSS_OF_FUNCTION|PENDING,NEGATIVE_LOF_REVIEWED,NEGATIVE:LOSS_OF_FUNCTION:RESISTANT:NEGATIVE_LOF_REVIEWED;NEGATIVE:PENDING::
1170,Bedaquiline,Rv0678,p.Ser68fs,frameshift,G2,R,2) Assoc w R - Interim,frameshift,true,primary,,unmatched,false,unsupported_non_snp_variant,0,,,
1171,Bedaquiline,Rv0678,p.Ser68Gly,missense_variant,G3,,3) Uncertain significance,protein_substitution,,primary,R,excluded,,excluded_uncertain_g3_or_unmapped_grade,2,LOSS_OF_FUNCTION|PENDING,NEGATIVE_LOF_REVIEWED,NEGATIVE:LOSS_OF_FUNCTION:RESISTANT:NEGATIVE_LOF_REVIEWED;NEGATIVE:PENDING::
1172,Bedaquiline,Rv0678,p.Ser68Ile,missense_variant,G3,,3) Uncertain significance,protein_substitution,,primary,R,excluded,,excluded_uncertain_g3_or_unmapped_grade,2,LOSS_OF_FUNCTION|PENDING,NEGATIVE_LOF_REVIEWED,NEGATIVE:LOSS_OF_FUNCTION:RESISTANT:NEGATIVE_LOF_REVIEWED;NEGATIVE:PENDING::
1173,Bedaquiline,Rv0678,p.Ter166Argext*?,stop_lost,G3,,3) Uncertain significance,start_lost,,primary,,excluded,,excluded_uncertain_g3_or_unmapped_grade,0,,,
1174,Bedaquiline,Rv0678,p.Thr33Ile,missense_variant,G3,,3) Uncertain significance,protein_substitution,,primary,R,excluded,,excluded_uncertain_g3_or_unmapped_grade,2,LOSS_OF_FUNCTION|PENDING,NEGATIVE_LOF_REVIEWED,NEGATIVE:LOSS_OF_FUNCTION:RESISTANT:NEGATIVE_LOF_REVIEWED;NEGATIVE:PENDING::
1175,Bedaquiline,Rv0678,p.Thr58Pro,missense_variant,G3,,3) Uncertain significance,protein_substitution,,primary,R,excluded,,excluded_uncertain_g3_or_unmapped_grade,2,LOSS_OF_FUNCTION|PENDING,NEGATIVE_LOF_REVIEWED,NEGATIVE:LOSS_OF_FUNCTION:RESISTANT:NEGATIVE_LOF_REVIEWED;NEGATIVE:PENDING::
1176,Bedaquiline,Rv0678,p.Thr69fs,frameshift,G2,R,2) Assoc w R - Interim,frameshift,true,primary,,unmatched,false,unsupported_non_snp_variant,0,,,
1177,Bedaquiline,Rv0678,p.Thr69Pro,missense_variant,G3,,3) Uncertain significance,protein_substitution,,primary,R,excluded,,excluded_uncertain_g3_or_unmapped_grade,2,LOSS_OF_FUNCTION|PENDING,NEGATIVE_LOF_REVIEWED,NEGATIVE:LOSS_OF_FUNCTION:RESISTANT:NEGATIVE_LOF_REVIEWED;NEGATIVE:PENDING::
1178,Bedaquiline,Rv0678,p.Thr91Ile,missense_variant,G3,,3) Uncertain significance,protein_substitution,,primary,,excluded,,excluded_uncertain_g3_or_unmapped_grade,2,FAILED|PENDING,ANALYSIS_FAILED,NEGATIVE:FAILED:UNKNOWN:ANALYSIS_FAILED;NEGATIVE:PENDING::
1179,Bedaquiline,Rv0678,p.Trp42Arg,missense_variant,G3,,3) Uncertain significance,protein_substitution,,primary,R,excluded,,excluded_uncertain_g3_or_unmapped_grade,4,LOSS_OF_FUNCTION|PENDING,NEGATIVE_LOF_REVIEWED,NEGATIVE:LOSS_OF_FUNCTION:RESISTANT:NEGATIVE_LOF_REVIEWED;NEGATIVE:LOSS_OF_FUNCTION:RESISTANT:NEGATIVE_LOF_REVIEWED;NEGATIVE:PENDING::;+1_more
1180,Bedaquiline,Rv0678,p.Trp42fs,frameshift,G2,R,2) Assoc w R - Interim,frameshift,true,primary,,unmatched,false,unsupported_non_snp_variant,0,,,
1181,Bedaquiline,Rv0678,p.Trp42*,stop_gained,G2,R,2) Assoc w R - Interim,nonsense,true,primary,R,matched_final,true,,4,LOSS_OF_FUNCTION|PENDING,NEGATIVE_LOF_SIGNATURE,NEGATIVE:LOSS_OF_FUNCTION:RESISTANT:NEGATIVE_LOF_SIGNATURE;NEGATIVE:LOSS_OF_FUNCTION:RESISTANT:NEGATIVE_LOF_SIGNATURE;NEGATIVE:PENDING::;+1_more
1182,Bedaquiline,Rv0678,p.Tyr145fs,frameshift,G2,R,2) Assoc w R - Interim,frameshift,true,primary,,unmatched,false,unsupported_non_snp_variant,0,,,
1183,Bedaquiline,Rv0678,p.Tyr145His,missense_variant,G3,,3) Uncertain significance,protein_substitution,,primary,,excluded,,excluded_uncertain_g3_or_unmapped_grade,2,FAILED|PENDING,,NEGATIVE:FAILED::;NEGATIVE:PENDING::
1184,Bedaquiline,Rv0678,p.Tyr145*,stop_gained,G2,R,2) Assoc w R - Interim,nonsense,true,primary,R,matched_final,true,,4,LOSS_OF_FUNCTION|PENDING,NEGATIVE_LOF_SIGNATURE,NEGATIVE:LOSS_OF_FUNCTION:RESISTANT:NEGATIVE_LOF_SIGNATURE;NEGATIVE:LOSS_OF_FUNCTION:RESISTANT:NEGATIVE_LOF_SIGNATURE;NEGATIVE:PENDING::;+1_more
1185,Bedaquiline,Rv0678,p.Tyr157fs,frameshift,G2,R,2) Assoc w R - Interim,frameshift,true,primary,,unmatched,false,unsupported_non_snp_variant,0,,,
1186,Bedaquiline,Rv0678,p.Tyr157Ser,missense_variant,G3,,3) Uncertain significance,protein_substitution,,primary,,excluded,,excluded_uncertain_g3_or_unmapped_grade,2,FAILED|PENDING,,NEGATIVE:FAILED::;NEGATIVE:PENDING::
1187,Bedaquiline,Rv0678,p.Tyr157*,stop_gained,G2,R,2) Assoc w R - Interim,nonsense,true,primary,R,matched_final,true,,4,LOSS_OF_FUNCTION|PENDING,NEGATIVE_LOF_SIGNATURE,NEGATIVE:LOSS_OF_FUNCTION:RESISTANT:NEGATIVE_LOF_SIGNATURE;NEGATIVE:LOSS_OF_FUNCTION:RESISTANT:NEGATIVE_LOF_SIGNATURE;NEGATIVE:PENDING::;+1_more
1188,Bedaquiline,Rv0678,p.Tyr26Asp,missense_variant,G3,,3) Uncertain significance,protein_substitution,,primary,R,excluded,,excluded_uncertain_g3_or_unmapped_grade,2,LOSS_OF_FUNCTION|PENDING,NEGATIVE_LOF_REVIEWED,NEGATIVE:LOSS_OF_FUNCTION:RESISTANT:NEGATIVE_LOF_REVIEWED;NEGATIVE:PENDING::
1189,Bedaquiline,Rv0678,p.Tyr26Cys,missense_variant,G3,,3) Uncertain significance,protein_substitution,,primary,R,excluded,,excluded_uncertain_g3_or_unmapped_grade,2,LOSS_OF_FUNCTION|PENDING,NEGATIVE_LOF_REVIEWED,NEGATIVE:LOSS_OF_FUNCTION:RESISTANT:NEGATIVE_LOF_REVIEWED;NEGATIVE:PENDING::
1190,Bedaquiline,Rv0678,p.Tyr26His,missense_variant,G3,,3) Uncertain significance,protein_substitution,,primary,R,excluded,,excluded_uncertain_g3_or_unmapped_grade,2,LOSS_OF_FUNCTION|PENDING,NEGATIVE_LOF_REVIEWED,NEGATIVE:LOSS_OF_FUNCTION:RESISTANT:NEGATIVE_LOF_REVIEWED;NEGATIVE:PENDING::
1191,Bedaquiline,Rv0678,p.Tyr92Cys,missense_variant,G3,,3) Uncertain significance,protein_substitution,,primary,R,excluded,,excluded_uncertain_g3_or_unmapped_grade,2,LOSS_OF_FUNCTION|PENDING,NEGATIVE_LOF_REVIEWED,NEGATIVE:LOSS_OF_FUNCTION:RESISTANT:NEGATIVE_LOF_REVIEWED;NEGATIVE:PENDING::
1192,Bedaquiline,Rv0678,p.Tyr92fs,frameshift,G2,R,2) Assoc w R - Interim,frameshift,true,primary,,unmatched,false,unsupported_non_snp_variant,0,,,
1193,Bedaquiline,Rv0678,p.Tyr92*,stop_gained,G2,R,2) Assoc w R - Interim,nonsense,true,primary,R,matched_final,true,,4,LOSS_OF_FUNCTION|PENDING,NEGATIVE_LOF_SIGNATURE,NEGATIVE:LOSS_OF_FUNCTION:RESISTANT:NEGATIVE_LOF_SIGNATURE;NEGATIVE:LOSS_OF_FUNCTION:RESISTANT:NEGATIVE_LOF_SIGNATURE;NEGATIVE:PENDING::;+1_more
1194,Bedaquiline,Rv0678,p.Val120Met,missense_variant,G3,,3) Uncertain significance,protein_substitution,,primary,,excluded,,excluded_uncertain_g3_or_unmapped_grade,2,FAILED|PENDING,,NEGATIVE:FAILED::;NEGATIVE:PENDING::
1195,Bedaquiline,Rv0678,p.Val20Ala,missense_variant,G3,,3) Uncertain significance,protein_substitution,,primary,,excluded,,excluded_uncertain_g3_or_unmapped_grade,2,FAILED|PENDING,,NEGATIVE:FAILED::;NEGATIVE:PENDING::
1196,Bedaquiline,Rv0678,p.Val20Gly,missense_variant,G3,,3) Uncertain significance,protein_substitution,,primary,R,excluded,,excluded_uncertain_g3_or_unmapped_grade,2,LOSS_OF_FUNCTION|PENDING,NEGATIVE_LOF_REVIEWED,NEGATIVE:LOSS_OF_FUNCTION:RESISTANT:NEGATIVE_LOF_REVIEWED;NEGATIVE:PENDING::
1197,Bedaquiline,Rv0678,p.Val7del,inframe_deletion,G3,,3) Uncertain significance,indel,,primary,,excluded,,excluded_uncertain_g3_or_unmapped_grade,0,,,
1198,Bedaquiline,Rv0678,p.Val7fs,frameshift,G2,R,2) Assoc w R - Interim,frameshift,true,primary,,unmatched,false,unsupported_non_snp_variant,0,,,
1199,Bedaquiline,Rv0678,p.Val85Ala,missense_variant,G3,,3) Uncertain significance,protein_substitution,,primary,,excluded,,excluded_uncertain_g3_or_unmapped_grade,2,FAILED|PENDING,,NEGATIVE:FAILED::;NEGATIVE:PENDING::
1200,Bedaquiline,Rv1979c,c.1006C>T,synonymous_variant,G4,S,4) Not assoc w R - Interim,snv,true,primary,S,matched_final,true,,2,COMPLETED,SYNONYMOUS_NO_PROTEIN_CHANGE,NEGATIVE:COMPLETED:SENSITIVE:SYNONYMOUS_NO_PROTEIN_CHANGE;NEGATIVE:COMPLETED:SENSITIVE:SYNONYMOUS_NO_PROTEIN_CHANGE
1201,Bedaquiline,Rv1979c,c.1035A>G,synonymous_variant,G4,S,4) Not assoc w R - Interim,snv,true,primary,S,matched_final,true,,2,COMPLETED,SYNONYMOUS_NO_PROTEIN_CHANGE,NEGATIVE:COMPLETED:SENSITIVE:SYNONYMOUS_NO_PROTEIN_CHANGE;NEGATIVE:COMPLETED:SENSITIVE:SYNONYMOUS_NO_PROTEIN_CHANGE
1202,Bedaquiline,Rv1979c,c.1041C>T,synonymous_variant,G4,S,4) Not assoc w R - Interim,snv,true,primary,S,matched_final,true,,2,COMPLETED,SYNONYMOUS_NO_PROTEIN_CHANGE,NEGATIVE:COMPLETED:SENSITIVE:SYNONYMOUS_NO_PROTEIN_CHANGE;NEGATIVE:COMPLETED:SENSITIVE:SYNONYMOUS_NO_PROTEIN_CHANGE
1203,Bedaquiline,Rv1979c,c.-106C>T,upstream_gene_variant,G3,,3) Uncertain significance,regulatory,,primary,S,excluded,,excluded_uncertain_g3_or_unmapped_grade,2,COMPLETED|PENDING,REGULATORY_SCENARIO_UNSUPPORTED,NEGATIVE:COMPLETED:UNKNOWN:REGULATORY_SCENARIO_UNSUPPORTED;NEGATIVE:PENDING::
1204,Bedaquiline,Rv1979c,c.-107G>A,upstream_gene_variant,G3,,3) Uncertain significance,regulatory,,primary,S,excluded,,excluded_uncertain_g3_or_unmapped_grade,2,COMPLETED|PENDING,REGULATORY_SCENARIO_UNSUPPORTED,NEGATIVE:COMPLETED:UNKNOWN:REGULATORY_SCENARIO_UNSUPPORTED;NEGATIVE:PENDING::
1205,Bedaquiline,Rv1979c,c.-10C>T,upstream_gene_variant,G3,,3) Uncertain significance,regulatory,,primary,S,excluded,,excluded_uncertain_g3_or_unmapped_grade,6,COMPLETED|PENDING,REGULATORY_SCENARIO_UNSUPPORTED,NEGATIVE:COMPLETED:UNKNOWN:REGULATORY_SCENARIO_UNSUPPORTED;NEGATIVE:PENDING::;NEGATIVE:COMPLETED:UNKNOWN:REGULATORY_SCENARIO_UNSUPPORTED;+3_more
1206,Bedaquiline,Rv1979c,c.1104G>T,synonymous_variant,G4,S,4) Not assoc w R - Interim,snv,true,primary,S,matched_final,true,,2,COMPLETED,SYNONYMOUS_NO_PROTEIN_CHANGE,NEGATIVE:COMPLETED:SENSITIVE:SYNONYMOUS_NO_PROTEIN_CHANGE;NEGATIVE:COMPLETED:SENSITIVE:SYNONYMOUS_NO_PROTEIN_CHANGE
1207,Bedaquiline,Rv1979c,c.-111delC,upstream_gene_variant,G3,,3) Uncertain significance,regulatory,,primary,,excluded,,excluded_uncertain_g3_or_unmapped_grade,0,,,
1208,Bedaquiline,Rv1979c,c.1122G>A,synonymous_variant,G4,S,4) Not assoc w R - Interim,snv,true,primary,S,matched_final,true,,2,COMPLETED,SYNONYMOUS_NO_PROTEIN_CHANGE,NEGATIVE:COMPLETED:SENSITIVE:SYNONYMOUS_NO_PROTEIN_CHANGE;NEGATIVE:COMPLETED:SENSITIVE:SYNONYMOUS_NO_PROTEIN_CHANGE
1209,Bedaquiline,Rv1979c,c.1140C>T,synonymous_variant,G4,S,4) Not assoc w R - Interim,snv,true,primary,S,matched_final,true,,2,COMPLETED,SYNONYMOUS_NO_PROTEIN_CHANGE,NEGATIVE:COMPLETED:SENSITIVE:SYNONYMOUS_NO_PROTEIN_CHANGE;NEGATIVE:COMPLETED:SENSITIVE:SYNONYMOUS_NO_PROTEIN_CHANGE
1210,Bedaquiline,Rv1979c,c.-114G>A,upstream_gene_variant,G3,,3) Uncertain significance,regulatory,,primary,S,excluded,,excluded_uncertain_g3_or_unmapped_grade,2,COMPLETED|PENDING,REGULATORY_SCENARIO_UNSUPPORTED,NEGATIVE:COMPLETED:UNKNOWN:REGULATORY_SCENARIO_UNSUPPORTED;NEGATIVE:PENDING::
1211,Bedaquiline,Rv1979c,c.1176T>G,synonymous_variant,G4,S,4) Not assoc w R - Interim,snv,true,primary,S,matched_final,true,,2,COMPLETED,SYNONYMOUS_NO_PROTEIN_CHANGE,NEGATIVE:COMPLETED:SENSITIVE:SYNONYMOUS_NO_PROTEIN_CHANGE;NEGATIVE:COMPLETED:SENSITIVE:SYNONYMOUS_NO_PROTEIN_CHANGE
1212,Bedaquiline,Rv1979c,c.-120C>T,upstream_gene_variant,G3,,3) Uncertain significance,regulatory,,primary,S,excluded,,excluded_uncertain_g3_or_unmapped_grade,2,COMPLETED|PENDING,REGULATORY_SCENARIO_UNSUPPORTED,NEGATIVE:COMPLETED:UNKNOWN:REGULATORY_SCENARIO_UNSUPPORTED;NEGATIVE:PENDING::
1213,Bedaquiline,Rv1979c,c.-123G>T,upstream_gene_variant,G3,,3) Uncertain significance,regulatory,,primary,,excluded,,excluded_uncertain_g3_or_unmapped_grade,0,,,
1214,Bedaquiline,Rv1979c,c.1254G>A,synonymous_variant,G4,S,4) Not assoc w R - Interim,snv,true,primary,S,matched_final,true,,2,COMPLETED,SYNONYMOUS_NO_PROTEIN_CHANGE,NEGATIVE:COMPLETED:SENSITIVE:SYNONYMOUS_NO_PROTEIN_CHANGE;NEGATIVE:COMPLETED:SENSITIVE:SYNONYMOUS_NO_PROTEIN_CHANGE
1215,Bedaquiline,Rv1979c,c.1254G>T,synonymous_variant,G4,S,4) Not assoc w R - Interim,snv,true,primary,S,matched_final,true,,2,COMPLETED,SYNONYMOUS_NO_PROTEIN_CHANGE,NEGATIVE:COMPLETED:SENSITIVE:SYNONYMOUS_NO_PROTEIN_CHANGE;NEGATIVE:COMPLETED:SENSITIVE:SYNONYMOUS_NO_PROTEIN_CHANGE
1216,Bedaquiline,Rv1979c,c.-125G>C,upstream_gene_variant,G3,,3) Uncertain significance,regulatory,,primary,,excluded,,excluded_uncertain_g3_or_unmapped_grade,0,,,
1217,Bedaquiline,Rv1979c,c.1282C>T,synonymous_variant,G4,S,4) Not assoc w R - Interim,snv,true,primary,S,matched_final,true,,2,COMPLETED,SYNONYMOUS_NO_PROTEIN_CHANGE,NEGATIVE:COMPLETED:SENSITIVE:SYNONYMOUS_NO_PROTEIN_CHANGE;NEGATIVE:COMPLETED:SENSITIVE:SYNONYMOUS_NO_PROTEIN_CHANGE
1218,Bedaquiline,Rv1979c,c.1296C>T,synonymous_variant,G4,S,4) Not assoc w R - Interim,snv,true,primary,S,matched_final,true,,2,COMPLETED,SYNONYMOUS_NO_PROTEIN_CHANGE,NEGATIVE:COMPLETED:SENSITIVE:SYNONYMOUS_NO_PROTEIN_CHANGE;NEGATIVE:COMPLETED:SENSITIVE:SYNONYMOUS_NO_PROTEIN_CHANGE
1219,Bedaquiline,Rv1979c,c.-129A>G,upstream_gene_variant,G4,S,4) Not assoc w R - Interim,regulatory,false,primary,,unmatched,false,regulatory_out_of_config_window,0,,,
1220,Bedaquiline,Rv1979c,c.-13_-12insC,upstream_gene_variant,G3,,3) Uncertain significance,regulatory,,primary,,excluded,,excluded_uncertain_g3_or_unmapped_grade,0,,,
1221,Bedaquiline,Rv1979c,c.1302C>T,synonymous_variant,G4,S,4) Not assoc w R - Interim,snv,true,primary,S,matched_final,true,,2,COMPLETED,SYNONYMOUS_NO_PROTEIN_CHANGE,NEGATIVE:COMPLETED:SENSITIVE:SYNONYMOUS_NO_PROTEIN_CHANGE;NEGATIVE:COMPLETED:SENSITIVE:SYNONYMOUS_NO_PROTEIN_CHANGE
1222,Bedaquiline,Rv1979c,c.-130A>C,upstream_gene_variant,G3,,3) Uncertain significance,regulatory,,primary,,excluded,,excluded_uncertain_g3_or_unmapped_grade,0,,,
1223,Bedaquiline,Rv1979c,c.1317A>G,synonymous_variant,G4,S,4) Not assoc w R - Interim,snv,true,primary,S,matched_final,true,,2,COMPLETED,SYNONYMOUS_NO_PROTEIN_CHANGE,NEGATIVE:COMPLETED:SENSITIVE:SYNONYMOUS_NO_PROTEIN_CHANGE;NEGATIVE:COMPLETED:SENSITIVE:SYNONYMOUS_NO_PROTEIN_CHANGE
1224,Bedaquiline,Rv1979c,c.1320G>A,synonymous_variant,G4,S,4) Not assoc w R - Interim,snv,true,primary,S,matched_final,true,,2,COMPLETED,SYNONYMOUS_NO_PROTEIN_CHANGE,NEGATIVE:COMPLETED:SENSITIVE:SYNONYMOUS_NO_PROTEIN_CHANGE;NEGATIVE:COMPLETED:SENSITIVE:SYNONYMOUS_NO_PROTEIN_CHANGE
1225,Bedaquiline,Rv1979c,c.1329T>G,synonymous_variant,G4,S,4) Not assoc w R - Interim,snv,true,primary,S,matched_final,true,,2,COMPLETED,SYNONYMOUS_NO_PROTEIN_CHANGE,NEGATIVE:COMPLETED:SENSITIVE:SYNONYMOUS_NO_PROTEIN_CHANGE;NEGATIVE:COMPLETED:SENSITIVE:SYNONYMOUS_NO_PROTEIN_CHANGE
1226,Bedaquiline,Rv1979c,c.-133G>C,upstream_gene_variant,G3,,3) Uncertain significance,regulatory,,primary,,excluded,,excluded_uncertain_g3_or_unmapped_grade,0,,,
1227,Bedaquiline,Rv1979c,c.1350T>G,synonymous_variant,G4,S,4) Not assoc w R - Interim,snv,true,primary,S,matched_final,true,,2,COMPLETED,SYNONYMOUS_NO_PROTEIN_CHANGE,NEGATIVE:COMPLETED:SENSITIVE:SYNONYMOUS_NO_PROTEIN_CHANGE;NEGATIVE:COMPLETED:SENSITIVE:SYNONYMOUS_NO_PROTEIN_CHANGE
1228,Bedaquiline,Rv1979c,c.1440T>G,synonymous_variant,G4,S,4) Not assoc w R - Interim,snv,true,primary,S,matched_final,true,,2,COMPLETED,SYNONYMOUS_NO_PROTEIN_CHANGE,NEGATIVE:COMPLETED:SENSITIVE:SYNONYMOUS_NO_PROTEIN_CHANGE;NEGATIVE:COMPLETED:SENSITIVE:SYNONYMOUS_NO_PROTEIN_CHANGE
1229,Bedaquiline,Rv1979c,c.1443C>T,synonymous_variant,G4,S,4) Not assoc w R - Interim,snv,true,primary,S,matched_final,true,,2,COMPLETED,SYNONYMOUS_NO_PROTEIN_CHANGE,NEGATIVE:COMPLETED:SENSITIVE:SYNONYMOUS_NO_PROTEIN_CHANGE;NEGATIVE:COMPLETED:SENSITIVE:SYNONYMOUS_NO_PROTEIN_CHANGE
1230,Bedaquiline,Rv1979c,c.-154A>G,upstream_gene_variant,G3,,3) Uncertain significance,regulatory,,primary,,excluded,,excluded_uncertain_g3_or_unmapped_grade,0,,,
1231,Bedaquiline,Rv1979c,c.165C>T,synonymous_variant,G4,S,4) Not assoc w R - Interim,snv,true,primary,S,matched_final,true,,2,COMPLETED,SYNONYMOUS_NO_PROTEIN_CHANGE,NEGATIVE:COMPLETED:SENSITIVE:SYNONYMOUS_NO_PROTEIN_CHANGE;NEGATIVE:COMPLETED:SENSITIVE:SYNONYMOUS_NO_PROTEIN_CHANGE
1232,Bedaquiline,Rv1979c,c.-168A>C,upstream_gene_variant,G3,,3) Uncertain significance,regulatory,,primary,,excluded,,excluded_uncertain_g3_or_unmapped_grade,0,,,
1233,Bedaquiline,Rv1979c,c.-168A>G,upstream_gene_variant,G3,,3) Uncertain significance,regulatory,,primary,,excluded,,excluded_uncertain_g3_or_unmapped_grade,0,,,
1234,Bedaquiline,Rv1979c,c.-16A>C,upstream_gene_variant,G3,,3) Uncertain significance,regulatory,,primary,S,excluded,,excluded_uncertain_g3_or_unmapped_grade,6,COMPLETED|PENDING,REGULATORY_SCENARIO_UNSUPPORTED,NEGATIVE:COMPLETED:UNKNOWN:REGULATORY_SCENARIO_UNSUPPORTED;NEGATIVE:PENDING::;NEGATIVE:COMPLETED:UNKNOWN:REGULATORY_SCENARIO_UNSUPPORTED;+3_more
1235,Bedaquiline,Rv1979c,c.180C>A,synonymous_variant,G4,S,4) Not assoc w R - Interim,snv,true,primary,S,matched_final,true,,2,COMPLETED,SYNONYMOUS_NO_PROTEIN_CHANGE,NEGATIVE:COMPLETED:SENSITIVE:SYNONYMOUS_NO_PROTEIN_CHANGE;NEGATIVE:COMPLETED:SENSITIVE:SYNONYMOUS_NO_PROTEIN_CHANGE
1236,Bedaquiline,Rv1979c,c.183G>A,synonymous_variant,G4,S,4) Not assoc w R - Interim,snv,true,primary,S,matched_final,true,,2,COMPLETED,SYNONYMOUS_NO_PROTEIN_CHANGE,NEGATIVE:COMPLETED:SENSITIVE:SYNONYMOUS_NO_PROTEIN_CHANGE;NEGATIVE:COMPLETED:SENSITIVE:SYNONYMOUS_NO_PROTEIN_CHANGE
1237,Bedaquiline,Rv1979c,c.-186T>G,upstream_gene_variant,G3,,3) Uncertain significance,regulatory,,primary,,excluded,,excluded_uncertain_g3_or_unmapped_grade,0,,,
1238,Bedaquiline,Rv1979c,c.-18C>T,upstream_gene_variant,G3,,3) Uncertain significance,regulatory,,primary,S,excluded,,excluded_uncertain_g3_or_unmapped_grade,6,COMPLETED|PENDING,REGULATORY_SCENARIO_UNSUPPORTED,NEGATIVE:COMPLETED:UNKNOWN:REGULATORY_SCENARIO_UNSUPPORTED;NEGATIVE:PENDING::;NEGATIVE:COMPLETED:UNKNOWN:REGULATORY_SCENARIO_UNSUPPORTED;+3_more
1239,Bedaquiline,Rv1979c,c.18G>A,synonymous_variant,G4,S,4) Not assoc w R - Interim,snv,true,primary,S,matched_final,true,,2,COMPLETED,SYNONYMOUS_NO_PROTEIN_CHANGE,NEGATIVE:COMPLETED:SENSITIVE:SYNONYMOUS_NO_PROTEIN_CHANGE;NEGATIVE:COMPLETED:SENSITIVE:SYNONYMOUS_NO_PROTEIN_CHANGE
1240,Bedaquiline,Rv1979c,c.-191_-187delGATGC,upstream_gene_variant,G3,,3) Uncertain significance,regulatory,,primary,,excluded,,excluded_uncertain_g3_or_unmapped_grade,0,,,
1241,Bedaquiline,Rv1979c,c.192C>T,synonymous_variant,G4,S,4) Not assoc w R - Interim,snv,true,primary,S,matched_final,true,,2,COMPLETED,SYNONYMOUS_NO_PROTEIN_CHANGE,NEGATIVE:COMPLETED:SENSITIVE:SYNONYMOUS_NO_PROTEIN_CHANGE;NEGATIVE:COMPLETED:SENSITIVE:SYNONYMOUS_NO_PROTEIN_CHANGE
1242,Bedaquiline,Rv1979c,c.-19G>A,upstream_gene_variant,G3,,3) Uncertain significance,regulatory,,primary,S,excluded,,excluded_uncertain_g3_or_unmapped_grade,6,COMPLETED|PENDING,REGULATORY_SCENARIO_UNSUPPORTED,NEGATIVE:COMPLETED:UNKNOWN:REGULATORY_SCENARIO_UNSUPPORTED;NEGATIVE:PENDING::;NEGATIVE:COMPLETED:UNKNOWN:REGULATORY_SCENARIO_UNSUPPORTED;+3_more
1243,Bedaquiline,Rv1979c,c.1G>C,initiator_codon_variant,G4,S,4) Not assoc w R - Interim,snv,true,primary,S,matched_final,true,,2,COMPLETED|PENDING,NEGATIVE_FUNCTION_RETAINED,NEGATIVE:COMPLETED:SENSITIVE:NEGATIVE_FUNCTION_RETAINED;NEGATIVE:PENDING::
1244,Bedaquiline,Rv1979c,c.-208C>G,upstream_gene_variant,G3,,3) Uncertain significance,regulatory,,primary,,excluded,,excluded_uncertain_g3_or_unmapped_grade,0,,,
1245,Bedaquiline,Rv1979c,c.-210C>T,upstream_gene_variant,G3,,3) Uncertain significance,regulatory,,primary,,excluded,,excluded_uncertain_g3_or_unmapped_grade,0,,,
1246,Bedaquiline,Rv1979c,c.-214G>A,upstream_gene_variant,G3,,3) Uncertain significance,regulatory,,primary,,excluded,,excluded_uncertain_g3_or_unmapped_grade,0,,,
1247,Bedaquiline,Rv1979c,c.-218A>G,upstream_gene_variant,G3,,3) Uncertain significance,regulatory,,primary,,excluded,,excluded_uncertain_g3_or_unmapped_grade,0,,,
1248,Bedaquiline,Rv1979c,c.-221G>A,upstream_gene_variant,G3,,3) Uncertain significance,regulatory,,primary,,excluded,,excluded_uncertain_g3_or_unmapped_grade,0,,,
1249,Bedaquiline,Rv1979c,c.-234_-217delCCGGCCCAACCCAGGTAT,upstream_gene_variant,G3,,3) Uncertain significance,regulatory,,primary,,excluded,,excluded_uncertain_g3_or_unmapped_grade,0,,,
1250,Bedaquiline,Rv1979c,c.234C>G,synonymous_variant,G4,S,4) Not assoc w R - Interim,snv,true,primary,S,matched_final,true,,2,COMPLETED,SYNONYMOUS_NO_PROTEIN_CHANGE,NEGATIVE:COMPLETED:SENSITIVE:SYNONYMOUS_NO_PROTEIN_CHANGE;NEGATIVE:COMPLETED:SENSITIVE:SYNONYMOUS_NO_PROTEIN_CHANGE
1251,Bedaquiline,Rv1979c,c.-235G>T,upstream_gene_variant,G3,,3) Uncertain significance,regulatory,,primary,,excluded,,excluded_uncertain_g3_or_unmapped_grade,0,,,
1252,Bedaquiline,Rv1979c,c.-236A>C,upstream_gene_variant,G3,,3) Uncertain significance,regulatory,,primary,,excluded,,excluded_uncertain_g3_or_unmapped_grade,0,,,
1253,Bedaquiline,Rv1979c,c.240C>T,synonymous_variant,G4,S,4) Not assoc w R - Interim,snv,true,primary,S,matched_final,true,,2,COMPLETED,SYNONYMOUS_NO_PROTEIN_CHANGE,NEGATIVE:COMPLETED:SENSITIVE:SYNONYMOUS_NO_PROTEIN_CHANGE;NEGATIVE:COMPLETED:SENSITIVE:SYNONYMOUS_NO_PROTEIN_CHANGE
1254,Bedaquiline,Rv1979c,c.-241G>A,upstream_gene_variant,G3,,3) Uncertain significance,regulatory,,primary,,excluded,,excluded_uncertain_g3_or_unmapped_grade,0,,,
1255,Bedaquiline,Rv1979c,c.-248G>A,upstream_gene_variant,G3,,3) Uncertain significance,regulatory,,primary,,excluded,,excluded_uncertain_g3_or_unmapped_grade,0,,,
1256,Bedaquiline,Rv1979c,c.249G>A,synonymous_variant,G4,S,4) Not assoc w R - Interim,snv,true,primary,S,matched_final,true,,2,COMPLETED,SYNONYMOUS_NO_PROTEIN_CHANGE,NEGATIVE:COMPLETED:SENSITIVE:SYNONYMOUS_NO_PROTEIN_CHANGE;NEGATIVE:COMPLETED:SENSITIVE:SYNONYMOUS_NO_PROTEIN_CHANGE
1257,Bedaquiline,Rv1979c,c.-250T>G,upstream_gene_variant,G3,,3) Uncertain significance,regulatory,,primary,,excluded,,excluded_uncertain_g3_or_unmapped_grade,0,,,
1258,Bedaquiline,Rv1979c,c.-253dupG,upstream_gene_variant,G3,,3) Uncertain significance,regulatory,,primary,,excluded,,excluded_uncertain_g3_or_unmapped_grade,0,,,
1259,Bedaquiline,Rv1979c,c.-258C>A,upstream_gene_variant,G3,,3) Uncertain significance,regulatory,,primary,,excluded,,excluded_uncertain_g3_or_unmapped_grade,0,,,
1260,Bedaquiline,Rv1979c,c.-258C>T,upstream_gene_variant,G3,,3) Uncertain significance,regulatory,,primary,,excluded,,excluded_uncertain_g3_or_unmapped_grade,0,,,
1261,Bedaquiline,Rv1979c,c.-265T>C,upstream_gene_variant,G3,,3) Uncertain significance,regulatory,,primary,,excluded,,excluded_uncertain_g3_or_unmapped_grade,0,,,
1262,Bedaquiline,Rv1979c,c.-265T>G,upstream_gene_variant,G3,,3) Uncertain significance,regulatory,,primary,,excluded,,excluded_uncertain_g3_or_unmapped_grade,0,,,
1263,Bedaquiline,Rv1979c,c.-26A>C,upstream_gene_variant,G3,,3) Uncertain significance,regulatory,,primary,S,excluded,,excluded_uncertain_g3_or_unmapped_grade,6,COMPLETED|PENDING,REGULATORY_SCENARIO_UNSUPPORTED,NEGATIVE:COMPLETED:UNKNOWN:REGULATORY_SCENARIO_UNSUPPORTED;NEGATIVE:PENDING::;NEGATIVE:COMPLETED:UNKNOWN:REGULATORY_SCENARIO_UNSUPPORTED;+3_more
1264,Bedaquiline,Rv1979c,c.-273T>G,upstream_gene_variant,G3,,3) Uncertain significance,regulatory,,primary,,excluded,,excluded_uncertain_g3_or_unmapped_grade,0,,,
1265,Bedaquiline,Rv1979c,c.-275G>A,upstream_gene_variant,G3,,3) Uncertain significance,regulatory,,primary,,excluded,,excluded_uncertain_g3_or_unmapped_grade,0,,,
1266,Bedaquiline,Rv1979c,c.-277G>T,upstream_gene_variant,G3,,3) Uncertain significance,regulatory,,primary,,excluded,,excluded_uncertain_g3_or_unmapped_grade,0,,,
1267,Bedaquiline,Rv1979c,c.-279G>A,upstream_gene_variant,G3,,3) Uncertain significance,regulatory,,primary,,excluded,,excluded_uncertain_g3_or_unmapped_grade,0,,,
1268,Bedaquiline,Rv1979c,c.-280G>A,upstream_gene_variant,G3,,3) Uncertain significance,regulatory,,primary,,excluded,,excluded_uncertain_g3_or_unmapped_grade,0,,,
1269,Bedaquiline,Rv1979c,c.-281C>A,upstream_gene_variant,G3,,3) Uncertain significance,regulatory,,primary,,excluded,,excluded_uncertain_g3_or_unmapped_grade,0,,,
1270,Bedaquiline,Rv1979c,c.-281C>T,upstream_gene_variant,G3,,3) Uncertain significance,regulatory,,primary,,excluded,,excluded_uncertain_g3_or_unmapped_grade,0,,,
1271,Bedaquiline,Rv1979c,c.285T>A,synonymous_variant,G4,S,4) Not assoc w R - Interim,snv,true,primary,S,matched_final,true,,2,COMPLETED,SYNONYMOUS_NO_PROTEIN_CHANGE,NEGATIVE:COMPLETED:SENSITIVE:SYNONYMOUS_NO_PROTEIN_CHANGE;NEGATIVE:COMPLETED:SENSITIVE:SYNONYMOUS_NO_PROTEIN_CHANGE
1272,Bedaquiline,Rv1979c,c.291C>G,synonymous_variant,G4,S,4) Not assoc w R - Interim,snv,true,primary,S,matched_final,true,,2,COMPLETED,SYNONYMOUS_NO_PROTEIN_CHANGE,NEGATIVE:COMPLETED:SENSITIVE:SYNONYMOUS_NO_PROTEIN_CHANGE;NEGATIVE:COMPLETED:SENSITIVE:SYNONYMOUS_NO_PROTEIN_CHANGE
1273,Bedaquiline,Rv1979c,c.-291T>C,upstream_gene_variant,G3,,3) Uncertain significance,regulatory,,primary,,excluded,,excluded_uncertain_g3_or_unmapped_grade,0,,,
1274,Bedaquiline,Rv1979c,c.-299C>T,upstream_gene_variant,G3,,3) Uncertain significance,regulatory,,primary,,excluded,,excluded_uncertain_g3_or_unmapped_grade,0,,,
1275,Bedaquiline,Rv1979c,c.306G>A,synonymous_variant,G4,S,4) Not assoc w R - Interim,snv,true,primary,S,matched_final,true,,2,COMPLETED,SYNONYMOUS_NO_PROTEIN_CHANGE,NEGATIVE:COMPLETED:SENSITIVE:SYNONYMOUS_NO_PROTEIN_CHANGE;NEGATIVE:COMPLETED:SENSITIVE:SYNONYMOUS_NO_PROTEIN_CHANGE
1276,Bedaquiline,Rv1979c,c.312C>T,synonymous_variant,G4,S,4) Not assoc w R - Interim,snv,true,primary,S,matched_final,true,,2,COMPLETED,SYNONYMOUS_NO_PROTEIN_CHANGE,NEGATIVE:COMPLETED:SENSITIVE:SYNONYMOUS_NO_PROTEIN_CHANGE;NEGATIVE:COMPLETED:SENSITIVE:SYNONYMOUS_NO_PROTEIN_CHANGE
1277,Bedaquiline,Rv1979c,c.-315C>T,upstream_gene_variant,G3,,3) Uncertain significance,regulatory,,primary,,excluded,,excluded_uncertain_g3_or_unmapped_grade,0,,,
1278,Bedaquiline,Rv1979c,c.-322T>C,upstream_gene_variant,G3,,3) Uncertain significance,regulatory,,primary,,excluded,,excluded_uncertain_g3_or_unmapped_grade,0,,,
1279,Bedaquiline,Rv1979c,c.-327C>A,upstream_gene_variant,G3,,3) Uncertain significance,regulatory,,primary,,excluded,,excluded_uncertain_g3_or_unmapped_grade,0,,,
1280,Bedaquiline,Rv1979c,c.-328G>C,upstream_gene_variant,G3,,3) Uncertain significance,regulatory,,primary,,excluded,,excluded_uncertain_g3_or_unmapped_grade,0,,,
1281,Bedaquiline,Rv1979c,c.-328G>T,upstream_gene_variant,G3,,3) Uncertain significance,regulatory,,primary,,excluded,,excluded_uncertain_g3_or_unmapped_grade,0,,,
1282,Bedaquiline,Rv1979c,c.-345T>C,upstream_gene_variant,G3,,3) Uncertain significance,regulatory,,primary,,excluded,,excluded_uncertain_g3_or_unmapped_grade,0,,,
1283,Bedaquiline,Rv1979c,c.-356C>G,upstream_gene_variant,G3,,3) Uncertain significance,regulatory,,primary,,excluded,,excluded_uncertain_g3_or_unmapped_grade,0,,,
1284,Bedaquiline,Rv1979c,c.-361_-353delCAGACCGGAinsT,upstream_gene_variant,G3,,3) Uncertain significance,regulatory,,primary,,excluded,,excluded_uncertain_g3_or_unmapped_grade,0,,,
1285,Bedaquiline,Rv1979c,c.-368G>A,upstream_gene_variant,G3,,3) Uncertain significance,regulatory,,primary,,excluded,,excluded_uncertain_g3_or_unmapped_grade,0,,,
1286,Bedaquiline,Rv1979c,c.369C>G,synonymous_variant,G4,S,4) Not assoc w R - Interim,snv,true,primary,S,matched_final,true,,2,COMPLETED,SYNONYMOUS_NO_PROTEIN_CHANGE,NEGATIVE:COMPLETED:SENSITIVE:SYNONYMOUS_NO_PROTEIN_CHANGE;NEGATIVE:COMPLETED:SENSITIVE:SYNONYMOUS_NO_PROTEIN_CHANGE
1287,Bedaquiline,Rv1979c,c.-378A>G,upstream_gene_variant,G3,,3) Uncertain significance,regulatory,,primary,,excluded,,excluded_uncertain_g3_or_unmapped_grade,0,,,
1288,Bedaquiline,Rv1979c,c.-386C>T,upstream_gene_variant,G3,,3) Uncertain significance,regulatory,,primary,,excluded,,excluded_uncertain_g3_or_unmapped_grade,0,,,
1289,Bedaquiline,Rv1979c,c.387C>T,synonymous_variant,G4,S,4) Not assoc w R - Interim,snv,true,primary,S,matched_final,true,,2,COMPLETED,SYNONYMOUS_NO_PROTEIN_CHANGE,NEGATIVE:COMPLETED:SENSITIVE:SYNONYMOUS_NO_PROTEIN_CHANGE;NEGATIVE:COMPLETED:SENSITIVE:SYNONYMOUS_NO_PROTEIN_CHANGE
1290,Bedaquiline,Rv1979c,c.-389C>A,upstream_gene_variant,G3,,3) Uncertain significance,regulatory,,primary,,excluded,,excluded_uncertain_g3_or_unmapped_grade,0,,,
1291,Bedaquiline,Rv1979c,c.-393T>C,upstream_gene_variant,G3,,3) Uncertain significance,regulatory,,primary,,excluded,,excluded_uncertain_g3_or_unmapped_grade,0,,,
1292,Bedaquiline,Rv1979c,c.-398A>G,upstream_gene_variant,G3,,3) Uncertain significance,regulatory,,primary,,excluded,,excluded_uncertain_g3_or_unmapped_grade,0,,,
1293,Bedaquiline,Rv1979c,c.-402T>C,upstream_gene_variant,G3,,3) Uncertain significance,regulatory,,primary,,excluded,,excluded_uncertain_g3_or_unmapped_grade,0,,,
1294,Bedaquiline,Rv1979c,c.408G>A,synonymous_variant,G4,S,4) Not assoc w R - Interim,snv,true,primary,S,matched_final,true,,2,COMPLETED,SYNONYMOUS_NO_PROTEIN_CHANGE,NEGATIVE:COMPLETED:SENSITIVE:SYNONYMOUS_NO_PROTEIN_CHANGE;NEGATIVE:COMPLETED:SENSITIVE:SYNONYMOUS_NO_PROTEIN_CHANGE
1295,Bedaquiline,Rv1979c,c.-411C>G,upstream_gene_variant,G3,,3) Uncertain significance,regulatory,,primary,,excluded,,excluded_uncertain_g3_or_unmapped_grade,0,,,
1296,Bedaquiline,Rv1979c,c.-426T>G,upstream_gene_variant,G3,,3) Uncertain significance,regulatory,,primary,,excluded,,excluded_uncertain_g3_or_unmapped_grade,0,,,
1297,Bedaquiline,Rv1979c,c.-429C>T,upstream_gene_variant,G3,,3) Uncertain significance,regulatory,,primary,,excluded,,excluded_uncertain_g3_or_unmapped_grade,0,,,
1298,Bedaquiline,Rv1979c,c.42G>A,synonymous_variant,G4,S,4) Not assoc w R - Interim,snv,true,primary,S,matched_final,true,,2,COMPLETED,SYNONYMOUS_NO_PROTEIN_CHANGE,NEGATIVE:COMPLETED:SENSITIVE:SYNONYMOUS_NO_PROTEIN_CHANGE;NEGATIVE:COMPLETED:SENSITIVE:SYNONYMOUS_NO_PROTEIN_CHANGE
1299,Bedaquiline,Rv1979c,c.42G>C,synonymous_variant,G4,S,4) Not assoc w R - Interim,snv,true,primary,S,matched_final,true,,2,COMPLETED,SYNONYMOUS_NO_PROTEIN_CHANGE,NEGATIVE:COMPLETED:SENSITIVE:SYNONYMOUS_NO_PROTEIN_CHANGE;NEGATIVE:COMPLETED:SENSITIVE:SYNONYMOUS_NO_PROTEIN_CHANGE
1300,Bedaquiline,Rv1979c,c.-440C>T,upstream_gene_variant,G3,,3) Uncertain significance,regulatory,,primary,,excluded,,excluded_uncertain_g3_or_unmapped_grade,0,,,
1301,Bedaquiline,Rv1979c,c.-447A>C,upstream_gene_variant,G3,,3) Uncertain significance,regulatory,,primary,,excluded,,excluded_uncertain_g3_or_unmapped_grade,0,,,
1302,Bedaquiline,Rv1979c,c.-44T>G,upstream_gene_variant,G3,,3) Uncertain significance,regulatory,,primary,S,excluded,,excluded_uncertain_g3_or_unmapped_grade,6,COMPLETED|PENDING,REGULATORY_SCENARIO_UNSUPPORTED,NEGATIVE:COMPLETED:UNKNOWN:REGULATORY_SCENARIO_UNSUPPORTED;NEGATIVE:PENDING::;NEGATIVE:COMPLETED:UNKNOWN:REGULATORY_SCENARIO_UNSUPPORTED;+3_more
1303,Bedaquiline,Rv1979c,c.-452T>C,upstream_gene_variant,G3,,3) Uncertain significance,regulatory,,primary,,excluded,,excluded_uncertain_g3_or_unmapped_grade,0,,,
1304,Bedaquiline,Rv1979c,c.-458G>A,upstream_gene_variant,G3,,3) Uncertain significance,regulatory,,primary,,excluded,,excluded_uncertain_g3_or_unmapped_grade,0,,,
1305,Bedaquiline,Rv1979c,c.-461C>A,upstream_gene_variant,G3,,3) Uncertain significance,regulatory,,primary,,excluded,,excluded_uncertain_g3_or_unmapped_grade,0,,,
1306,Bedaquiline,Rv1979c,c.465C>T,synonymous_variant,G4,S,4) Not assoc w R - Interim,snv,true,primary,S,matched_final,true,,2,COMPLETED,SYNONYMOUS_NO_PROTEIN_CHANGE,NEGATIVE:COMPLETED:SENSITIVE:SYNONYMOUS_NO_PROTEIN_CHANGE;NEGATIVE:COMPLETED:SENSITIVE:SYNONYMOUS_NO_PROTEIN_CHANGE
1307,Bedaquiline,Rv1979c,c.-50A>C,upstream_gene_variant,G3,,3) Uncertain significance,regulatory,,primary,S,excluded,,excluded_uncertain_g3_or_unmapped_grade,6,COMPLETED|PENDING,REGULATORY_SCENARIO_UNSUPPORTED,NEGATIVE:COMPLETED:UNKNOWN:REGULATORY_SCENARIO_UNSUPPORTED;NEGATIVE:PENDING::;NEGATIVE:COMPLETED:UNKNOWN:REGULATORY_SCENARIO_UNSUPPORTED;+3_more
1308,Bedaquiline,Rv1979c,c.546G>T,synonymous_variant,G4,S,4) Not assoc w R - Interim,snv,true,primary,S,matched_final,true,,2,COMPLETED,SYNONYMOUS_NO_PROTEIN_CHANGE,NEGATIVE:COMPLETED:SENSITIVE:SYNONYMOUS_NO_PROTEIN_CHANGE;NEGATIVE:COMPLETED:SENSITIVE:SYNONYMOUS_NO_PROTEIN_CHANGE
1309,Bedaquiline,Rv1979c,c.561C>T,synonymous_variant,G4,S,4) Not assoc w R - Interim,snv,true,primary,S,matched_final,true,,2,COMPLETED,SYNONYMOUS_NO_PROTEIN_CHANGE,NEGATIVE:COMPLETED:SENSITIVE:SYNONYMOUS_NO_PROTEIN_CHANGE;NEGATIVE:COMPLETED:SENSITIVE:SYNONYMOUS_NO_PROTEIN_CHANGE
1310,Bedaquiline,Rv1979c,c.594G>A,synonymous_variant,G4,S,4) Not assoc w R - Interim,snv,true,primary,S,matched_final,true,,2,COMPLETED,SYNONYMOUS_NO_PROTEIN_CHANGE,NEGATIVE:COMPLETED:SENSITIVE:SYNONYMOUS_NO_PROTEIN_CHANGE;NEGATIVE:COMPLETED:SENSITIVE:SYNONYMOUS_NO_PROTEIN_CHANGE
1311,Bedaquiline,Rv1979c,c.-59A>G,upstream_gene_variant,G3,,3) Uncertain significance,regulatory,,primary,S,excluded,,excluded_uncertain_g3_or_unmapped_grade,6,COMPLETED|PENDING,REGULATORY_SCENARIO_UNSUPPORTED,NEGATIVE:COMPLETED:UNKNOWN:REGULATORY_SCENARIO_UNSUPPORTED;NEGATIVE:PENDING::;NEGATIVE:COMPLETED:UNKNOWN:REGULATORY_SCENARIO_UNSUPPORTED;+3_more
1312,Bedaquiline,Rv1979c,c.612G>T,synonymous_variant,G4,S,4) Not assoc w R - Interim,snv,true,primary,S,matched_final,true,,2,COMPLETED,SYNONYMOUS_NO_PROTEIN_CHANGE,NEGATIVE:COMPLETED:SENSITIVE:SYNONYMOUS_NO_PROTEIN_CHANGE;NEGATIVE:COMPLETED:SENSITIVE:SYNONYMOUS_NO_PROTEIN_CHANGE
1313,Bedaquiline,Rv1979c,c.660T>C,synonymous_variant,G4,S,4) Not assoc w R - Interim,snv,true,primary,S,matched_final,true,,2,COMPLETED,SYNONYMOUS_NO_PROTEIN_CHANGE,NEGATIVE:COMPLETED:SENSITIVE:SYNONYMOUS_NO_PROTEIN_CHANGE;NEGATIVE:COMPLETED:SENSITIVE:SYNONYMOUS_NO_PROTEIN_CHANGE
1314,Bedaquiline,Rv1979c,c.681C>A,synonymous_variant,G4,S,4) Not assoc w R - Interim,snv,true,primary,S,matched_final,true,,2,COMPLETED,SYNONYMOUS_NO_PROTEIN_CHANGE,NEGATIVE:COMPLETED:SENSITIVE:SYNONYMOUS_NO_PROTEIN_CHANGE;NEGATIVE:COMPLETED:SENSITIVE:SYNONYMOUS_NO_PROTEIN_CHANGE
1315,Bedaquiline,Rv1979c,c.-68A>G,upstream_gene_variant,G3,,3) Uncertain significance,regulatory,,primary,S,excluded,,excluded_uncertain_g3_or_unmapped_grade,6,COMPLETED|PENDING,REGULATORY_SCENARIO_UNSUPPORTED,NEGATIVE:COMPLETED:UNKNOWN:REGULATORY_SCENARIO_UNSUPPORTED;NEGATIVE:PENDING::;NEGATIVE:COMPLETED:UNKNOWN:REGULATORY_SCENARIO_UNSUPPORTED;+3_more
1316,Bedaquiline,Rv1979c,c.-69G>C,upstream_gene_variant,G3,,3) Uncertain significance,regulatory,,primary,S,excluded,,excluded_uncertain_g3_or_unmapped_grade,6,COMPLETED|PENDING,REGULATORY_SCENARIO_UNSUPPORTED,NEGATIVE:COMPLETED:UNKNOWN:REGULATORY_SCENARIO_UNSUPPORTED;NEGATIVE:PENDING::;NEGATIVE:COMPLETED:UNKNOWN:REGULATORY_SCENARIO_UNSUPPORTED;+3_more
1317,Bedaquiline,Rv1979c,c.6C>T,synonymous_variant,G4,S,4) Not assoc w R - Interim,snv,true,primary,S,matched_final,true,,2,COMPLETED,SYNONYMOUS_NO_PROTEIN_CHANGE,NEGATIVE:COMPLETED:SENSITIVE:SYNONYMOUS_NO_PROTEIN_CHANGE;NEGATIVE:COMPLETED:SENSITIVE:SYNONYMOUS_NO_PROTEIN_CHANGE
1318,Bedaquiline,Rv1979c,c.702T>C,synonymous_variant,G4,S,4) Not assoc w R - Interim,snv,true,primary,S,matched_final,true,,2,COMPLETED,SYNONYMOUS_NO_PROTEIN_CHANGE,NEGATIVE:COMPLETED:SENSITIVE:SYNONYMOUS_NO_PROTEIN_CHANGE;NEGATIVE:COMPLETED:SENSITIVE:SYNONYMOUS_NO_PROTEIN_CHANGE
1319,Bedaquiline,Rv1979c,c.-70G>A,upstream_gene_variant,G3,,3) Uncertain significance,regulatory,,primary,S,excluded,,excluded_uncertain_g3_or_unmapped_grade,6,COMPLETED|PENDING,REGULATORY_SCENARIO_UNSUPPORTED,NEGATIVE:COMPLETED:UNKNOWN:REGULATORY_SCENARIO_UNSUPPORTED;NEGATIVE:PENDING::;NEGATIVE:COMPLETED:UNKNOWN:REGULATORY_SCENARIO_UNSUPPORTED;+3_more
1320,Bedaquiline,Rv1979c,c.741G>T,synonymous_variant,G4,S,4) Not assoc w R - Interim,snv,true,primary,S,matched_final,true,,2,COMPLETED,SYNONYMOUS_NO_PROTEIN_CHANGE,NEGATIVE:COMPLETED:SENSITIVE:SYNONYMOUS_NO_PROTEIN_CHANGE;NEGATIVE:COMPLETED:SENSITIVE:SYNONYMOUS_NO_PROTEIN_CHANGE
1321,Bedaquiline,Rv1979c,c.750G>A,synonymous_variant,G4,S,4) Not assoc w R - Interim,snv,true,primary,S,matched_final,true,,2,COMPLETED,SYNONYMOUS_NO_PROTEIN_CHANGE,NEGATIVE:COMPLETED:SENSITIVE:SYNONYMOUS_NO_PROTEIN_CHANGE;NEGATIVE:COMPLETED:SENSITIVE:SYNONYMOUS_NO_PROTEIN_CHANGE
1322,Bedaquiline,Rv1979c,c.754C>T,synonymous_variant,G4,S,4) Not assoc w R - Interim,snv,true,primary,S,matched_final,true,,2,COMPLETED,SYNONYMOUS_NO_PROTEIN_CHANGE,NEGATIVE:COMPLETED:SENSITIVE:SYNONYMOUS_NO_PROTEIN_CHANGE;NEGATIVE:COMPLETED:SENSITIVE:SYNONYMOUS_NO_PROTEIN_CHANGE
1323,Bedaquiline,Rv1979c,c.777G>A,synonymous_variant,G4,S,4) Not assoc w R - Interim,snv,true,primary,S,matched_final,true,,2,COMPLETED,SYNONYMOUS_NO_PROTEIN_CHANGE,NEGATIVE:COMPLETED:SENSITIVE:SYNONYMOUS_NO_PROTEIN_CHANGE;NEGATIVE:COMPLETED:SENSITIVE:SYNONYMOUS_NO_PROTEIN_CHANGE
1324,Bedaquiline,Rv1979c,c.-78_-67delACAGGCCGGGAG,upstream_gene_variant,G3,,3) Uncertain significance,regulatory,,primary,,excluded,,excluded_uncertain_g3_or_unmapped_grade,0,,,
1325,Bedaquiline,Rv1979c,c.780C>T,synonymous_variant,G4,S,4) Not assoc w R - Interim,snv,true,primary,S,matched_final,true,,2,COMPLETED,SYNONYMOUS_NO_PROTEIN_CHANGE,NEGATIVE:COMPLETED:SENSITIVE:SYNONYMOUS_NO_PROTEIN_CHANGE;NEGATIVE:COMPLETED:SENSITIVE:SYNONYMOUS_NO_PROTEIN_CHANGE
1326,Bedaquiline,Rv1979c,c.802T>C,synonymous_variant,G4,S,4) Not assoc w R - Interim,snv,true,primary,S,matched_final,true,,2,COMPLETED,SYNONYMOUS_NO_PROTEIN_CHANGE,NEGATIVE:COMPLETED:SENSITIVE:SYNONYMOUS_NO_PROTEIN_CHANGE;NEGATIVE:COMPLETED:SENSITIVE:SYNONYMOUS_NO_PROTEIN_CHANGE
1327,Bedaquiline,Rv1979c,c.84C>T,synonymous_variant,G4,S,4) Not assoc w R - Interim,snv,true,primary,S,matched_final,true,,2,COMPLETED,SYNONYMOUS_NO_PROTEIN_CHANGE,NEGATIVE:COMPLETED:SENSITIVE:SYNONYMOUS_NO_PROTEIN_CHANGE;NEGATIVE:COMPLETED:SENSITIVE:SYNONYMOUS_NO_PROTEIN_CHANGE
1328,Bedaquiline,Rv1979c,c.867G>C,synonymous_variant,G4,S,4) Not assoc w R - Interim,snv,true,primary,S,matched_final,true,,2,COMPLETED,SYNONYMOUS_NO_PROTEIN_CHANGE,NEGATIVE:COMPLETED:SENSITIVE:SYNONYMOUS_NO_PROTEIN_CHANGE;NEGATIVE:COMPLETED:SENSITIVE:SYNONYMOUS_NO_PROTEIN_CHANGE
1329,Bedaquiline,Rv1979c,c.882C>G,synonymous_variant,G4,S,4) Not assoc w R - Interim,snv,true,primary,S,matched_final,true,,2,COMPLETED,SYNONYMOUS_NO_PROTEIN_CHANGE,NEGATIVE:COMPLETED:SENSITIVE:SYNONYMOUS_NO_PROTEIN_CHANGE;NEGATIVE:COMPLETED:SENSITIVE:SYNONYMOUS_NO_PROTEIN_CHANGE
1330,Bedaquiline,Rv1979c,c.93T>C,synonymous_variant,G4,S,4) Not assoc w R - Interim,snv,true,primary,S,matched_final,true,,2,COMPLETED,SYNONYMOUS_NO_PROTEIN_CHANGE,NEGATIVE:COMPLETED:SENSITIVE:SYNONYMOUS_NO_PROTEIN_CHANGE;NEGATIVE:COMPLETED:SENSITIVE:SYNONYMOUS_NO_PROTEIN_CHANGE
1331,Bedaquiline,Rv1979c,c.-96C>T,upstream_gene_variant,G3,,3) Uncertain significance,regulatory,,primary,S,excluded,,excluded_uncertain_g3_or_unmapped_grade,2,COMPLETED|PENDING,REGULATORY_SCENARIO_UNSUPPORTED,NEGATIVE:COMPLETED:UNKNOWN:REGULATORY_SCENARIO_UNSUPPORTED;NEGATIVE:PENDING::
1332,Bedaquiline,Rv1979c,deletion,feature_ablation,G3,,3) Uncertain significance,indel,,primary,,excluded,,excluded_uncertain_g3_or_unmapped_grade,0,,,
1333,Bedaquiline,Rv1979c,LoF,LoF,G3,,3) Uncertain significance,generic_lof,,primary,,excluded,,excluded_uncertain_g3_or_unmapped_grade,0,,,
1334,Bedaquiline,Rv1979c,p.Ala105Asp,missense_variant,G3,,3) Uncertain significance,protein_substitution,,primary,R,excluded,,excluded_uncertain_g3_or_unmapped_grade,2,LOSS_OF_FUNCTION|PENDING,NEGATIVE_LOF_REVIEWED,NEGATIVE:LOSS_OF_FUNCTION:RESISTANT:NEGATIVE_LOF_REVIEWED;NEGATIVE:PENDING::
1335,Bedaquiline,Rv1979c,p.Ala105Thr,missense_variant,G3,,3) Uncertain significance,protein_substitution,,primary,,excluded,,excluded_uncertain_g3_or_unmapped_grade,2,FAILED|PENDING,,NEGATIVE:FAILED::;NEGATIVE:PENDING::
1336,Bedaquiline,Rv1979c,p.Ala10Val,missense_variant,G3,,3) Uncertain significance,protein_substitution,,primary,,excluded,,excluded_uncertain_g3_or_unmapped_grade,2,FAILED|PENDING,ANALYSIS_FAILED,NEGATIVE:FAILED:UNKNOWN:ANALYSIS_FAILED;NEGATIVE:PENDING::
1337,Bedaquiline,Rv1979c,p.Ala121Val,missense_variant,G3,,3) Uncertain significance,protein_substitution,,primary,,excluded,,excluded_uncertain_g3_or_unmapped_grade,2,FAILED|PENDING,,NEGATIVE:FAILED::;NEGATIVE:PENDING::
1338,Bedaquiline,Rv1979c,p.Ala126Thr,missense_variant,G3,,3) Uncertain significance,protein_substitution,,primary,,excluded,,excluded_uncertain_g3_or_unmapped_grade,2,FAILED|PENDING,,NEGATIVE:FAILED::;NEGATIVE:PENDING::
1339,Bedaquiline,Rv1979c,p.Ala158Thr,missense_variant,G3,,3) Uncertain significance,protein_substitution,,primary,,excluded,,excluded_uncertain_g3_or_unmapped_grade,2,FAILED|PENDING,,NEGATIVE:FAILED::;NEGATIVE:PENDING::
1340,Bedaquiline,Rv1979c,p.Ala199Gly,missense_variant,G3,,3) Uncertain significance,protein_substitution,,primary,,excluded,,excluded_uncertain_g3_or_unmapped_grade,2,FAILED|PENDING,,NEGATIVE:FAILED::;NEGATIVE:PENDING::
1341,Bedaquiline,Rv1979c,p.Ala202Ser,missense_variant,G3,,3) Uncertain significance,protein_substitution,,primary,,excluded,,excluded_uncertain_g3_or_unmapped_grade,2,FAILED|PENDING,,NEGATIVE:FAILED::;NEGATIVE:PENDING::
1342,Bedaquiline,Rv1979c,p.Ala222Thr,missense_variant,G3,,3) Uncertain significance,protein_substitution,,primary,,excluded,,excluded_uncertain_g3_or_unmapped_grade,2,FAILED|PENDING,ANALYSIS_FAILED,NEGATIVE:FAILED:UNKNOWN:ANALYSIS_FAILED;NEGATIVE:PENDING::
1343,Bedaquiline,Rv1979c,p.Ala247Thr,missense_variant,G3,,3) Uncertain significance,protein_substitution,,primary,,excluded,,excluded_uncertain_g3_or_unmapped_grade,2,FAILED|PENDING,,NEGATIVE:FAILED::;NEGATIVE:PENDING::
1344,Bedaquiline,Rv1979c,p.Ala247Val,missense_variant,G3,,3) Uncertain significance,protein_substitution,,primary,,excluded,,excluded_uncertain_g3_or_unmapped_grade,2,FAILED|PENDING,,NEGATIVE:FAILED::;NEGATIVE:PENDING::
1345,Bedaquiline,Rv1979c,p.Ala259Glu,missense_variant,G3,,3) Uncertain significance,protein_substitution,,primary,R,excluded,,excluded_uncertain_g3_or_unmapped_grade,2,LOSS_OF_FUNCTION|PENDING,NEGATIVE_LOF_REVIEWED,NEGATIVE:LOSS_OF_FUNCTION:RESISTANT:NEGATIVE_LOF_REVIEWED;NEGATIVE:PENDING::
1346,Bedaquiline,Rv1979c,p.Ala259Thr,missense_variant,G3,,3) Uncertain significance,protein_substitution,,primary,,excluded,,excluded_uncertain_g3_or_unmapped_grade,2,FAILED|PENDING,ANALYSIS_FAILED,NEGATIVE:FAILED:UNKNOWN:ANALYSIS_FAILED;NEGATIVE:PENDING::
1347,Bedaquiline,Rv1979c,p.Ala298Ser,missense_variant,G3,,3) Uncertain significance,protein_substitution,,primary,,excluded,,excluded_uncertain_g3_or_unmapped_grade,2,FAILED|PENDING,,NEGATIVE:FAILED::;NEGATIVE:PENDING::
1348,Bedaquiline,Rv1979c,p.Ala331Val,missense_variant,G3,,3) Uncertain significance,protein_substitution,,primary,,excluded,,excluded_uncertain_g3_or_unmapped_grade,2,FAILED|PENDING,ANALYSIS_FAILED,NEGATIVE:FAILED:UNKNOWN:ANALYSIS_FAILED;NEGATIVE:PENDING::
1349,Bedaquiline,Rv1979c,p.Ala357Val,missense_variant,G3,,3) Uncertain significance,protein_substitution,,primary,,excluded,,excluded_uncertain_g3_or_unmapped_grade,2,FAILED|PENDING,,NEGATIVE:FAILED::;NEGATIVE:PENDING::
1350,Bedaquiline,Rv1979c,p.Ala378Thr,missense_variant,G3,,3) Uncertain significance,protein_substitution,,primary,,excluded,,excluded_uncertain_g3_or_unmapped_grade,2,FAILED|PENDING,,NEGATIVE:FAILED::;NEGATIVE:PENDING::
1351,Bedaquiline,Rv1979c,p.Ala401Thr,missense_variant,G3,,3) Uncertain significance,protein_substitution,,primary,,excluded,,excluded_uncertain_g3_or_unmapped_grade,2,FAILED|PENDING,,NEGATIVE:FAILED::;NEGATIVE:PENDING::
1352,Bedaquiline,Rv1979c,p.Ala405Pro,missense_variant,G3,,3) Uncertain significance,protein_substitution,,primary,,excluded,,excluded_uncertain_g3_or_unmapped_grade,2,FAILED|PENDING,,NEGATIVE:FAILED::;NEGATIVE:PENDING::
1353,Bedaquiline,Rv1979c,p.Ala406Thr,missense_variant,G3,,3) Uncertain significance,protein_substitution,,primary,,excluded,,excluded_uncertain_g3_or_unmapped_grade,2,FAILED|PENDING,,NEGATIVE:FAILED::;NEGATIVE:PENDING::
1354,Bedaquiline,Rv1979c,p.Ala429fs,frameshift,G3,,3) Uncertain significance,frameshift,,primary,,excluded,,excluded_uncertain_g3_or_unmapped_grade,0,,,
1355,Bedaquiline,Rv1979c,p.Ala461Glu,missense_variant,G3,,3) Uncertain significance,protein_substitution,,primary,,excluded,,excluded_uncertain_g3_or_unmapped_grade,2,FAILED|PENDING,ANALYSIS_FAILED,NEGATIVE:FAILED:UNKNOWN:ANALYSIS_FAILED;NEGATIVE:PENDING::
1356,Bedaquiline,Rv1979c,p.Ala47Thr,missense_variant,G3,,3) Uncertain significance,protein_substitution,,primary,,excluded,,excluded_uncertain_g3_or_unmapped_grade,2,FAILED|PENDING,,NEGATIVE:FAILED::;NEGATIVE:PENDING::
1357,Bedaquiline,Rv1979c,p.Ala66Ser,missense_variant,G3,,3) Uncertain significance,protein_substitution,,primary,,excluded,,excluded_uncertain_g3_or_unmapped_grade,2,FAILED|PENDING,ANALYSIS_FAILED,NEGATIVE:FAILED:UNKNOWN:ANALYSIS_FAILED;NEGATIVE:PENDING::
1358,Bedaquiline,Rv1979c,p.Ala66Val,missense_variant,G3,,3) Uncertain significance,protein_substitution,,primary,,excluded,,excluded_uncertain_g3_or_unmapped_grade,2,FAILED|PENDING,ANALYSIS_FAILED,NEGATIVE:FAILED:UNKNOWN:ANALYSIS_FAILED;NEGATIVE:PENDING::
1359,Bedaquiline,Rv1979c,p.Ala84Thr,missense_variant,G3,,3) Uncertain significance,protein_substitution,,primary,,excluded,,excluded_uncertain_g3_or_unmapped_grade,2,FAILED|PENDING,,NEGATIVE:FAILED::;NEGATIVE:PENDING::
1360,Bedaquiline,Rv1979c,p.Ala85Gly,missense_variant,G3,,3) Uncertain significance,protein_substitution,,primary,,excluded,,excluded_uncertain_g3_or_unmapped_grade,2,FAILED|PENDING,ANALYSIS_FAILED,NEGATIVE:FAILED:UNKNOWN:ANALYSIS_FAILED;NEGATIVE:PENDING::
1361,Bedaquiline,Rv1979c,p.Ala85Thr,missense_variant,G3,,3) Uncertain significance,protein_substitution,,primary,,excluded,,excluded_uncertain_g3_or_unmapped_grade,2,FAILED|PENDING,ANALYSIS_FAILED,NEGATIVE:FAILED:UNKNOWN:ANALYSIS_FAILED;NEGATIVE:PENDING::
1362,Bedaquiline,Rv1979c,p.Arg409Gln,missense_variant,G3,,3) Uncertain significance,protein_substitution,,primary,,excluded,,excluded_uncertain_g3_or_unmapped_grade,2,FAILED|PENDING,,NEGATIVE:FAILED::;NEGATIVE:PENDING::
1363,Bedaquiline,Rv1979c,p.Arg441Trp,missense_variant,G3,,3) Uncertain significance,protein_substitution,,primary,,excluded,,excluded_uncertain_g3_or_unmapped_grade,2,FAILED|PENDING,,NEGATIVE:FAILED::;NEGATIVE:PENDING::
1364,Bedaquiline,Rv1979c,p.Arg473dup,inframe_insertion,G3,,3) Uncertain significance,indel,,primary,,excluded,,excluded_uncertain_g3_or_unmapped_grade,0,,,
1365,Bedaquiline,Rv1979c,p.Arg7Lys,missense_variant,G3,,3) Uncertain significance,protein_substitution,,primary,,excluded,,excluded_uncertain_g3_or_unmapped_grade,2,FAILED|PENDING,,NEGATIVE:FAILED::;NEGATIVE:PENDING::
1366,Bedaquiline,Rv1979c,p.Arg7Ser,missense_variant,G3,,3) Uncertain significance,protein_substitution,,primary,,excluded,,excluded_uncertain_g3_or_unmapped_grade,4,FAILED|PENDING,,NEGATIVE:FAILED::;NEGATIVE:FAILED::;NEGATIVE:PENDING::;+1_more
1367,Bedaquiline,Rv1979c,p.Arg88fs,frameshift,G3,,3) Uncertain significance,frameshift,,primary,,excluded,,excluded_uncertain_g3_or_unmapped_grade,0,,,
1368,Bedaquiline,Rv1979c,p.Arg88His,missense_variant,G3,,3) Uncertain significance,protein_substitution,,primary,,excluded,,excluded_uncertain_g3_or_unmapped_grade,2,FAILED|PENDING,,NEGATIVE:FAILED::;NEGATIVE:PENDING::
1369,Bedaquiline,Rv1979c,p.Arg88Leu,missense_variant,G3,,3) Uncertain significance,protein_substitution,,primary,R,excluded,,excluded_uncertain_g3_or_unmapped_grade,2,LOSS_OF_FUNCTION|PENDING,NEGATIVE_LOF_REVIEWED,NEGATIVE:LOSS_OF_FUNCTION:RESISTANT:NEGATIVE_LOF_REVIEWED;NEGATIVE:PENDING::
1370,Bedaquiline,Rv1979c,p.Asn240fs,frameshift,G3,,3) Uncertain significance,frameshift,,primary,,excluded,,excluded_uncertain_g3_or_unmapped_grade,0,,,
1371,Bedaquiline,Rv1979c,p.Asn297Ser,missense_variant,G3,,3) Uncertain significance,protein_substitution,,primary,,excluded,,excluded_uncertain_g3_or_unmapped_grade,2,FAILED|PENDING,,NEGATIVE:FAILED::;NEGATIVE:PENDING::
1372,Bedaquiline,Rv1979c,p.Asp129fs,frameshift,G3,,3) Uncertain significance,frameshift,,primary,,excluded,,excluded_uncertain_g3_or_unmapped_grade,0,,,
1373,Bedaquiline,Rv1979c,p.Asp249Glu,missense_variant,G3,,3) Uncertain significance,protein_substitution,,primary,,excluded,,excluded_uncertain_g3_or_unmapped_grade,4,FAILED|PENDING,,NEGATIVE:FAILED::;NEGATIVE:FAILED::;NEGATIVE:PENDING::;+1_more
1374,Bedaquiline,Rv1979c,p.Asp286Gly,missense_variant,G4,S,4) Not assoc w R - Interim,protein_substitution,true,primary,S,matched_final,true,,2,COMPLETED|PENDING,NEGATIVE_FUNCTION_RETAINED,NEGATIVE:COMPLETED:SENSITIVE:NEGATIVE_FUNCTION_RETAINED;NEGATIVE:PENDING::
1375,Bedaquiline,Rv1979c,p.Asp347Gly,missense_variant,G3,,3) Uncertain significance,protein_substitution,,primary,,excluded,,excluded_uncertain_g3_or_unmapped_grade,2,FAILED|PENDING,,NEGATIVE:FAILED::;NEGATIVE:PENDING::
1376,Bedaquiline,Rv1979c,p.Gln188fs,frameshift,G3,,3) Uncertain significance,frameshift,,primary,,excluded,,excluded_uncertain_g3_or_unmapped_grade,0,,,
1377,Bedaquiline,Rv1979c,p.Gln385*,stop_gained,G3,,3) Uncertain significance,nonsense,,primary,R,excluded,,excluded_uncertain_g3_or_unmapped_grade,2,LOSS_OF_FUNCTION|PENDING,NEGATIVE_LOF_SIGNATURE,NEGATIVE:LOSS_OF_FUNCTION:RESISTANT:NEGATIVE_LOF_SIGNATURE;NEGATIVE:PENDING::
1378,Bedaquiline,Rv1979c,p.Glu38Asp,missense_variant,G3,,3) Uncertain significance,protein_substitution,,primary,,excluded,,excluded_uncertain_g3_or_unmapped_grade,4,FAILED|PENDING,ANALYSIS_FAILED,NEGATIVE:FAILED:UNKNOWN:ANALYSIS_FAILED;NEGATIVE:FAILED:UNKNOWN:ANALYSIS_FAILED;NEGATIVE:PENDING::;+1_more
1379,Bedaquiline,Rv1979c,p.Glu38Lys,missense_variant,G3,,3) Uncertain significance,protein_substitution,,primary,,excluded,,excluded_uncertain_g3_or_unmapped_grade,2,FAILED|PENDING,ANALYSIS_FAILED,NEGATIVE:FAILED:UNKNOWN:ANALYSIS_FAILED;NEGATIVE:PENDING::
1380,Bedaquiline,Rv1979c,p.Glu403Gly,missense_variant,G3,,3) Uncertain significance,protein_substitution,,primary,,excluded,,excluded_uncertain_g3_or_unmapped_grade,2,FAILED|PENDING,,NEGATIVE:FAILED::;NEGATIVE:PENDING::
1381,Bedaquiline,Rv1979c,p.Gly107Ala,missense_variant,G3,,3) Uncertain significance,protein_substitution,,primary,,excluded,,excluded_uncertain_g3_or_unmapped_grade,2,FAILED|PENDING,,NEGATIVE:FAILED::;NEGATIVE:PENDING::
1382,Bedaquiline,Rv1979c,p.Gly181_Ile185del,inframe_deletion,G3,,3) Uncertain significance,indel,,primary,,excluded,,excluded_uncertain_g3_or_unmapped_grade,0,,,
1383,Bedaquiline,Rv1979c,p.Gly181Glu,missense_variant,G3,,3) Uncertain significance,protein_substitution,,primary,,excluded,,excluded_uncertain_g3_or_unmapped_grade,2,FAILED|PENDING,ANALYSIS_FAILED,NEGATIVE:FAILED:UNKNOWN:ANALYSIS_FAILED;NEGATIVE:PENDING::
1384,Bedaquiline,Rv1979c,p.Gly214Ser,missense_variant,G3,,3) Uncertain significance,protein_substitution,,primary,,excluded,,excluded_uncertain_g3_or_unmapped_grade,2,FAILED|PENDING,ANALYSIS_FAILED,NEGATIVE:FAILED:UNKNOWN:ANALYSIS_FAILED;NEGATIVE:PENDING::
1385,Bedaquiline,Rv1979c,p.Gly216Asp,missense_variant,G3,,3) Uncertain significance,protein_substitution,,primary,,excluded,,excluded_uncertain_g3_or_unmapped_grade,2,FAILED|PENDING,,NEGATIVE:FAILED::;NEGATIVE:PENDING::
1386,Bedaquiline,Rv1979c,p.Gly334Glu,missense_variant,G3,,3) Uncertain significance,protein_substitution,,primary,,excluded,,excluded_uncertain_g3_or_unmapped_grade,2,FAILED|PENDING,,NEGATIVE:FAILED::;NEGATIVE:PENDING::
1387,Bedaquiline,Rv1979c,p.His12Tyr,missense_variant,G3,,3) Uncertain significance,protein_substitution,,primary,,excluded,,excluded_uncertain_g3_or_unmapped_grade,2,FAILED|PENDING,ANALYSIS_FAILED,NEGATIVE:FAILED:UNKNOWN:ANALYSIS_FAILED;NEGATIVE:PENDING::
1388,Bedaquiline,Rv1979c,p.His404Tyr,missense_variant,G3,,3) Uncertain significance,protein_substitution,,primary,,excluded,,excluded_uncertain_g3_or_unmapped_grade,2,FAILED|PENDING,ANALYSIS_FAILED,NEGATIVE:FAILED:UNKNOWN:ANALYSIS_FAILED;NEGATIVE:PENDING::
1389,Bedaquiline,Rv1979c,p.His98Tyr,missense_variant,G3,,3) Uncertain significance,protein_substitution,,primary,,excluded,,excluded_uncertain_g3_or_unmapped_grade,2,FAILED|PENDING,,NEGATIVE:FAILED::;NEGATIVE:PENDING::
1390,Bedaquiline,Rv1979c,p.Ile100del,inframe_deletion,G3,,3) Uncertain significance,indel,,primary,,excluded,,excluded_uncertain_g3_or_unmapped_grade,0,,,
1391,Bedaquiline,Rv1979c,p.Ile104Thr,missense_variant,G3,,3) Uncertain significance,protein_substitution,,primary,,excluded,,excluded_uncertain_g3_or_unmapped_grade,2,FAILED|PENDING,,NEGATIVE:FAILED::;NEGATIVE:PENDING::
1392,Bedaquiline,Rv1979c,p.Ile226Thr,missense_variant,G3,,3) Uncertain significance,protein_substitution,,primary,,excluded,,excluded_uncertain_g3_or_unmapped_grade,2,FAILED|PENDING,,NEGATIVE:FAILED::;NEGATIVE:PENDING::
1393,Bedaquiline,Rv1979c,p.Ile238Thr,missense_variant,G3,,3) Uncertain significance,protein_substitution,,primary,,excluded,,excluded_uncertain_g3_or_unmapped_grade,2,FAILED|PENDING,ANALYSIS_FAILED,NEGATIVE:FAILED:UNKNOWN:ANALYSIS_FAILED;NEGATIVE:PENDING::
1394,Bedaquiline,Rv1979c,p.Ile256Thr,missense_variant,G3,,3) Uncertain significance,protein_substitution,,primary,,excluded,,excluded_uncertain_g3_or_unmapped_grade,2,FAILED|PENDING,ANALYSIS_FAILED,NEGATIVE:FAILED:UNKNOWN:ANALYSIS_FAILED;NEGATIVE:PENDING::
1395,Bedaquiline,Rv1979c,p.Ile304_Ala381del,inframe_deletion,G3,,3) Uncertain significance,indel,,primary,,excluded,,excluded_uncertain_g3_or_unmapped_grade,0,,,
1396,Bedaquiline,Rv1979c,p.Ile394Thr,missense_variant,G3,,3) Uncertain significance,protein_substitution,,primary,,excluded,,excluded_uncertain_g3_or_unmapped_grade,2,FAILED|PENDING,ANALYSIS_FAILED,NEGATIVE:FAILED:UNKNOWN:ANALYSIS_FAILED;NEGATIVE:PENDING::
1397,Bedaquiline,Rv1979c,p.Ile394Val,missense_variant,G3,,3) Uncertain significance,protein_substitution,,primary,,excluded,,excluded_uncertain_g3_or_unmapped_grade,2,FAILED|PENDING,,NEGATIVE:FAILED::;NEGATIVE:PENDING::
1398,Bedaquiline,Rv1979c,p.Leu14Arg,missense_variant,G3,,3) Uncertain significance,protein_substitution,,primary,,excluded,,excluded_uncertain_g3_or_unmapped_grade,2,FAILED|PENDING,,NEGATIVE:FAILED::;NEGATIVE:PENDING::
1399,Bedaquiline,Rv1979c,p.Leu174Phe,missense_variant,G3,,3) Uncertain significance,protein_substitution,,primary,,excluded,,excluded_uncertain_g3_or_unmapped_grade,2,FAILED|PENDING,,NEGATIVE:FAILED::;NEGATIVE:PENDING::
1400,Bedaquiline,Rv1979c,p.Leu229del,inframe_deletion,G3,,3) Uncertain significance,indel,,primary,,excluded,,excluded_uncertain_g3_or_unmapped_grade,0,,,
1401,Bedaquiline,Rv1979c,p.Leu229Ser,missense_variant,G3,,3) Uncertain significance,protein_substitution,,primary,R,excluded,,excluded_uncertain_g3_or_unmapped_grade,2,LOSS_OF_FUNCTION|PENDING,NEGATIVE_LOF_REVIEWED,NEGATIVE:LOSS_OF_FUNCTION:RESISTANT:NEGATIVE_LOF_REVIEWED;NEGATIVE:PENDING::
1402,Bedaquiline,Rv1979c,p.Leu330Val,missense_variant,G3,,3) Uncertain significance,protein_substitution,,primary,,excluded,,excluded_uncertain_g3_or_unmapped_grade,2,FAILED|PENDING,,NEGATIVE:FAILED::;NEGATIVE:PENDING::
1403,Bedaquiline,Rv1979c,p.Leu419Val,missense_variant,G3,,3) Uncertain significance,protein_substitution,,primary,,excluded,,excluded_uncertain_g3_or_unmapped_grade,2,FAILED|PENDING,,NEGATIVE:FAILED::;NEGATIVE:PENDING::
1404,Bedaquiline,Rv1979c,p.Lys13Gln,missense_variant,G3,,3) Uncertain significance,protein_substitution,,primary,,excluded,,excluded_uncertain_g3_or_unmapped_grade,2,FAILED|PENDING,ANALYSIS_FAILED,NEGATIVE:FAILED:UNKNOWN:ANALYSIS_FAILED;NEGATIVE:PENDING::
1405,Bedaquiline,Rv1979c,p.Met1?,start_lost,G3,,3) Uncertain significance,start_lost,,primary,,excluded,,excluded_uncertain_g3_or_unmapped_grade,0,,,
1406,Bedaquiline,Rv1979c,p.Met245Leu,missense_variant,G3,,3) Uncertain significance,protein_substitution,,primary,,excluded,,excluded_uncertain_g3_or_unmapped_grade,4,FAILED|PENDING,ANALYSIS_FAILED,NEGATIVE:FAILED:UNKNOWN:ANALYSIS_FAILED;NEGATIVE:FAILED:UNKNOWN:ANALYSIS_FAILED;NEGATIVE:PENDING::;+1_more
1407,Bedaquiline,Rv1979c,p.Met275Thr,missense_variant,G3,,3) Uncertain significance,protein_substitution,,primary,,excluded,,excluded_uncertain_g3_or_unmapped_grade,2,FAILED|PENDING,ANALYSIS_FAILED,NEGATIVE:FAILED:UNKNOWN:ANALYSIS_FAILED;NEGATIVE:PENDING::
1408,Bedaquiline,Rv1979c,p.Met49Ile,missense_variant,G3,,3) Uncertain significance,protein_substitution,,primary,,excluded,,excluded_uncertain_g3_or_unmapped_grade,6,FAILED|PENDING,ANALYSIS_FAILED,NEGATIVE:FAILED:UNKNOWN:ANALYSIS_FAILED;NEGATIVE:FAILED::;NEGATIVE:FAILED::;+3_more
1409,Bedaquiline,Rv1979c,p.Phe113fs,frameshift,G3,,3) Uncertain significance,frameshift,,primary,,excluded,,excluded_uncertain_g3_or_unmapped_grade,0,,,
1410,Bedaquiline,Rv1979c,p.Phe122Leu,missense_variant,G3,,3) Uncertain significance,protein_substitution,,primary,,excluded,,excluded_uncertain_g3_or_unmapped_grade,6,FAILED|PENDING,ANALYSIS_FAILED,NEGATIVE:FAILED::;NEGATIVE:FAILED:UNKNOWN:ANALYSIS_FAILED;NEGATIVE:FAILED::;+3_more
1411,Bedaquiline,Rv1979c,p.Phe144Cys,missense_variant,G3,,3) Uncertain significance,protein_substitution,,primary,,excluded,,excluded_uncertain_g3_or_unmapped_grade,2,FAILED|PENDING,,NEGATIVE:FAILED::;NEGATIVE:PENDING::
1412,Bedaquiline,Rv1979c,p.Phe144fs,frameshift,G3,,3) Uncertain significance,frameshift,,primary,,excluded,,excluded_uncertain_g3_or_unmapped_grade,0,,,
1413,Bedaquiline,Rv1979c,p.Phe154Val,missense_variant,G3,,3) Uncertain significance,protein_substitution,,primary,,excluded,,excluded_uncertain_g3_or_unmapped_grade,2,FAILED|PENDING,,NEGATIVE:FAILED::;NEGATIVE:PENDING::
1414,Bedaquiline,Rv1979c,p.Phe172Ser,missense_variant,G3,,3) Uncertain significance,protein_substitution,,primary,,excluded,,excluded_uncertain_g3_or_unmapped_grade,2,FAILED|PENDING,ANALYSIS_FAILED,NEGATIVE:FAILED:UNKNOWN:ANALYSIS_FAILED;NEGATIVE:PENDING::
1415,Bedaquiline,Rv1979c,p.Phe300Leu,missense_variant,G3,,3) Uncertain significance,protein_substitution,,primary,,excluded,,excluded_uncertain_g3_or_unmapped_grade,6,FAILED|PENDING,ANALYSIS_FAILED,NEGATIVE:FAILED::;NEGATIVE:FAILED:UNKNOWN:ANALYSIS_FAILED;NEGATIVE:FAILED::;+3_more
1416,Bedaquiline,Rv1979c,p.Phe300Val,missense_variant,G3,,3) Uncertain significance,protein_substitution,,primary,,excluded,,excluded_uncertain_g3_or_unmapped_grade,2,FAILED|PENDING,,NEGATIVE:FAILED::;NEGATIVE:PENDING::
1417,Bedaquiline,Rv1979c,p.Phe386Val,missense_variant,G3,,3) Uncertain significance,protein_substitution,,primary,,excluded,,excluded_uncertain_g3_or_unmapped_grade,2,FAILED|PENDING,ANALYSIS_FAILED,NEGATIVE:FAILED:UNKNOWN:ANALYSIS_FAILED;NEGATIVE:PENDING::
1418,Bedaquiline,Rv1979c,p.Phe412Cys,missense_variant,G3,,3) Uncertain significance,protein_substitution,,primary,,excluded,,excluded_uncertain_g3_or_unmapped_grade,2,FAILED|PENDING,ANALYSIS_FAILED,NEGATIVE:FAILED:UNKNOWN:ANALYSIS_FAILED;NEGATIVE:PENDING::
1419,Bedaquiline,Rv1979c,p.Pro123Ser,missense_variant,G3,,3) Uncertain significance,protein_substitution,,primary,,excluded,,excluded_uncertain_g3_or_unmapped_grade,2,FAILED|PENDING,,NEGATIVE:FAILED::;NEGATIVE:PENDING::
1420,Bedaquiline,Rv1979c,p.Pro36Ser,missense_variant,G3,,3) Uncertain significance,protein_substitution,,primary,R,excluded,,excluded_uncertain_g3_or_unmapped_grade,2,LOSS_OF_FUNCTION|PENDING,NEGATIVE_LOF_REVIEWED,NEGATIVE:LOSS_OF_FUNCTION:RESISTANT:NEGATIVE_LOF_REVIEWED;NEGATIVE:PENDING::
1421,Bedaquiline,Rv1979c,p.Pro478Gln,missense_variant,G3,,3) Uncertain significance,protein_substitution,,primary,,excluded,,excluded_uncertain_g3_or_unmapped_grade,2,FAILED|PENDING,,NEGATIVE:FAILED::;NEGATIVE:PENDING::
1422,Bedaquiline,Rv1979c,p.Pro4Ala,missense_variant,G3,,3) Uncertain significance,protein_substitution,,primary,,excluded,,excluded_uncertain_g3_or_unmapped_grade,2,FAILED|PENDING,,NEGATIVE:FAILED::;NEGATIVE:PENDING::
1423,Bedaquiline,Rv1979c,p.Ser175Leu,missense_variant,G3,,3) Uncertain significance,protein_substitution,,primary,,excluded,,excluded_uncertain_g3_or_unmapped_grade,2,FAILED|PENDING,,NEGATIVE:FAILED::;NEGATIVE:PENDING::
1424,Bedaquiline,Rv1979c,p.Ser206Leu,missense_variant,G3,,3) Uncertain significance,protein_substitution,,primary,,excluded,,excluded_uncertain_g3_or_unmapped_grade,2,FAILED|PENDING,ANALYSIS_FAILED,NEGATIVE:FAILED:UNKNOWN:ANALYSIS_FAILED;NEGATIVE:PENDING::
1425,Bedaquiline,Rv1979c,p.Ser219Ala,missense_variant,G3,,3) Uncertain significance,protein_substitution,,primary,,excluded,,excluded_uncertain_g3_or_unmapped_grade,2,FAILED|PENDING,,NEGATIVE:FAILED::;NEGATIVE:PENDING::
1426,Bedaquiline,Rv1979c,p.Ser219Trp,missense_variant,G3,,3) Uncertain significance,protein_substitution,,primary,,excluded,,excluded_uncertain_g3_or_unmapped_grade,2,FAILED|PENDING,ANALYSIS_FAILED,NEGATIVE:FAILED:UNKNOWN:ANALYSIS_FAILED;NEGATIVE:PENDING::
1427,Bedaquiline,Rv1979c,p.Ser237Leu,missense_variant,G3,,3) Uncertain significance,protein_substitution,,primary,R,excluded,,excluded_uncertain_g3_or_unmapped_grade,2,LOSS_OF_FUNCTION|PENDING,NEGATIVE_LOF_REVIEWED,NEGATIVE:LOSS_OF_FUNCTION:RESISTANT:NEGATIVE_LOF_REVIEWED;NEGATIVE:PENDING::
1428,Bedaquiline,Rv1979c,p.Ser262Leu,missense_variant,G3,,3) Uncertain significance,protein_substitution,,primary,,excluded,,excluded_uncertain_g3_or_unmapped_grade,2,FAILED|PENDING,,NEGATIVE:FAILED::;NEGATIVE:PENDING::
1429,Bedaquiline,Rv1979c,p.Ser320Leu,missense_variant,G3,,3) Uncertain significance,protein_substitution,,primary,R,excluded,,excluded_uncertain_g3_or_unmapped_grade,2,LOSS_OF_FUNCTION|PENDING,NEGATIVE_LOF_REVIEWED,NEGATIVE:LOSS_OF_FUNCTION:RESISTANT:NEGATIVE_LOF_REVIEWED;NEGATIVE:PENDING::
1430,Bedaquiline,Rv1979c,p.Ser352fs,frameshift,G3,,3) Uncertain significance,frameshift,,primary,,excluded,,excluded_uncertain_g3_or_unmapped_grade,0,,,
1431,Bedaquiline,Rv1979c,p.Ser358Leu,missense_variant,G3,,3) Uncertain significance,protein_substitution,,primary,,excluded,,excluded_uncertain_g3_or_unmapped_grade,2,FAILED|PENDING,,NEGATIVE:FAILED::;NEGATIVE:PENDING::
1432,Bedaquiline,Rv1979c,p.Ser358*,stop_gained,G3,,3) Uncertain significance,nonsense,,primary,R,excluded,,excluded_uncertain_g3_or_unmapped_grade,2,LOSS_OF_FUNCTION|PENDING,NEGATIVE_LOF_SIGNATURE,NEGATIVE:LOSS_OF_FUNCTION:RESISTANT:NEGATIVE_LOF_SIGNATURE;NEGATIVE:PENDING::
1433,Bedaquiline,Rv1979c,p.Thr270Ala,missense_variant,G3,,3) Uncertain significance,protein_substitution,,primary,,excluded,,excluded_uncertain_g3_or_unmapped_grade,2,FAILED|PENDING,,NEGATIVE:FAILED::;NEGATIVE:PENDING::
1434,Bedaquiline,Rv1979c,p.Thr270Ile,missense_variant,G3,,3) Uncertain significance,protein_substitution,,primary,,excluded,,excluded_uncertain_g3_or_unmapped_grade,2,FAILED|PENDING,,NEGATIVE:FAILED::;NEGATIVE:PENDING::
1435,Bedaquiline,Rv1979c,p.Thr356Lys,missense_variant,G3,,3) Uncertain significance,protein_substitution,,primary,R,excluded,,excluded_uncertain_g3_or_unmapped_grade,2,LOSS_OF_FUNCTION|PENDING,NEGATIVE_LOF_REVIEWED,NEGATIVE:LOSS_OF_FUNCTION:RESISTANT:NEGATIVE_LOF_REVIEWED;NEGATIVE:PENDING::
1436,Bedaquiline,Rv1979c,p.Thr413Asn,missense_variant,G3,,3) Uncertain significance,protein_substitution,,primary,,excluded,,excluded_uncertain_g3_or_unmapped_grade,2,FAILED|PENDING,,NEGATIVE:FAILED::;NEGATIVE:PENDING::
1437,Bedaquiline,Rv1979c,p.Thr82fs,frameshift,G3,,3) Uncertain significance,frameshift,,primary,,excluded,,excluded_uncertain_g3_or_unmapped_grade,0,,,
1438,Bedaquiline,Rv1979c,p.Thr83Ala,missense_variant,G3,,3) Uncertain significance,protein_substitution,,primary,,excluded,,excluded_uncertain_g3_or_unmapped_grade,2,FAILED|PENDING,,NEGATIVE:FAILED::;NEGATIVE:PENDING::
1439,Bedaquiline,Rv1979c,p.Trp106*,stop_gained,G3,,3) Uncertain significance,nonsense,,primary,R,excluded,,excluded_uncertain_g3_or_unmapped_grade,4,LOSS_OF_FUNCTION|PENDING,NEGATIVE_LOF_SIGNATURE,NEGATIVE:LOSS_OF_FUNCTION:RESISTANT:NEGATIVE_LOF_SIGNATURE;NEGATIVE:LOSS_OF_FUNCTION:RESISTANT:NEGATIVE_LOF_SIGNATURE;NEGATIVE:PENDING::;+1_more
1440,Bedaquiline,Rv1979c,p.Trp197*,stop_gained,G3,,3) Uncertain significance,nonsense,,primary,R,excluded,,excluded_uncertain_g3_or_unmapped_grade,4,LOSS_OF_FUNCTION|PENDING,NEGATIVE_LOF_SIGNATURE,NEGATIVE:LOSS_OF_FUNCTION:RESISTANT:NEGATIVE_LOF_SIGNATURE;NEGATIVE:LOSS_OF_FUNCTION:RESISTANT:NEGATIVE_LOF_SIGNATURE;NEGATIVE:PENDING::;+1_more
1441,Bedaquiline,Rv1979c,p.Tyr230Cys,missense_variant,G3,,3) Uncertain significance,protein_substitution,,primary,R,excluded,,excluded_uncertain_g3_or_unmapped_grade,2,LOSS_OF_FUNCTION|PENDING,NEGATIVE_LOF_REVIEWED,NEGATIVE:LOSS_OF_FUNCTION:RESISTANT:NEGATIVE_LOF_REVIEWED;NEGATIVE:PENDING::
1442,Bedaquiline,Rv1979c,p.Tyr230*,stop_gained,G3,,3) Uncertain significance,nonsense,,primary,R,excluded,,excluded_uncertain_g3_or_unmapped_grade,4,LOSS_OF_FUNCTION|PENDING,NEGATIVE_LOF_SIGNATURE,NEGATIVE:LOSS_OF_FUNCTION:RESISTANT:NEGATIVE_LOF_SIGNATURE;NEGATIVE:LOSS_OF_FUNCTION:RESISTANT:NEGATIVE_LOF_SIGNATURE;NEGATIVE:PENDING::;+1_more
1443,Bedaquiline,Rv1979c,p.Tyr434Cys,missense_variant,G3,,3) Uncertain significance,protein_substitution,,primary,,excluded,,excluded_uncertain_g3_or_unmapped_grade,2,FAILED|PENDING,ANALYSIS_FAILED,NEGATIVE:FAILED:UNKNOWN:ANALYSIS_FAILED;NEGATIVE:PENDING::
1444,Bedaquiline,Rv1979c,p.Tyr51Asn,missense_variant,G3,,3) Uncertain significance,protein_substitution,,primary,R,excluded,,excluded_uncertain_g3_or_unmapped_grade,2,LOSS_OF_FUNCTION|PENDING,NEGATIVE_LOF_REVIEWED,NEGATIVE:LOSS_OF_FUNCTION:RESISTANT:NEGATIVE_LOF_REVIEWED;NEGATIVE:PENDING::
1445,Bedaquiline,Rv1979c,p.Tyr71Cys,missense_variant,G3,,3) Uncertain significance,protein_substitution,,primary,,excluded,,excluded_uncertain_g3_or_unmapped_grade,2,FAILED|PENDING,ANALYSIS_FAILED,NEGATIVE:FAILED:UNKNOWN:ANALYSIS_FAILED;NEGATIVE:PENDING::
1446,Bedaquiline,Rv1979c,p.Tyr79Cys,missense_variant,G3,,3) Uncertain significance,protein_substitution,,primary,R,excluded,,excluded_uncertain_g3_or_unmapped_grade,2,LOSS_OF_FUNCTION|PENDING,NEGATIVE_LOF_REVIEWED,NEGATIVE:LOSS_OF_FUNCTION:RESISTANT:NEGATIVE_LOF_REVIEWED;NEGATIVE:PENDING::
1447,Bedaquiline,Rv1979c,p.Val108fs,frameshift,G3,,3) Uncertain significance,frameshift,,primary,,excluded,,excluded_uncertain_g3_or_unmapped_grade,0,,,
1448,Bedaquiline,Rv1979c,p.Val114fs,frameshift,G3,,3) Uncertain significance,frameshift,,primary,,excluded,,excluded_uncertain_g3_or_unmapped_grade,0,,,
1449,Bedaquiline,Rv1979c,p.Val120Leu,missense_variant,G3,,3) Uncertain significance,protein_substitution,,primary,,excluded,,excluded_uncertain_g3_or_unmapped_grade,4,FAILED|PENDING,,NEGATIVE:FAILED::;NEGATIVE:FAILED::;NEGATIVE:PENDING::;+1_more
1450,Bedaquiline,Rv1979c,p.Val136Leu,missense_variant,G3,,3) Uncertain significance,protein_substitution,,primary,,excluded,,excluded_uncertain_g3_or_unmapped_grade,4,FAILED|PENDING,,NEGATIVE:FAILED::;NEGATIVE:FAILED::;NEGATIVE:PENDING::;+1_more
1451,Bedaquiline,Rv1979c,p.Val190Ala,missense_variant,G3,,3) Uncertain significance,protein_substitution,,primary,,excluded,,excluded_uncertain_g3_or_unmapped_grade,2,FAILED|PENDING,,NEGATIVE:FAILED::;NEGATIVE:PENDING::
1452,Bedaquiline,Rv1979c,p.Val210Phe,missense_variant,G3,,3) Uncertain significance,protein_substitution,,primary,,excluded,,excluded_uncertain_g3_or_unmapped_grade,2,FAILED|PENDING,,NEGATIVE:FAILED::;NEGATIVE:PENDING::
1453,Bedaquiline,Rv1979c,p.Val273Ala,missense_variant,G3,,3) Uncertain significance,protein_substitution,,primary,,excluded,,excluded_uncertain_g3_or_unmapped_grade,2,FAILED|PENDING,,NEGATIVE:FAILED::;NEGATIVE:PENDING::
1454,Bedaquiline,Rv1979c,p.Val2Ala,missense_variant,G3,,3) Uncertain significance,protein_substitution,,primary,,excluded,,excluded_uncertain_g3_or_unmapped_grade,2,FAILED|PENDING,,NEGATIVE:FAILED::;NEGATIVE:PENDING::
1455,Bedaquiline,Rv1979c,p.Val305Asp,missense_variant,G3,,3) Uncertain significance,protein_substitution,,primary,R,excluded,,excluded_uncertain_g3_or_unmapped_grade,2,LOSS_OF_FUNCTION|PENDING,NEGATIVE_LOF_REVIEWED,NEGATIVE:LOSS_OF_FUNCTION:RESISTANT:NEGATIVE_LOF_REVIEWED;NEGATIVE:PENDING::
1456,Bedaquiline,Rv1979c,p.Val384Ile,missense_variant,G3,,3) Uncertain significance,protein_substitution,,primary,,excluded,,excluded_uncertain_g3_or_unmapped_grade,2,FAILED|PENDING,,NEGATIVE:FAILED::;NEGATIVE:PENDING::
1457,Bedaquiline,Rv1979c,p.Val416Met,missense_variant,G3,,3) Uncertain significance,protein_substitution,,primary,,excluded,,excluded_uncertain_g3_or_unmapped_grade,2,FAILED|PENDING,ANALYSIS_FAILED,NEGATIVE:FAILED:UNKNOWN:ANALYSIS_FAILED;NEGATIVE:PENDING::
1458,Bedaquiline,Rv1979c,p.Val423Ala,missense_variant,G3,,3) Uncertain significance,protein_substitution,,primary,,excluded,,excluded_uncertain_g3_or_unmapped_grade,2,FAILED|PENDING,,NEGATIVE:FAILED::;NEGATIVE:PENDING::
1459,Bedaquiline,Rv1979c,p.Val423Leu,missense_variant,G3,,3) Uncertain significance,protein_substitution,,primary,,excluded,,excluded_uncertain_g3_or_unmapped_grade,4,FAILED|PENDING,,NEGATIVE:FAILED::;NEGATIVE:FAILED::;NEGATIVE:PENDING::;+1_more
1460,Bedaquiline,Rv1979c,p.Val426Ile,missense_variant,G3,,3) Uncertain significance,protein_substitution,,primary,,excluded,,excluded_uncertain_g3_or_unmapped_grade,2,FAILED|PENDING,,NEGATIVE:FAILED::;NEGATIVE:PENDING::
1461,Bedaquiline,Rv1979c,p.Val458Ala,missense_variant,G3,,3) Uncertain significance,protein_substitution,,primary,,excluded,,excluded_uncertain_g3_or_unmapped_grade,2,FAILED|PENDING,,NEGATIVE:FAILED::;NEGATIVE:PENDING::
1462,Bedaquiline,Rv1979c,p.Val459Ile,missense_variant,G3,,3) Uncertain significance,protein_substitution,,primary,,excluded,,excluded_uncertain_g3_or_unmapped_grade,2,FAILED|PENDING,,NEGATIVE:FAILED::;NEGATIVE:PENDING::
1463,Bedaquiline,Rv1979c,p.Val52Gly,missense_variant,G3,,3) Uncertain significance,protein_substitution,,primary,R,excluded,,excluded_uncertain_g3_or_unmapped_grade,2,LOSS_OF_FUNCTION|PENDING,NEGATIVE_LOF_REVIEWED,NEGATIVE:LOSS_OF_FUNCTION:RESISTANT:NEGATIVE_LOF_REVIEWED;NEGATIVE:PENDING::
1464,Bedaquiline,Rv1979c,p.Val96fs,frameshift,G3,,3) Uncertain significance,frameshift,,primary,,excluded,,excluded_uncertain_g3_or_unmapped_grade,0,,,
1465,Bedaquiline,Rv1979c,p.Val96Ile,missense_variant,G3,,3) Uncertain significance,protein_substitution,,primary,,excluded,,excluded_uncertain_g3_or_unmapped_grade,2,FAILED|PENDING,,NEGATIVE:FAILED::;NEGATIVE:PENDING::
